design,sku,product_name,primary_category,main_image_url,main_thumb_url,photo_2_url,photo_2_type,photo_3_url,photo_3_type,photo_4_url,photo_4_type,photo_5_url,photo_5_type,current_photo_count,naming_prefix,direct_product_link,notes
0002,MB1-0002,all gave some 1,memorial and tribute,"https://res.cloudinary.com/oxygre42/image/upload/f_auto,q_auto,c_pad,b_white,w_1200,h_1200/v1788348698/0002_all_gave_some_1.png","https://res.cloudinary.com/oxygre42/image/upload/f_auto,q_auto,c_pad,b_white,w_500,h_500/v1788348698/0002_all_gave_some_1.png",,lifestyle,,detail,,scale,,alternate,1,0002_,https://mb1advancedsolutions.github.io/mb1-catalog/index.html?design=0002,
0003,MB1-0003,all gave some 2,memorial and tribute,"https://res.cloudinary.com/oxygre42/image/upload/f_auto,q_auto,c_pad,b_white,w_1200,h_1200/v1788348699/0003_all_gave_some_2.png","https://res.cloudinary.com/oxygre42/image/upload/f_auto,q_auto,c_pad,b_white,w_500,h_500/v1788348699/0003_all_gave_some_2.png",,lifestyle,,detail,,scale,,alternate,1,0003_,https://mb1advancedsolutions.github.io/mb1-catalog/index.html?design=0003,
0004,MB1-0004,all gave some 3,memorial and tribute,"https://res.cloudinary.com/oxygre42/image/upload/f_auto,q_auto,c_pad,b_white,w_1200,h_1200/v1788348702/0004_all_gave_some_3.png","https://res.cloudinary.com/oxygre42/image/upload/f_auto,q_auto,c_pad,b_white,w_500,h_500/v1788348702/0004_all_gave_some_3.png",,lifestyle,,detail,,scale,,alternate,1,0004_,https://mb1advancedsolutions.github.io/mb1-catalog/index.html?design=0004,
0005,MB1-0005,all gave some 4,memorial and tribute,"https://res.cloudinary.com/oxygre42/image/upload/f_auto,q_auto,c_pad,b_white,w_1200,h_1200/v1788348703/0005_all_gave_some_4.png","https://res.cloudinary.com/oxygre42/image/upload/f_auto,q_auto,c_pad,b_white,w_500,h_500/v1788348703/0005_all_gave_some_4.png",,lifestyle,,detail,,scale,,alternate,1,0005_,https://mb1advancedsolutions.github.io/mb1-catalog/index.html?design=0005,
0031,MB1-0031,Anchor Monogram frame,lake house and nautical,"https://res.cloudinary.com/oxygre42/image/upload/f_auto,q_auto,c_pad,b_white,w_1200,h_1200/v1788348748/0031_Anchor_Monogram_frame.png","https://res.cloudinary.com/oxygre42/image/upload/f_auto,q_auto,c_pad,b_white,w_500,h_500/v1788348748/0031_Anchor_Monogram_frame.png",,lifestyle,,detail,,scale,,alternate,1,0031_,https://mb1advancedsolutions.github.io/mb1-catalog/index.html?design=0031,
0032,MB1-0032,Good Luck anchor,lake house and nautical,"https://res.cloudinary.com/oxygre42/image/upload/f_auto,q_auto,c_pad,b_white,w_1200,h_1200/v1788348750/0032_Good_Luck_anchor.png","https://res.cloudinary.com/oxygre42/image/upload/f_auto,q_auto,c_pad,b_white,w_500,h_500/v1788348750/0032_Good_Luck_anchor.png",,lifestyle,,detail,,scale,,alternate,1,0032_,https://mb1advancedsolutions.github.io/mb1-catalog/index.html?design=0032,
0034,MB1-0034,anchor 1,lake house and nautical,"https://res.cloudinary.com/oxygre42/image/upload/f_auto,q_auto,c_pad,b_white,w_1200,h_1200/v1788348753/0034_anchor_1.png","https://res.cloudinary.com/oxygre42/image/upload/f_auto,q_auto,c_pad,b_white,w_500,h_500/v1788348753/0034_anchor_1.png",,lifestyle,,detail,,scale,,alternate,1,0034_,https://mb1advancedsolutions.github.io/mb1-catalog/index.html?design=0034,
0035,MB1-0035,anchor 2,lake house and nautical,"https://res.cloudinary.com/oxygre42/image/upload/f_auto,q_auto,c_pad,b_white,w_1200,h_1200/v1788348755/0035_anchor_2.png","https://res.cloudinary.com/oxygre42/image/upload/f_auto,q_auto,c_pad,b_white,w_500,h_500/v1788348755/0035_anchor_2.png",,lifestyle,,detail,,scale,,alternate,1,0035_,https://mb1advancedsolutions.github.io/mb1-catalog/index.html?design=0035,
0036,MB1-0036,anchor 3,lake house and nautical,"https://res.cloudinary.com/oxygre42/image/upload/f_auto,q_auto,c_pad,b_white,w_1200,h_1200/v1788348757/0036_anchor_3.png","https://res.cloudinary.com/oxygre42/image/upload/f_auto,q_auto,c_pad,b_white,w_500,h_500/v1788348757/0036_anchor_3.png",,lifestyle,,detail,,scale,,alternate,1,0036_,https://mb1advancedsolutions.github.io/mb1-catalog/index.html?design=0036,
0037,MB1-0037,anchor 4,lake house and nautical,"https://res.cloudinary.com/oxygre42/image/upload/f_auto,q_auto,c_pad,b_white,w_1200,h_1200/v1788348759/0037_anchor_4.png","https://res.cloudinary.com/oxygre42/image/upload/f_auto,q_auto,c_pad,b_white,w_500,h_500/v1788348759/0037_anchor_4.png",,lifestyle,,detail,,scale,,alternate,1,0037_,https://mb1advancedsolutions.github.io/mb1-catalog/index.html?design=0037,
0038,MB1-0038,anchor 5,lake house and nautical,"https://res.cloudinary.com/oxygre42/image/upload/f_auto,q_auto,c_pad,b_white,w_1200,h_1200/v1788348761/0038_anchor_5.png","https://res.cloudinary.com/oxygre42/image/upload/f_auto,q_auto,c_pad,b_white,w_500,h_500/v1788348761/0038_anchor_5.png",,lifestyle,,detail,,scale,,alternate,1,0038_,https://mb1advancedsolutions.github.io/mb1-catalog/index.html?design=0038,
0039,MB1-0039,anchor 6,lake house and nautical,"https://res.cloudinary.com/oxygre42/image/upload/f_auto,q_auto,c_pad,b_white,w_1200,h_1200/v1788348763/0039_anchor_6.png","https://res.cloudinary.com/oxygre42/image/upload/f_auto,q_auto,c_pad,b_white,w_500,h_500/v1788348763/0039_anchor_6.png",,lifestyle,,detail,,scale,,alternate,1,0039_,https://mb1advancedsolutions.github.io/mb1-catalog/index.html?design=0039,
0040,MB1-0040,anchor 7,lake house and nautical,"https://res.cloudinary.com/oxygre42/image/upload/f_auto,q_auto,c_pad,b_white,w_1200,h_1200/v1788348765/0040_anchor_7.png","https://res.cloudinary.com/oxygre42/image/upload/f_auto,q_auto,c_pad,b_white,w_500,h_500/v1788348765/0040_anchor_7.png",,lifestyle,,detail,,scale,,alternate,1,0040_,https://mb1advancedsolutions.github.io/mb1-catalog/index.html?design=0040,
0041,MB1-0041,anchor 8,lake house and nautical,"https://res.cloudinary.com/oxygre42/image/upload/f_auto,q_auto,c_pad,b_white,w_1200,h_1200/v1788348767/0041_anchor_8.png","https://res.cloudinary.com/oxygre42/image/upload/f_auto,q_auto,c_pad,b_white,w_500,h_500/v1788348767/0041_anchor_8.png",,lifestyle,,detail,,scale,,alternate,1,0041_,https://mb1advancedsolutions.github.io/mb1-catalog/index.html?design=0041,
0042,MB1-0042,anchor 9,lake house and nautical,"https://res.cloudinary.com/oxygre42/image/upload/f_auto,q_auto,c_pad,b_white,w_1200,h_1200/v1788348768/0042_anchor_9.png","https://res.cloudinary.com/oxygre42/image/upload/f_auto,q_auto,c_pad,b_white,w_500,h_500/v1788348768/0042_anchor_9.png",,lifestyle,,detail,,scale,,alternate,1,0042_,https://mb1advancedsolutions.github.io/mb1-catalog/index.html?design=0042,
0043,MB1-0043,BASEBALL 1,sports and hobbies,"https://res.cloudinary.com/oxygre42/image/upload/f_auto,q_auto,c_pad,b_white,w_1200,h_1200/v1788348770/0043_BASEBALL_1.png","https://res.cloudinary.com/oxygre42/image/upload/f_auto,q_auto,c_pad,b_white,w_500,h_500/v1788348770/0043_BASEBALL_1.png",,lifestyle,,detail,,scale,,alternate,1,0043_,https://mb1advancedsolutions.github.io/mb1-catalog/index.html?design=0043,
0044,MB1-0044,BASEBALL 10,sports and hobbies,"https://res.cloudinary.com/oxygre42/image/upload/f_auto,q_auto,c_pad,b_white,w_1200,h_1200/v1788348772/0044_BASEBALL_10.png","https://res.cloudinary.com/oxygre42/image/upload/f_auto,q_auto,c_pad,b_white,w_500,h_500/v1788348772/0044_BASEBALL_10.png",,lifestyle,,detail,,scale,,alternate,1,0044_,https://mb1advancedsolutions.github.io/mb1-catalog/index.html?design=0044,
0045,MB1-0045,BASEBALL 11,sports and hobbies,"https://res.cloudinary.com/oxygre42/image/upload/f_auto,q_auto,c_pad,b_white,w_1200,h_1200/v1788348774/0045_BASEBALL_11.png","https://res.cloudinary.com/oxygre42/image/upload/f_auto,q_auto,c_pad,b_white,w_500,h_500/v1788348774/0045_BASEBALL_11.png",,lifestyle,,detail,,scale,,alternate,1,0045_,https://mb1advancedsolutions.github.io/mb1-catalog/index.html?design=0045,
0046,MB1-0046,BASEBALL 12,sports and hobbies,"https://res.cloudinary.com/oxygre42/image/upload/f_auto,q_auto,c_pad,b_white,w_1200,h_1200/v1788348776/0046_BASEBALL_12.png","https://res.cloudinary.com/oxygre42/image/upload/f_auto,q_auto,c_pad,b_white,w_500,h_500/v1788348776/0046_BASEBALL_12.png",,lifestyle,,detail,,scale,,alternate,1,0046_,https://mb1advancedsolutions.github.io/mb1-catalog/index.html?design=0046,
0047,MB1-0047,BASEBALL 13,sports and hobbies,"https://res.cloudinary.com/oxygre42/image/upload/f_auto,q_auto,c_pad,b_white,w_1200,h_1200/v1788348778/0047_BASEBALL_13.png","https://res.cloudinary.com/oxygre42/image/upload/f_auto,q_auto,c_pad,b_white,w_500,h_500/v1788348778/0047_BASEBALL_13.png",,lifestyle,,detail,,scale,,alternate,1,0047_,https://mb1advancedsolutions.github.io/mb1-catalog/index.html?design=0047,
0048,MB1-0048,BASEBALL 2,sports and hobbies,"https://res.cloudinary.com/oxygre42/image/upload/f_auto,q_auto,c_pad,b_white,w_1200,h_1200/v1788348780/0048_BASEBALL_2.png","https://res.cloudinary.com/oxygre42/image/upload/f_auto,q_auto,c_pad,b_white,w_500,h_500/v1788348780/0048_BASEBALL_2.png",,lifestyle,,detail,,scale,,alternate,1,0048_,https://mb1advancedsolutions.github.io/mb1-catalog/index.html?design=0048,
0049,MB1-0049,BASEBALL 3,sports and hobbies,"https://res.cloudinary.com/oxygre42/image/upload/f_auto,q_auto,c_pad,b_white,w_1200,h_1200/v1788348782/0049_BASEBALL_3.png","https://res.cloudinary.com/oxygre42/image/upload/f_auto,q_auto,c_pad,b_white,w_500,h_500/v1788348782/0049_BASEBALL_3.png",,lifestyle,,detail,,scale,,alternate,1,0049_,https://mb1advancedsolutions.github.io/mb1-catalog/index.html?design=0049,
0050,MB1-0050,BASEBALL 4,sports and hobbies,"https://res.cloudinary.com/oxygre42/image/upload/f_auto,q_auto,c_pad,b_white,w_1200,h_1200/v1788348784/0050_BASEBALL_4.png","https://res.cloudinary.com/oxygre42/image/upload/f_auto,q_auto,c_pad,b_white,w_500,h_500/v1788348784/0050_BASEBALL_4.png",,lifestyle,,detail,,scale,,alternate,1,0050_,https://mb1advancedsolutions.github.io/mb1-catalog/index.html?design=0050,
0051,MB1-0051,BASEBALL 5,sports and hobbies,"https://res.cloudinary.com/oxygre42/image/upload/f_auto,q_auto,c_pad,b_white,w_1200,h_1200/v1788348786/0051_BASEBALL_5.png","https://res.cloudinary.com/oxygre42/image/upload/f_auto,q_auto,c_pad,b_white,w_500,h_500/v1788348786/0051_BASEBALL_5.png",,lifestyle,,detail,,scale,,alternate,1,0051_,https://mb1advancedsolutions.github.io/mb1-catalog/index.html?design=0051,
0052,MB1-0052,BASEBALL 6,sports and hobbies,"https://res.cloudinary.com/oxygre42/image/upload/f_auto,q_auto,c_pad,b_white,w_1200,h_1200/v1788348788/0052_BASEBALL_6.png","https://res.cloudinary.com/oxygre42/image/upload/f_auto,q_auto,c_pad,b_white,w_500,h_500/v1788348788/0052_BASEBALL_6.png",,lifestyle,,detail,,scale,,alternate,1,0052_,https://mb1advancedsolutions.github.io/mb1-catalog/index.html?design=0052,
0053,MB1-0053,BASEBALL 7,sports and hobbies,"https://res.cloudinary.com/oxygre42/image/upload/f_auto,q_auto,c_pad,b_white,w_1200,h_1200/v1788348790/0053_BASEBALL_7.png","https://res.cloudinary.com/oxygre42/image/upload/f_auto,q_auto,c_pad,b_white,w_500,h_500/v1788348790/0053_BASEBALL_7.png",,lifestyle,,detail,,scale,,alternate,1,0053_,https://mb1advancedsolutions.github.io/mb1-catalog/index.html?design=0053,
0054,MB1-0054,BASEBALL 8,sports and hobbies,"https://res.cloudinary.com/oxygre42/image/upload/f_auto,q_auto,c_pad,b_white,w_1200,h_1200/v1788348791/0054_BASEBALL_8.png","https://res.cloudinary.com/oxygre42/image/upload/f_auto,q_auto,c_pad,b_white,w_500,h_500/v1788348791/0054_BASEBALL_8.png",,lifestyle,,detail,,scale,,alternate,1,0054_,https://mb1advancedsolutions.github.io/mb1-catalog/index.html?design=0054,
0055,MB1-0055,BASEBALL 9,sports and hobbies,"https://res.cloudinary.com/oxygre42/image/upload/f_auto,q_auto,c_pad,b_white,w_1200,h_1200/v1788348793/0055_BASEBALL_9.png","https://res.cloudinary.com/oxygre42/image/upload/f_auto,q_auto,c_pad,b_white,w_500,h_500/v1788348793/0055_BASEBALL_9.png",,lifestyle,,detail,,scale,,alternate,1,0055_,https://mb1advancedsolutions.github.io/mb1-catalog/index.html?design=0055,
0056,MB1-0056,BBQ GRILL 1,sports and hobbies,"https://res.cloudinary.com/oxygre42/image/upload/f_auto,q_auto,c_pad,b_white,w_1200,h_1200/v1788348795/0056_BBQ_GRILL_1.png","https://res.cloudinary.com/oxygre42/image/upload/f_auto,q_auto,c_pad,b_white,w_500,h_500/v1788348795/0056_BBQ_GRILL_1.png",,lifestyle,,detail,,scale,,alternate,1,0056_,https://mb1advancedsolutions.github.io/mb1-catalog/index.html?design=0056,
0057,MB1-0057,BBQ GRILL 10,sports and hobbies,"https://res.cloudinary.com/oxygre42/image/upload/f_auto,q_auto,c_pad,b_white,w_1200,h_1200/v1788348797/0057_BBQ_GRILL_10.png","https://res.cloudinary.com/oxygre42/image/upload/f_auto,q_auto,c_pad,b_white,w_500,h_500/v1788348797/0057_BBQ_GRILL_10.png",,lifestyle,,detail,,scale,,alternate,1,0057_,https://mb1advancedsolutions.github.io/mb1-catalog/index.html?design=0057,
0058,MB1-0058,BBQ GRILL 11,sports and hobbies,"https://res.cloudinary.com/oxygre42/image/upload/f_auto,q_auto,c_pad,b_white,w_1200,h_1200/v1788348799/0058_BBQ_GRILL_11.png","https://res.cloudinary.com/oxygre42/image/upload/f_auto,q_auto,c_pad,b_white,w_500,h_500/v1788348799/0058_BBQ_GRILL_11.png",,lifestyle,,detail,,scale,,alternate,1,0058_,https://mb1advancedsolutions.github.io/mb1-catalog/index.html?design=0058,
0059,MB1-0059,BBQ GRILL 12,sports and hobbies,"https://res.cloudinary.com/oxygre42/image/upload/f_auto,q_auto,c_pad,b_white,w_1200,h_1200/v1788348801/0059_BBQ_GRILL_12.png","https://res.cloudinary.com/oxygre42/image/upload/f_auto,q_auto,c_pad,b_white,w_500,h_500/v1788348801/0059_BBQ_GRILL_12.png",,lifestyle,,detail,,scale,,alternate,1,0059_,https://mb1advancedsolutions.github.io/mb1-catalog/index.html?design=0059,
0060,MB1-0060,BBQ GRILL 13,sports and hobbies,"https://res.cloudinary.com/oxygre42/image/upload/f_auto,q_auto,c_pad,b_white,w_1200,h_1200/v1788348802/0060_BBQ_GRILL_13.png","https://res.cloudinary.com/oxygre42/image/upload/f_auto,q_auto,c_pad,b_white,w_500,h_500/v1788348802/0060_BBQ_GRILL_13.png",,lifestyle,,detail,,scale,,alternate,1,0060_,https://mb1advancedsolutions.github.io/mb1-catalog/index.html?design=0060,
0061,MB1-0061,BBQ GRILL 14,sports and hobbies,"https://res.cloudinary.com/oxygre42/image/upload/f_auto,q_auto,c_pad,b_white,w_1200,h_1200/v1788348804/0061_BBQ_GRILL_14.png","https://res.cloudinary.com/oxygre42/image/upload/f_auto,q_auto,c_pad,b_white,w_500,h_500/v1788348804/0061_BBQ_GRILL_14.png",,lifestyle,,detail,,scale,,alternate,1,0061_,https://mb1advancedsolutions.github.io/mb1-catalog/index.html?design=0061,
0062,MB1-0062,BBQ GRILL 2,sports and hobbies,"https://res.cloudinary.com/oxygre42/image/upload/f_auto,q_auto,c_pad,b_white,w_1200,h_1200/v1788348806/0062_BBQ_GRILL_2.png","https://res.cloudinary.com/oxygre42/image/upload/f_auto,q_auto,c_pad,b_white,w_500,h_500/v1788348806/0062_BBQ_GRILL_2.png",,lifestyle,,detail,,scale,,alternate,1,0062_,https://mb1advancedsolutions.github.io/mb1-catalog/index.html?design=0062,
0063,MB1-0063,BBQ GRILL 3,sports and hobbies,"https://res.cloudinary.com/oxygre42/image/upload/f_auto,q_auto,c_pad,b_white,w_1200,h_1200/v1788348808/0063_BBQ_GRILL_3.png","https://res.cloudinary.com/oxygre42/image/upload/f_auto,q_auto,c_pad,b_white,w_500,h_500/v1788348808/0063_BBQ_GRILL_3.png",,lifestyle,,detail,,scale,,alternate,1,0063_,https://mb1advancedsolutions.github.io/mb1-catalog/index.html?design=0063,
0064,MB1-0064,BBQ GRILL 4,sports and hobbies,"https://res.cloudinary.com/oxygre42/image/upload/f_auto,q_auto,c_pad,b_white,w_1200,h_1200/v1788348811/0064_BBQ_GRILL_4.png","https://res.cloudinary.com/oxygre42/image/upload/f_auto,q_auto,c_pad,b_white,w_500,h_500/v1788348811/0064_BBQ_GRILL_4.png",,lifestyle,,detail,,scale,,alternate,1,0064_,https://mb1advancedsolutions.github.io/mb1-catalog/index.html?design=0064,
0065,MB1-0065,BBQ GRILL 5,sports and hobbies,"https://res.cloudinary.com/oxygre42/image/upload/f_auto,q_auto,c_pad,b_white,w_1200,h_1200/v1788348812/0065_BBQ_GRILL_5.png","https://res.cloudinary.com/oxygre42/image/upload/f_auto,q_auto,c_pad,b_white,w_500,h_500/v1788348812/0065_BBQ_GRILL_5.png",,lifestyle,,detail,,scale,,alternate,1,0065_,https://mb1advancedsolutions.github.io/mb1-catalog/index.html?design=0065,
0066,MB1-0066,BBQ GRILL 6,sports and hobbies,"https://res.cloudinary.com/oxygre42/image/upload/f_auto,q_auto,c_pad,b_white,w_1200,h_1200/v1788348814/0066_BBQ_GRILL_6.png","https://res.cloudinary.com/oxygre42/image/upload/f_auto,q_auto,c_pad,b_white,w_500,h_500/v1788348814/0066_BBQ_GRILL_6.png",,lifestyle,,detail,,scale,,alternate,1,0066_,https://mb1advancedsolutions.github.io/mb1-catalog/index.html?design=0066,
0067,MB1-0067,BBQ GRILL 7,sports and hobbies,"https://res.cloudinary.com/oxygre42/image/upload/f_auto,q_auto,c_pad,b_white,w_1200,h_1200/v1788348816/0067_BBQ_GRILL_7.png","https://res.cloudinary.com/oxygre42/image/upload/f_auto,q_auto,c_pad,b_white,w_500,h_500/v1788348816/0067_BBQ_GRILL_7.png",,lifestyle,,detail,,scale,,alternate,1,0067_,https://mb1advancedsolutions.github.io/mb1-catalog/index.html?design=0067,
0068,MB1-0068,BBQ GRILL 8,sports and hobbies,"https://res.cloudinary.com/oxygre42/image/upload/f_auto,q_auto,c_pad,b_white,w_1200,h_1200/v1788348818/0068_BBQ_GRILL_8.png","https://res.cloudinary.com/oxygre42/image/upload/f_auto,q_auto,c_pad,b_white,w_500,h_500/v1788348818/0068_BBQ_GRILL_8.png",,lifestyle,,detail,,scale,,alternate,1,0068_,https://mb1advancedsolutions.github.io/mb1-catalog/index.html?design=0068,
0069,MB1-0069,BBQ GRILL 9,sports and hobbies,"https://res.cloudinary.com/oxygre42/image/upload/f_auto,q_auto,c_pad,b_white,w_1200,h_1200/v1788348819/0069_BBQ_GRILL_9.png","https://res.cloudinary.com/oxygre42/image/upload/f_auto,q_auto,c_pad,b_white,w_500,h_500/v1788348819/0069_BBQ_GRILL_9.png",,lifestyle,,detail,,scale,,alternate,1,0069_,https://mb1advancedsolutions.github.io/mb1-catalog/index.html?design=0069,
0070,MB1-0070,Bee Honeycomb 1,wildlife and outdoors,"https://res.cloudinary.com/oxygre42/image/upload/f_auto,q_auto,c_pad,b_white,w_1200,h_1200/v1788348821/0070_Bee_Honeycomb_1.png","https://res.cloudinary.com/oxygre42/image/upload/f_auto,q_auto,c_pad,b_white,w_500,h_500/v1788348821/0070_Bee_Honeycomb_1.png",,lifestyle,,detail,,scale,,alternate,1,0070_,https://mb1advancedsolutions.github.io/mb1-catalog/index.html?design=0070,
0071,MB1-0071,Bee Honeycomb 2,wildlife and outdoors,"https://res.cloudinary.com/oxygre42/image/upload/f_auto,q_auto,c_pad,b_white,w_1200,h_1200/v1788348823/0071_Bee_Honeycomb_2.png","https://res.cloudinary.com/oxygre42/image/upload/f_auto,q_auto,c_pad,b_white,w_500,h_500/v1788348823/0071_Bee_Honeycomb_2.png",,lifestyle,,detail,,scale,,alternate,1,0071_,https://mb1advancedsolutions.github.io/mb1-catalog/index.html?design=0071,
0072,MB1-0072,Bee Honeycomb 3,wildlife and outdoors,"https://res.cloudinary.com/oxygre42/image/upload/f_auto,q_auto,c_pad,b_white,w_1200,h_1200/v1788348825/0072_Bee_Honeycomb_3.png","https://res.cloudinary.com/oxygre42/image/upload/f_auto,q_auto,c_pad,b_white,w_500,h_500/v1788348825/0072_Bee_Honeycomb_3.png",,lifestyle,,detail,,scale,,alternate,1,0072_,https://mb1advancedsolutions.github.io/mb1-catalog/index.html?design=0072,
0073,MB1-0073,Bee Honeycomb 4,wildlife and outdoors,"https://res.cloudinary.com/oxygre42/image/upload/f_auto,q_auto,c_pad,b_white,w_1200,h_1200/v1788348827/0073_Bee_Honeycomb_4.png","https://res.cloudinary.com/oxygre42/image/upload/f_auto,q_auto,c_pad,b_white,w_500,h_500/v1788348827/0073_Bee_Honeycomb_4.png",,lifestyle,,detail,,scale,,alternate,1,0073_,https://mb1advancedsolutions.github.io/mb1-catalog/index.html?design=0073,
0074,MB1-0074,Bee Honeycomb 5,wildlife and outdoors,"https://res.cloudinary.com/oxygre42/image/upload/f_auto,q_auto,c_pad,b_white,w_1200,h_1200/v1788348829/0074_Bee_Honeycomb_5.png","https://res.cloudinary.com/oxygre42/image/upload/f_auto,q_auto,c_pad,b_white,w_500,h_500/v1788348829/0074_Bee_Honeycomb_5.png",,lifestyle,,detail,,scale,,alternate,1,0074_,https://mb1advancedsolutions.github.io/mb1-catalog/index.html?design=0074,
0075,MB1-0075,Bee Honeycomb 6,wildlife and outdoors,"https://res.cloudinary.com/oxygre42/image/upload/f_auto,q_auto,c_pad,b_white,w_1200,h_1200/v1788348831/0075_Bee_Honeycomb_6.png","https://res.cloudinary.com/oxygre42/image/upload/f_auto,q_auto,c_pad,b_white,w_500,h_500/v1788348831/0075_Bee_Honeycomb_6.png",,lifestyle,,detail,,scale,,alternate,1,0075_,https://mb1advancedsolutions.github.io/mb1-catalog/index.html?design=0075,
0076,MB1-0076,Bees and Honeycomb 01,wildlife and outdoors,"https://res.cloudinary.com/oxygre42/image/upload/f_auto,q_auto,c_pad,b_white,w_1200,h_1200/v1788348833/0076_Bees_and_Honeycomb_01.png","https://res.cloudinary.com/oxygre42/image/upload/f_auto,q_auto,c_pad,b_white,w_500,h_500/v1788348833/0076_Bees_and_Honeycomb_01.png",,lifestyle,,detail,,scale,,alternate,1,0076_,https://mb1advancedsolutions.github.io/mb1-catalog/index.html?design=0076,
0077,MB1-0077,Bees and Honeycomb 02,wildlife and outdoors,"https://res.cloudinary.com/oxygre42/image/upload/f_auto,q_auto,c_pad,b_white,w_1200,h_1200/v1788348835/0077_Bees_and_Honeycomb_02.png","https://res.cloudinary.com/oxygre42/image/upload/f_auto,q_auto,c_pad,b_white,w_500,h_500/v1788348835/0077_Bees_and_Honeycomb_02.png",,lifestyle,,detail,,scale,,alternate,1,0077_,https://mb1advancedsolutions.github.io/mb1-catalog/index.html?design=0077,
0078,MB1-0078,Bees and Honeycomb 03,wildlife and outdoors,"https://res.cloudinary.com/oxygre42/image/upload/f_auto,q_auto,c_pad,b_white,w_1200,h_1200/v1788348837/0078_Bees_and_Honeycomb_03.png","https://res.cloudinary.com/oxygre42/image/upload/f_auto,q_auto,c_pad,b_white,w_500,h_500/v1788348837/0078_Bees_and_Honeycomb_03.png",,lifestyle,,detail,,scale,,alternate,1,0078_,https://mb1advancedsolutions.github.io/mb1-catalog/index.html?design=0078,
0079,MB1-0079,Bees and Honeycomb 04,wildlife and outdoors,"https://res.cloudinary.com/oxygre42/image/upload/f_auto,q_auto,c_pad,b_white,w_1200,h_1200/v1788348838/0079_Bees_and_Honeycomb_04.png","https://res.cloudinary.com/oxygre42/image/upload/f_auto,q_auto,c_pad,b_white,w_500,h_500/v1788348838/0079_Bees_and_Honeycomb_04.png",,lifestyle,,detail,,scale,,alternate,1,0079_,https://mb1advancedsolutions.github.io/mb1-catalog/index.html?design=0079,
0080,MB1-0080,Bees and Honeycomb 05,wildlife and outdoors,"https://res.cloudinary.com/oxygre42/image/upload/f_auto,q_auto,c_pad,b_white,w_1200,h_1200/v1788348840/0080_Bees_and_Honeycomb_05.png","https://res.cloudinary.com/oxygre42/image/upload/f_auto,q_auto,c_pad,b_white,w_500,h_500/v1788348840/0080_Bees_and_Honeycomb_05.png",,lifestyle,,detail,,scale,,alternate,1,0080_,https://mb1advancedsolutions.github.io/mb1-catalog/index.html?design=0080,
0081,MB1-0081,Bees and Honeycomb 06,wildlife and outdoors,"https://res.cloudinary.com/oxygre42/image/upload/f_auto,q_auto,c_pad,b_white,w_1200,h_1200/v1788348842/0081_Bees_and_Honeycomb_06.png","https://res.cloudinary.com/oxygre42/image/upload/f_auto,q_auto,c_pad,b_white,w_500,h_500/v1788348842/0081_Bees_and_Honeycomb_06.png",,lifestyle,,detail,,scale,,alternate,1,0081_,https://mb1advancedsolutions.github.io/mb1-catalog/index.html?design=0081,
0082,MB1-0082,Bees and Honeycomb 07,wildlife and outdoors,"https://res.cloudinary.com/oxygre42/image/upload/f_auto,q_auto,c_pad,b_white,w_1200,h_1200/v1788348844/0082_Bees_and_Honeycomb_07.png","https://res.cloudinary.com/oxygre42/image/upload/f_auto,q_auto,c_pad,b_white,w_500,h_500/v1788348844/0082_Bees_and_Honeycomb_07.png",,lifestyle,,detail,,scale,,alternate,1,0082_,https://mb1advancedsolutions.github.io/mb1-catalog/index.html?design=0082,
0083,MB1-0083,Bees and Honeycomb 08,wildlife and outdoors,"https://res.cloudinary.com/oxygre42/image/upload/f_auto,q_auto,c_pad,b_white,w_1200,h_1200/v1788348846/0083_Bees_and_Honeycomb_08.png","https://res.cloudinary.com/oxygre42/image/upload/f_auto,q_auto,c_pad,b_white,w_500,h_500/v1788348846/0083_Bees_and_Honeycomb_08.png",,lifestyle,,detail,,scale,,alternate,1,0083_,https://mb1advancedsolutions.github.io/mb1-catalog/index.html?design=0083,
0084,MB1-0084,Bees and Honeycomb 09,wildlife and outdoors,"https://res.cloudinary.com/oxygre42/image/upload/f_auto,q_auto,c_pad,b_white,w_1200,h_1200/v1788348848/0084_Bees_and_Honeycomb_09.png","https://res.cloudinary.com/oxygre42/image/upload/f_auto,q_auto,c_pad,b_white,w_500,h_500/v1788348848/0084_Bees_and_Honeycomb_09.png",,lifestyle,,detail,,scale,,alternate,1,0084_,https://mb1advancedsolutions.github.io/mb1-catalog/index.html?design=0084,
0085,MB1-0085,Bees and Honeycomb 10,wildlife and outdoors,"https://res.cloudinary.com/oxygre42/image/upload/f_auto,q_auto,c_pad,b_white,w_1200,h_1200/v1788348850/0085_Bees_and_Honeycomb_10.png","https://res.cloudinary.com/oxygre42/image/upload/f_auto,q_auto,c_pad,b_white,w_500,h_500/v1788348850/0085_Bees_and_Honeycomb_10.png",,lifestyle,,detail,,scale,,alternate,1,0085_,https://mb1advancedsolutions.github.io/mb1-catalog/index.html?design=0085,
0086,MB1-0086,Bees and Honeycomb 11,wildlife and outdoors,"https://res.cloudinary.com/oxygre42/image/upload/f_auto,q_auto,c_pad,b_white,w_1200,h_1200/v1788348852/0086_Bees_and_Honeycomb_11.png","https://res.cloudinary.com/oxygre42/image/upload/f_auto,q_auto,c_pad,b_white,w_500,h_500/v1788348852/0086_Bees_and_Honeycomb_11.png",,lifestyle,,detail,,scale,,alternate,1,0086_,https://mb1advancedsolutions.github.io/mb1-catalog/index.html?design=0086,
0087,MB1-0087,Bees and Honeycomb 12,wildlife and outdoors,"https://res.cloudinary.com/oxygre42/image/upload/f_auto,q_auto,c_pad,b_white,w_1200,h_1200/v1788348854/0087_Bees_and_Honeycomb_12.png","https://res.cloudinary.com/oxygre42/image/upload/f_auto,q_auto,c_pad,b_white,w_500,h_500/v1788348854/0087_Bees_and_Honeycomb_12.png",,lifestyle,,detail,,scale,,alternate,1,0087_,https://mb1advancedsolutions.github.io/mb1-catalog/index.html?design=0087,
0088,MB1-0088,Bees and Honeycomb 13,wildlife and outdoors,"https://res.cloudinary.com/oxygre42/image/upload/f_auto,q_auto,c_pad,b_white,w_1200,h_1200/v1788348855/0088_Bees_and_Honeycomb_13.png","https://res.cloudinary.com/oxygre42/image/upload/f_auto,q_auto,c_pad,b_white,w_500,h_500/v1788348855/0088_Bees_and_Honeycomb_13.png",,lifestyle,,detail,,scale,,alternate,1,0088_,https://mb1advancedsolutions.github.io/mb1-catalog/index.html?design=0088,
0089,MB1-0089,Bees and Honeycomb 14,wildlife and outdoors,"https://res.cloudinary.com/oxygre42/image/upload/f_auto,q_auto,c_pad,b_white,w_1200,h_1200/v1788348857/0089_Bees_and_Honeycomb_14.png","https://res.cloudinary.com/oxygre42/image/upload/f_auto,q_auto,c_pad,b_white,w_500,h_500/v1788348857/0089_Bees_and_Honeycomb_14.png",,lifestyle,,detail,,scale,,alternate,1,0089_,https://mb1advancedsolutions.github.io/mb1-catalog/index.html?design=0089,
0090,MB1-0090,Bees and Honeycomb 15,wildlife and outdoors,"https://res.cloudinary.com/oxygre42/image/upload/f_auto,q_auto,c_pad,b_white,w_1200,h_1200/v1788348859/0090_Bees_and_Honeycomb_15.png","https://res.cloudinary.com/oxygre42/image/upload/f_auto,q_auto,c_pad,b_white,w_500,h_500/v1788348859/0090_Bees_and_Honeycomb_15.png",,lifestyle,,detail,,scale,,alternate,1,0090_,https://mb1advancedsolutions.github.io/mb1-catalog/index.html?design=0090,
0091,MB1-0091,Bees and Honeycomb 16,wildlife and outdoors,"https://res.cloudinary.com/oxygre42/image/upload/f_auto,q_auto,c_pad,b_white,w_1200,h_1200/v1788348861/0091_Bees_and_Honeycomb_16.png","https://res.cloudinary.com/oxygre42/image/upload/f_auto,q_auto,c_pad,b_white,w_500,h_500/v1788348861/0091_Bees_and_Honeycomb_16.png",,lifestyle,,detail,,scale,,alternate,1,0091_,https://mb1advancedsolutions.github.io/mb1-catalog/index.html?design=0091,
0092,MB1-0092,Bees and Honeycomb 17,wildlife and outdoors,"https://res.cloudinary.com/oxygre42/image/upload/f_auto,q_auto,c_pad,b_white,w_1200,h_1200/v1788348863/0092_Bees_and_Honeycomb_17.png","https://res.cloudinary.com/oxygre42/image/upload/f_auto,q_auto,c_pad,b_white,w_500,h_500/v1788348863/0092_Bees_and_Honeycomb_17.png",,lifestyle,,detail,,scale,,alternate,1,0092_,https://mb1advancedsolutions.github.io/mb1-catalog/index.html?design=0092,
0093,MB1-0093,Bees and Honeycomb 18,wildlife and outdoors,"https://res.cloudinary.com/oxygre42/image/upload/f_auto,q_auto,c_pad,b_white,w_1200,h_1200/v1788348865/0093_Bees_and_Honeycomb_18.png","https://res.cloudinary.com/oxygre42/image/upload/f_auto,q_auto,c_pad,b_white,w_500,h_500/v1788348865/0093_Bees_and_Honeycomb_18.png",,lifestyle,,detail,,scale,,alternate,1,0093_,https://mb1advancedsolutions.github.io/mb1-catalog/index.html?design=0093,
0094,MB1-0094,Bees and Honeycomb 19,wildlife and outdoors,"https://res.cloudinary.com/oxygre42/image/upload/f_auto,q_auto,c_pad,b_white,w_1200,h_1200/v1788348867/0094_Bees_and_Honeycomb_19.png","https://res.cloudinary.com/oxygre42/image/upload/f_auto,q_auto,c_pad,b_white,w_500,h_500/v1788348867/0094_Bees_and_Honeycomb_19.png",,lifestyle,,detail,,scale,,alternate,1,0094_,https://mb1advancedsolutions.github.io/mb1-catalog/index.html?design=0094,
0095,MB1-0095,Bees and Honeycomb 20,wildlife and outdoors,"https://res.cloudinary.com/oxygre42/image/upload/f_auto,q_auto,c_pad,b_white,w_1200,h_1200/v1788348869/0095_Bees_and_Honeycomb_20.png","https://res.cloudinary.com/oxygre42/image/upload/f_auto,q_auto,c_pad,b_white,w_500,h_500/v1788348869/0095_Bees_and_Honeycomb_20.png",,lifestyle,,detail,,scale,,alternate,1,0095_,https://mb1advancedsolutions.github.io/mb1-catalog/index.html?design=0095,
0096,MB1-0096,Bees and Honeycomb 21,wildlife and outdoors,"https://res.cloudinary.com/oxygre42/image/upload/f_auto,q_auto,c_pad,b_white,w_1200,h_1200/v1788348871/0096_Bees_and_Honeycomb_21.png","https://res.cloudinary.com/oxygre42/image/upload/f_auto,q_auto,c_pad,b_white,w_500,h_500/v1788348871/0096_Bees_and_Honeycomb_21.png",,lifestyle,,detail,,scale,,alternate,1,0096_,https://mb1advancedsolutions.github.io/mb1-catalog/index.html?design=0096,
0097,MB1-0097,Bees and Honeycomb 22,wildlife and outdoors,"https://res.cloudinary.com/oxygre42/image/upload/f_auto,q_auto,c_pad,b_white,w_1200,h_1200/v1788348872/0097_Bees_and_Honeycomb_22.png","https://res.cloudinary.com/oxygre42/image/upload/f_auto,q_auto,c_pad,b_white,w_500,h_500/v1788348872/0097_Bees_and_Honeycomb_22.png",,lifestyle,,detail,,scale,,alternate,1,0097_,https://mb1advancedsolutions.github.io/mb1-catalog/index.html?design=0097,
0098,MB1-0098,Bees and Honeycomb 23,wildlife and outdoors,"https://res.cloudinary.com/oxygre42/image/upload/f_auto,q_auto,c_pad,b_white,w_1200,h_1200/v1788348874/0098_Bees_and_Honeycomb_23.png","https://res.cloudinary.com/oxygre42/image/upload/f_auto,q_auto,c_pad,b_white,w_500,h_500/v1788348874/0098_Bees_and_Honeycomb_23.png",,lifestyle,,detail,,scale,,alternate,1,0098_,https://mb1advancedsolutions.github.io/mb1-catalog/index.html?design=0098,
0099,MB1-0099,Bees and Honeycomb 24,wildlife and outdoors,"https://res.cloudinary.com/oxygre42/image/upload/f_auto,q_auto,c_pad,b_white,w_1200,h_1200/v1788348876/0099_Bees_and_Honeycomb_24.png","https://res.cloudinary.com/oxygre42/image/upload/f_auto,q_auto,c_pad,b_white,w_500,h_500/v1788348876/0099_Bees_and_Honeycomb_24.png",,lifestyle,,detail,,scale,,alternate,1,0099_,https://mb1advancedsolutions.github.io/mb1-catalog/index.html?design=0099,
0100,MB1-0100,Bees and Honeycomb 25,wildlife and outdoors,"https://res.cloudinary.com/oxygre42/image/upload/f_auto,q_auto,c_pad,b_white,w_1200,h_1200/v1788348878/0100_Bees_and_Honeycomb_25.png","https://res.cloudinary.com/oxygre42/image/upload/f_auto,q_auto,c_pad,b_white,w_500,h_500/v1788348878/0100_Bees_and_Honeycomb_25.png",,lifestyle,,detail,,scale,,alternate,1,0100_,https://mb1advancedsolutions.github.io/mb1-catalog/index.html?design=0100,
0101,MB1-0101,Bees and Honeycomb 26,wildlife and outdoors,"https://res.cloudinary.com/oxygre42/image/upload/f_auto,q_auto,c_pad,b_white,w_1200,h_1200/v1788348880/0101_Bees_and_Honeycomb_26.png","https://res.cloudinary.com/oxygre42/image/upload/f_auto,q_auto,c_pad,b_white,w_500,h_500/v1788348880/0101_Bees_and_Honeycomb_26.png",,lifestyle,,detail,,scale,,alternate,1,0101_,https://mb1advancedsolutions.github.io/mb1-catalog/index.html?design=0101,
0102,MB1-0102,Bees and Honeycomb 27,wildlife and outdoors,"https://res.cloudinary.com/oxygre42/image/upload/f_auto,q_auto,c_pad,b_white,w_1200,h_1200/v1788348882/0102_Bees_and_Honeycomb_27.png","https://res.cloudinary.com/oxygre42/image/upload/f_auto,q_auto,c_pad,b_white,w_500,h_500/v1788348882/0102_Bees_and_Honeycomb_27.png",,lifestyle,,detail,,scale,,alternate,1,0102_,https://mb1advancedsolutions.github.io/mb1-catalog/index.html?design=0102,
0103,MB1-0103,Bees and Honeycomb 28,wildlife and outdoors,"https://res.cloudinary.com/oxygre42/image/upload/f_auto,q_auto,c_pad,b_white,w_1200,h_1200/v1788348884/0103_Bees_and_Honeycomb_28.png","https://res.cloudinary.com/oxygre42/image/upload/f_auto,q_auto,c_pad,b_white,w_500,h_500/v1788348884/0103_Bees_and_Honeycomb_28.png",,lifestyle,,detail,,scale,,alternate,1,0103_,https://mb1advancedsolutions.github.io/mb1-catalog/index.html?design=0103,
0104,MB1-0104,Bees and Honeycomb 29,wildlife and outdoors,"https://res.cloudinary.com/oxygre42/image/upload/f_auto,q_auto,c_pad,b_white,w_1200,h_1200/v1788348885/0104_Bees_and_Honeycomb_29.png","https://res.cloudinary.com/oxygre42/image/upload/f_auto,q_auto,c_pad,b_white,w_500,h_500/v1788348885/0104_Bees_and_Honeycomb_29.png",,lifestyle,,detail,,scale,,alternate,1,0104_,https://mb1advancedsolutions.github.io/mb1-catalog/index.html?design=0104,
0105,MB1-0105,Bees and Honeycomb 30,wildlife and outdoors,"https://res.cloudinary.com/oxygre42/image/upload/f_auto,q_auto,c_pad,b_white,w_1200,h_1200/v1788348887/0105_Bees_and_Honeycomb_30.png","https://res.cloudinary.com/oxygre42/image/upload/f_auto,q_auto,c_pad,b_white,w_500,h_500/v1788348887/0105_Bees_and_Honeycomb_30.png",,lifestyle,,detail,,scale,,alternate,1,0105_,https://mb1advancedsolutions.github.io/mb1-catalog/index.html?design=0105,
0106,MB1-0106,CAR FRONT END 1,garage and workshop,"https://res.cloudinary.com/oxygre42/image/upload/f_auto,q_auto,c_pad,b_white,w_1200,h_1200/v1788348889/0106_CAR_FRONT_END_1.png","https://res.cloudinary.com/oxygre42/image/upload/f_auto,q_auto,c_pad,b_white,w_500,h_500/v1788348889/0106_CAR_FRONT_END_1.png",,lifestyle,,detail,,scale,,alternate,1,0106_,https://mb1advancedsolutions.github.io/mb1-catalog/index.html?design=0106,
0107,MB1-0107,CAR FRONT END 10,garage and workshop,"https://res.cloudinary.com/oxygre42/image/upload/f_auto,q_auto,c_pad,b_white,w_1200,h_1200/v1788348891/0107_CAR_FRONT_END_10.png","https://res.cloudinary.com/oxygre42/image/upload/f_auto,q_auto,c_pad,b_white,w_500,h_500/v1788348891/0107_CAR_FRONT_END_10.png",,lifestyle,,detail,,scale,,alternate,1,0107_,https://mb1advancedsolutions.github.io/mb1-catalog/index.html?design=0107,
0108,MB1-0108,CAR FRONT END 11,garage and workshop,"https://res.cloudinary.com/oxygre42/image/upload/f_auto,q_auto,c_pad,b_white,w_1200,h_1200/v1788348893/0108_CAR_FRONT_END_11.png","https://res.cloudinary.com/oxygre42/image/upload/f_auto,q_auto,c_pad,b_white,w_500,h_500/v1788348893/0108_CAR_FRONT_END_11.png",,lifestyle,,detail,,scale,,alternate,1,0108_,https://mb1advancedsolutions.github.io/mb1-catalog/index.html?design=0108,
0109,MB1-0109,CAR FRONT END 12,garage and workshop,"https://res.cloudinary.com/oxygre42/image/upload/f_auto,q_auto,c_pad,b_white,w_1200,h_1200/v1788348895/0109_CAR_FRONT_END_12.png","https://res.cloudinary.com/oxygre42/image/upload/f_auto,q_auto,c_pad,b_white,w_500,h_500/v1788348895/0109_CAR_FRONT_END_12.png",,lifestyle,,detail,,scale,,alternate,1,0109_,https://mb1advancedsolutions.github.io/mb1-catalog/index.html?design=0109,
0110,MB1-0110,CAR FRONT END 13,garage and workshop,"https://res.cloudinary.com/oxygre42/image/upload/f_auto,q_auto,c_pad,b_white,w_1200,h_1200/v1788348897/0110_CAR_FRONT_END_13.png","https://res.cloudinary.com/oxygre42/image/upload/f_auto,q_auto,c_pad,b_white,w_500,h_500/v1788348897/0110_CAR_FRONT_END_13.png",,lifestyle,,detail,,scale,,alternate,1,0110_,https://mb1advancedsolutions.github.io/mb1-catalog/index.html?design=0110,
0111,MB1-0111,CAR FRONT END 14,garage and workshop,"https://res.cloudinary.com/oxygre42/image/upload/f_auto,q_auto,c_pad,b_white,w_1200,h_1200/v1788348899/0111_CAR_FRONT_END_14.png","https://res.cloudinary.com/oxygre42/image/upload/f_auto,q_auto,c_pad,b_white,w_500,h_500/v1788348899/0111_CAR_FRONT_END_14.png",,lifestyle,,detail,,scale,,alternate,1,0111_,https://mb1advancedsolutions.github.io/mb1-catalog/index.html?design=0111,
0112,MB1-0112,CAR FRONT END 15,garage and workshop,"https://res.cloudinary.com/oxygre42/image/upload/f_auto,q_auto,c_pad,b_white,w_1200,h_1200/v1788348901/0112_CAR_FRONT_END_15.png","https://res.cloudinary.com/oxygre42/image/upload/f_auto,q_auto,c_pad,b_white,w_500,h_500/v1788348901/0112_CAR_FRONT_END_15.png",,lifestyle,,detail,,scale,,alternate,1,0112_,https://mb1advancedsolutions.github.io/mb1-catalog/index.html?design=0112,
0113,MB1-0113,CAR FRONT END 16,garage and workshop,"https://res.cloudinary.com/oxygre42/image/upload/f_auto,q_auto,c_pad,b_white,w_1200,h_1200/v1788348903/0113_CAR_FRONT_END_16.png","https://res.cloudinary.com/oxygre42/image/upload/f_auto,q_auto,c_pad,b_white,w_500,h_500/v1788348903/0113_CAR_FRONT_END_16.png",,lifestyle,,detail,,scale,,alternate,1,0113_,https://mb1advancedsolutions.github.io/mb1-catalog/index.html?design=0113,
0114,MB1-0114,CAR FRONT END 2,garage and workshop,"https://res.cloudinary.com/oxygre42/image/upload/f_auto,q_auto,c_pad,b_white,w_1200,h_1200/v1788348904/0114_CAR_FRONT_END_2.png","https://res.cloudinary.com/oxygre42/image/upload/f_auto,q_auto,c_pad,b_white,w_500,h_500/v1788348904/0114_CAR_FRONT_END_2.png",,lifestyle,,detail,,scale,,alternate,1,0114_,https://mb1advancedsolutions.github.io/mb1-catalog/index.html?design=0114,
0115,MB1-0115,CAR FRONT END 3,garage and workshop,"https://res.cloudinary.com/oxygre42/image/upload/f_auto,q_auto,c_pad,b_white,w_1200,h_1200/v1788348906/0115_CAR_FRONT_END_3.png","https://res.cloudinary.com/oxygre42/image/upload/f_auto,q_auto,c_pad,b_white,w_500,h_500/v1788348906/0115_CAR_FRONT_END_3.png",,lifestyle,,detail,,scale,,alternate,1,0115_,https://mb1advancedsolutions.github.io/mb1-catalog/index.html?design=0115,
0116,MB1-0116,CAR FRONT END 4,garage and workshop,"https://res.cloudinary.com/oxygre42/image/upload/f_auto,q_auto,c_pad,b_white,w_1200,h_1200/v1788348908/0116_CAR_FRONT_END_4.png","https://res.cloudinary.com/oxygre42/image/upload/f_auto,q_auto,c_pad,b_white,w_500,h_500/v1788348908/0116_CAR_FRONT_END_4.png",,lifestyle,,detail,,scale,,alternate,1,0116_,https://mb1advancedsolutions.github.io/mb1-catalog/index.html?design=0116,
0117,MB1-0117,CAR FRONT END 5,garage and workshop,"https://res.cloudinary.com/oxygre42/image/upload/f_auto,q_auto,c_pad,b_white,w_1200,h_1200/v1788348910/0117_CAR_FRONT_END_5.png","https://res.cloudinary.com/oxygre42/image/upload/f_auto,q_auto,c_pad,b_white,w_500,h_500/v1788348910/0117_CAR_FRONT_END_5.png",,lifestyle,,detail,,scale,,alternate,1,0117_,https://mb1advancedsolutions.github.io/mb1-catalog/index.html?design=0117,
0118,MB1-0118,CAR FRONT END 6,garage and workshop,"https://res.cloudinary.com/oxygre42/image/upload/f_auto,q_auto,c_pad,b_white,w_1200,h_1200/v1788348912/0118_CAR_FRONT_END_6.png","https://res.cloudinary.com/oxygre42/image/upload/f_auto,q_auto,c_pad,b_white,w_500,h_500/v1788348912/0118_CAR_FRONT_END_6.png",,lifestyle,,detail,,scale,,alternate,1,0118_,https://mb1advancedsolutions.github.io/mb1-catalog/index.html?design=0118,
0119,MB1-0119,CAR FRONT END 7,garage and workshop,"https://res.cloudinary.com/oxygre42/image/upload/f_auto,q_auto,c_pad,b_white,w_1200,h_1200/v1788348914/0119_CAR_FRONT_END_7.png","https://res.cloudinary.com/oxygre42/image/upload/f_auto,q_auto,c_pad,b_white,w_500,h_500/v1788348914/0119_CAR_FRONT_END_7.png",,lifestyle,,detail,,scale,,alternate,1,0119_,https://mb1advancedsolutions.github.io/mb1-catalog/index.html?design=0119,
0120,MB1-0120,CAR FRONT END 8,garage and workshop,"https://res.cloudinary.com/oxygre42/image/upload/f_auto,q_auto,c_pad,b_white,w_1200,h_1200/v1788348916/0120_CAR_FRONT_END_8.png","https://res.cloudinary.com/oxygre42/image/upload/f_auto,q_auto,c_pad,b_white,w_500,h_500/v1788348916/0120_CAR_FRONT_END_8.png",,lifestyle,,detail,,scale,,alternate,1,0120_,https://mb1advancedsolutions.github.io/mb1-catalog/index.html?design=0120,
0121,MB1-0121,CAR FRONT END 9,garage and workshop,"https://res.cloudinary.com/oxygre42/image/upload/f_auto,q_auto,c_pad,b_white,w_1200,h_1200/v1788348918/0121_CAR_FRONT_END_9.png","https://res.cloudinary.com/oxygre42/image/upload/f_auto,q_auto,c_pad,b_white,w_500,h_500/v1788348918/0121_CAR_FRONT_END_9.png",,lifestyle,,detail,,scale,,alternate,1,0121_,https://mb1advancedsolutions.github.io/mb1-catalog/index.html?design=0121,
0122,MB1-0122,christmas 1,seasonal and holiday,"https://res.cloudinary.com/oxygre42/image/upload/f_auto,q_auto,c_pad,b_white,w_1200,h_1200/v1788348920/0122_christmas_1.png","https://res.cloudinary.com/oxygre42/image/upload/f_auto,q_auto,c_pad,b_white,w_500,h_500/v1788348920/0122_christmas_1.png",,lifestyle,,detail,,scale,,alternate,1,0122_,https://mb1advancedsolutions.github.io/mb1-catalog/index.html?design=0122,
0123,MB1-0123,christmas 10,seasonal and holiday,"https://res.cloudinary.com/oxygre42/image/upload/f_auto,q_auto,c_pad,b_white,w_1200,h_1200/v1788348922/0123_christmas_10.png","https://res.cloudinary.com/oxygre42/image/upload/f_auto,q_auto,c_pad,b_white,w_500,h_500/v1788348922/0123_christmas_10.png",,lifestyle,,detail,,scale,,alternate,1,0123_,https://mb1advancedsolutions.github.io/mb1-catalog/index.html?design=0123,
0124,MB1-0124,christmas 11 ,seasonal and holiday,"https://res.cloudinary.com/oxygre42/image/upload/f_auto,q_auto,c_pad,b_white,w_1200,h_1200/v1788348924/0124_christmas_11.png","https://res.cloudinary.com/oxygre42/image/upload/f_auto,q_auto,c_pad,b_white,w_500,h_500/v1788348924/0124_christmas_11.png",,lifestyle,,detail,,scale,,alternate,1,0124_,https://mb1advancedsolutions.github.io/mb1-catalog/index.html?design=0124,
0125,MB1-0125,christmas 12,seasonal and holiday,"https://res.cloudinary.com/oxygre42/image/upload/f_auto,q_auto,c_pad,b_white,w_1200,h_1200/v1788348925/0125_christmas_12.png","https://res.cloudinary.com/oxygre42/image/upload/f_auto,q_auto,c_pad,b_white,w_500,h_500/v1788348925/0125_christmas_12.png",,lifestyle,,detail,,scale,,alternate,1,0125_,https://mb1advancedsolutions.github.io/mb1-catalog/index.html?design=0125,
0126,MB1-0126,christmas 13,seasonal and holiday,"https://res.cloudinary.com/oxygre42/image/upload/f_auto,q_auto,c_pad,b_white,w_1200,h_1200/v1788348927/0126_christmas_13.png","https://res.cloudinary.com/oxygre42/image/upload/f_auto,q_auto,c_pad,b_white,w_500,h_500/v1788348927/0126_christmas_13.png",,lifestyle,,detail,,scale,,alternate,1,0126_,https://mb1advancedsolutions.github.io/mb1-catalog/index.html?design=0126,
0127,MB1-0127,christmas 14,seasonal and holiday,"https://res.cloudinary.com/oxygre42/image/upload/f_auto,q_auto,c_pad,b_white,w_1200,h_1200/v1788348929/0127_christmas_14.png","https://res.cloudinary.com/oxygre42/image/upload/f_auto,q_auto,c_pad,b_white,w_500,h_500/v1788348929/0127_christmas_14.png",,lifestyle,,detail,,scale,,alternate,1,0127_,https://mb1advancedsolutions.github.io/mb1-catalog/index.html?design=0127,
0128,MB1-0128,christmas 15,seasonal and holiday,"https://res.cloudinary.com/oxygre42/image/upload/f_auto,q_auto,c_pad,b_white,w_1200,h_1200/v1788348931/0128_christmas_15.png","https://res.cloudinary.com/oxygre42/image/upload/f_auto,q_auto,c_pad,b_white,w_500,h_500/v1788348931/0128_christmas_15.png",,lifestyle,,detail,,scale,,alternate,1,0128_,https://mb1advancedsolutions.github.io/mb1-catalog/index.html?design=0128,
0129,MB1-0129,christmas 16,seasonal and holiday,"https://res.cloudinary.com/oxygre42/image/upload/f_auto,q_auto,c_pad,b_white,w_1200,h_1200/v1788348933/0129_christmas_16.png","https://res.cloudinary.com/oxygre42/image/upload/f_auto,q_auto,c_pad,b_white,w_500,h_500/v1788348933/0129_christmas_16.png",,lifestyle,,detail,,scale,,alternate,1,0129_,https://mb1advancedsolutions.github.io/mb1-catalog/index.html?design=0129,
0130,MB1-0130,christmas 17,seasonal and holiday,"https://res.cloudinary.com/oxygre42/image/upload/f_auto,q_auto,c_pad,b_white,w_1200,h_1200/v1788348935/0130_christmas_17.png","https://res.cloudinary.com/oxygre42/image/upload/f_auto,q_auto,c_pad,b_white,w_500,h_500/v1788348935/0130_christmas_17.png",,lifestyle,,detail,,scale,,alternate,1,0130_,https://mb1advancedsolutions.github.io/mb1-catalog/index.html?design=0130,
0131,MB1-0131,christmas 18,seasonal and holiday,"https://res.cloudinary.com/oxygre42/image/upload/f_auto,q_auto,c_pad,b_white,w_1200,h_1200/v1788348937/0131_christmas_18.png","https://res.cloudinary.com/oxygre42/image/upload/f_auto,q_auto,c_pad,b_white,w_500,h_500/v1788348937/0131_christmas_18.png",,lifestyle,,detail,,scale,,alternate,1,0131_,https://mb1advancedsolutions.github.io/mb1-catalog/index.html?design=0131,
0132,MB1-0132,christmas 19,seasonal and holiday,"https://res.cloudinary.com/oxygre42/image/upload/f_auto,q_auto,c_pad,b_white,w_1200,h_1200/v1788348939/0132_christmas_19.png","https://res.cloudinary.com/oxygre42/image/upload/f_auto,q_auto,c_pad,b_white,w_500,h_500/v1788348939/0132_christmas_19.png",,lifestyle,,detail,,scale,,alternate,1,0132_,https://mb1advancedsolutions.github.io/mb1-catalog/index.html?design=0132,
0133,MB1-0133,christmas 2,seasonal and holiday,"https://res.cloudinary.com/oxygre42/image/upload/f_auto,q_auto,c_pad,b_white,w_1200,h_1200/v1788348941/0133_christmas_2.png","https://res.cloudinary.com/oxygre42/image/upload/f_auto,q_auto,c_pad,b_white,w_500,h_500/v1788348941/0133_christmas_2.png",,lifestyle,,detail,,scale,,alternate,1,0133_,https://mb1advancedsolutions.github.io/mb1-catalog/index.html?design=0133,
0134,MB1-0134,christmas 20,seasonal and holiday,"https://res.cloudinary.com/oxygre42/image/upload/f_auto,q_auto,c_pad,b_white,w_1200,h_1200/v1788348942/0134_christmas_20.png","https://res.cloudinary.com/oxygre42/image/upload/f_auto,q_auto,c_pad,b_white,w_500,h_500/v1788348942/0134_christmas_20.png",,lifestyle,,detail,,scale,,alternate,1,0134_,https://mb1advancedsolutions.github.io/mb1-catalog/index.html?design=0134,
0135,MB1-0135,christmas 21,seasonal and holiday,"https://res.cloudinary.com/oxygre42/image/upload/f_auto,q_auto,c_pad,b_white,w_1200,h_1200/v1788348944/0135_christmas_21.png","https://res.cloudinary.com/oxygre42/image/upload/f_auto,q_auto,c_pad,b_white,w_500,h_500/v1788348944/0135_christmas_21.png",,lifestyle,,detail,,scale,,alternate,1,0135_,https://mb1advancedsolutions.github.io/mb1-catalog/index.html?design=0135,
0136,MB1-0136,christmas 22,seasonal and holiday,"https://res.cloudinary.com/oxygre42/image/upload/f_auto,q_auto,c_pad,b_white,w_1200,h_1200/v1788348946/0136_christmas_22.png","https://res.cloudinary.com/oxygre42/image/upload/f_auto,q_auto,c_pad,b_white,w_500,h_500/v1788348946/0136_christmas_22.png",,lifestyle,,detail,,scale,,alternate,1,0136_,https://mb1advancedsolutions.github.io/mb1-catalog/index.html?design=0136,
0137,MB1-0137,christmas 23,seasonal and holiday,"https://res.cloudinary.com/oxygre42/image/upload/f_auto,q_auto,c_pad,b_white,w_1200,h_1200/v1788348948/0137_christmas_23.png","https://res.cloudinary.com/oxygre42/image/upload/f_auto,q_auto,c_pad,b_white,w_500,h_500/v1788348948/0137_christmas_23.png",,lifestyle,,detail,,scale,,alternate,1,0137_,https://mb1advancedsolutions.github.io/mb1-catalog/index.html?design=0137,
0138,MB1-0138,christmas 24,seasonal and holiday,"https://res.cloudinary.com/oxygre42/image/upload/f_auto,q_auto,c_pad,b_white,w_1200,h_1200/v1788348950/0138_christmas_24.png","https://res.cloudinary.com/oxygre42/image/upload/f_auto,q_auto,c_pad,b_white,w_500,h_500/v1788348950/0138_christmas_24.png",,lifestyle,,detail,,scale,,alternate,1,0138_,https://mb1advancedsolutions.github.io/mb1-catalog/index.html?design=0138,
0139,MB1-0139,christmas 25,seasonal and holiday,"https://res.cloudinary.com/oxygre42/image/upload/f_auto,q_auto,c_pad,b_white,w_1200,h_1200/v1788348952/0139_christmas_25.png","https://res.cloudinary.com/oxygre42/image/upload/f_auto,q_auto,c_pad,b_white,w_500,h_500/v1788348952/0139_christmas_25.png",,lifestyle,,detail,,scale,,alternate,1,0139_,https://mb1advancedsolutions.github.io/mb1-catalog/index.html?design=0139,
0140,MB1-0140,christmas 3,seasonal and holiday,"https://res.cloudinary.com/oxygre42/image/upload/f_auto,q_auto,c_pad,b_white,w_1200,h_1200/v1788348954/0140_christmas_3.png","https://res.cloudinary.com/oxygre42/image/upload/f_auto,q_auto,c_pad,b_white,w_500,h_500/v1788348954/0140_christmas_3.png",,lifestyle,,detail,,scale,,alternate,1,0140_,https://mb1advancedsolutions.github.io/mb1-catalog/index.html?design=0140,
0141,MB1-0141,christmas 4,seasonal and holiday,"https://res.cloudinary.com/oxygre42/image/upload/f_auto,q_auto,c_pad,b_white,w_1200,h_1200/v1788348956/0141_christmas_4.png","https://res.cloudinary.com/oxygre42/image/upload/f_auto,q_auto,c_pad,b_white,w_500,h_500/v1788348956/0141_christmas_4.png",,lifestyle,,detail,,scale,,alternate,1,0141_,https://mb1advancedsolutions.github.io/mb1-catalog/index.html?design=0141,
0142,MB1-0142,christmas 5,seasonal and holiday,"https://res.cloudinary.com/oxygre42/image/upload/f_auto,q_auto,c_pad,b_white,w_1200,h_1200/v1788348958/0142_christmas_5.png","https://res.cloudinary.com/oxygre42/image/upload/f_auto,q_auto,c_pad,b_white,w_500,h_500/v1788348958/0142_christmas_5.png",,lifestyle,,detail,,scale,,alternate,1,0142_,https://mb1advancedsolutions.github.io/mb1-catalog/index.html?design=0142,
0143,MB1-0143,christmas 6,seasonal and holiday,"https://res.cloudinary.com/oxygre42/image/upload/f_auto,q_auto,c_pad,b_white,w_1200,h_1200/v1788348959/0143_christmas_6.png","https://res.cloudinary.com/oxygre42/image/upload/f_auto,q_auto,c_pad,b_white,w_500,h_500/v1788348959/0143_christmas_6.png",,lifestyle,,detail,,scale,,alternate,1,0143_,https://mb1advancedsolutions.github.io/mb1-catalog/index.html?design=0143,
0144,MB1-0144,christmas 7,seasonal and holiday,"https://res.cloudinary.com/oxygre42/image/upload/f_auto,q_auto,c_pad,b_white,w_1200,h_1200/v1788348961/0144_christmas_7.png","https://res.cloudinary.com/oxygre42/image/upload/f_auto,q_auto,c_pad,b_white,w_500,h_500/v1788348961/0144_christmas_7.png",,lifestyle,,detail,,scale,,alternate,1,0144_,https://mb1advancedsolutions.github.io/mb1-catalog/index.html?design=0144,
0145,MB1-0145,christmas 8,seasonal and holiday,"https://res.cloudinary.com/oxygre42/image/upload/f_auto,q_auto,c_pad,b_white,w_1200,h_1200/v1788348963/0145_christmas_8.png","https://res.cloudinary.com/oxygre42/image/upload/f_auto,q_auto,c_pad,b_white,w_500,h_500/v1788348963/0145_christmas_8.png",,lifestyle,,detail,,scale,,alternate,1,0145_,https://mb1advancedsolutions.github.io/mb1-catalog/index.html?design=0145,
0146,MB1-0146,christmas 9,seasonal and holiday,"https://res.cloudinary.com/oxygre42/image/upload/f_auto,q_auto,c_pad,b_white,w_1200,h_1200/v1788348965/0146_christmas_9.png","https://res.cloudinary.com/oxygre42/image/upload/f_auto,q_auto,c_pad,b_white,w_500,h_500/v1788348965/0146_christmas_9.png",,lifestyle,,detail,,scale,,alternate,1,0146_,https://mb1advancedsolutions.github.io/mb1-catalog/index.html?design=0146,
0147,MB1-0147,CHRISTMAS DESIGN 1,seasonal and holiday,"https://res.cloudinary.com/oxygre42/image/upload/f_auto,q_auto,c_pad,b_white,w_1200,h_1200/v1788348967/0147_CHRISTMAS_DESIGN_1.png","https://res.cloudinary.com/oxygre42/image/upload/f_auto,q_auto,c_pad,b_white,w_500,h_500/v1788348967/0147_CHRISTMAS_DESIGN_1.png",,lifestyle,,detail,,scale,,alternate,1,0147_,https://mb1advancedsolutions.github.io/mb1-catalog/index.html?design=0147,
0148,MB1-0148,CHRISTMAS DESIGN 10,seasonal and holiday,"https://res.cloudinary.com/oxygre42/image/upload/f_auto,q_auto,c_pad,b_white,w_1200,h_1200/v1788348969/0148_CHRISTMAS_DESIGN_10.png","https://res.cloudinary.com/oxygre42/image/upload/f_auto,q_auto,c_pad,b_white,w_500,h_500/v1788348969/0148_CHRISTMAS_DESIGN_10.png",,lifestyle,,detail,,scale,,alternate,1,0148_,https://mb1advancedsolutions.github.io/mb1-catalog/index.html?design=0148,
0149,MB1-0149,CHRISTMAS DESIGN 11,seasonal and holiday,"https://res.cloudinary.com/oxygre42/image/upload/f_auto,q_auto,c_pad,b_white,w_1200,h_1200/v1788348971/0149_CHRISTMAS_DESIGN_11.png","https://res.cloudinary.com/oxygre42/image/upload/f_auto,q_auto,c_pad,b_white,w_500,h_500/v1788348971/0149_CHRISTMAS_DESIGN_11.png",,lifestyle,,detail,,scale,,alternate,1,0149_,https://mb1advancedsolutions.github.io/mb1-catalog/index.html?design=0149,
0150,MB1-0150,CHRISTMAS DESIGN 12,seasonal and holiday,"https://res.cloudinary.com/oxygre42/image/upload/f_auto,q_auto,c_pad,b_white,w_1200,h_1200/v1788348973/0150_CHRISTMAS_DESIGN_12.png","https://res.cloudinary.com/oxygre42/image/upload/f_auto,q_auto,c_pad,b_white,w_500,h_500/v1788348973/0150_CHRISTMAS_DESIGN_12.png",,lifestyle,,detail,,scale,,alternate,1,0150_,https://mb1advancedsolutions.github.io/mb1-catalog/index.html?design=0150,
0151,MB1-0151,CHRISTMAS DESIGN 13,seasonal and holiday,"https://res.cloudinary.com/oxygre42/image/upload/f_auto,q_auto,c_pad,b_white,w_1200,h_1200/v1788348974/0151_CHRISTMAS_DESIGN_13.png","https://res.cloudinary.com/oxygre42/image/upload/f_auto,q_auto,c_pad,b_white,w_500,h_500/v1788348974/0151_CHRISTMAS_DESIGN_13.png",,lifestyle,,detail,,scale,,alternate,1,0151_,https://mb1advancedsolutions.github.io/mb1-catalog/index.html?design=0151,
0152,MB1-0152,CHRISTMAS DESIGN 14,seasonal and holiday,"https://res.cloudinary.com/oxygre42/image/upload/f_auto,q_auto,c_pad,b_white,w_1200,h_1200/v1788348976/0152_CHRISTMAS_DESIGN_14.png","https://res.cloudinary.com/oxygre42/image/upload/f_auto,q_auto,c_pad,b_white,w_500,h_500/v1788348976/0152_CHRISTMAS_DESIGN_14.png",,lifestyle,,detail,,scale,,alternate,1,0152_,https://mb1advancedsolutions.github.io/mb1-catalog/index.html?design=0152,
0153,MB1-0153,CHRISTMAS DESIGN 15,seasonal and holiday,"https://res.cloudinary.com/oxygre42/image/upload/f_auto,q_auto,c_pad,b_white,w_1200,h_1200/v1788348978/0153_CHRISTMAS_DESIGN_15.png","https://res.cloudinary.com/oxygre42/image/upload/f_auto,q_auto,c_pad,b_white,w_500,h_500/v1788348978/0153_CHRISTMAS_DESIGN_15.png",,lifestyle,,detail,,scale,,alternate,1,0153_,https://mb1advancedsolutions.github.io/mb1-catalog/index.html?design=0153,
0154,MB1-0154,CHRISTMAS DESIGN 16,seasonal and holiday,"https://res.cloudinary.com/oxygre42/image/upload/f_auto,q_auto,c_pad,b_white,w_1200,h_1200/v1788348980/0154_CHRISTMAS_DESIGN_16.png","https://res.cloudinary.com/oxygre42/image/upload/f_auto,q_auto,c_pad,b_white,w_500,h_500/v1788348980/0154_CHRISTMAS_DESIGN_16.png",,lifestyle,,detail,,scale,,alternate,1,0154_,https://mb1advancedsolutions.github.io/mb1-catalog/index.html?design=0154,
0155,MB1-0155,CHRISTMAS DESIGN 2,seasonal and holiday,"https://res.cloudinary.com/oxygre42/image/upload/f_auto,q_auto,c_pad,b_white,w_1200,h_1200/v1788348982/0155_CHRISTMAS_DESIGN_2.png","https://res.cloudinary.com/oxygre42/image/upload/f_auto,q_auto,c_pad,b_white,w_500,h_500/v1788348982/0155_CHRISTMAS_DESIGN_2.png",,lifestyle,,detail,,scale,,alternate,1,0155_,https://mb1advancedsolutions.github.io/mb1-catalog/index.html?design=0155,
0156,MB1-0156,CHRISTMAS DESIGN 3,seasonal and holiday,"https://res.cloudinary.com/oxygre42/image/upload/f_auto,q_auto,c_pad,b_white,w_1200,h_1200/v1788348984/0156_CHRISTMAS_DESIGN_3.png","https://res.cloudinary.com/oxygre42/image/upload/f_auto,q_auto,c_pad,b_white,w_500,h_500/v1788348984/0156_CHRISTMAS_DESIGN_3.png",,lifestyle,,detail,,scale,,alternate,1,0156_,https://mb1advancedsolutions.github.io/mb1-catalog/index.html?design=0156,
0157,MB1-0157,CHRISTMAS DESIGN 4,seasonal and holiday,"https://res.cloudinary.com/oxygre42/image/upload/f_auto,q_auto,c_pad,b_white,w_1200,h_1200/v1788348986/0157_CHRISTMAS_DESIGN_4.png","https://res.cloudinary.com/oxygre42/image/upload/f_auto,q_auto,c_pad,b_white,w_500,h_500/v1788348986/0157_CHRISTMAS_DESIGN_4.png",,lifestyle,,detail,,scale,,alternate,1,0157_,https://mb1advancedsolutions.github.io/mb1-catalog/index.html?design=0157,
0158,MB1-0158,CHRISTMAS DESIGN 5,seasonal and holiday,"https://res.cloudinary.com/oxygre42/image/upload/f_auto,q_auto,c_pad,b_white,w_1200,h_1200/v1788348988/0158_CHRISTMAS_DESIGN_5.png","https://res.cloudinary.com/oxygre42/image/upload/f_auto,q_auto,c_pad,b_white,w_500,h_500/v1788348988/0158_CHRISTMAS_DESIGN_5.png",,lifestyle,,detail,,scale,,alternate,1,0158_,https://mb1advancedsolutions.github.io/mb1-catalog/index.html?design=0158,
0159,MB1-0159,CHRISTMAS DESIGN 6,seasonal and holiday,"https://res.cloudinary.com/oxygre42/image/upload/f_auto,q_auto,c_pad,b_white,w_1200,h_1200/v1788348990/0159_CHRISTMAS_DESIGN_6.png","https://res.cloudinary.com/oxygre42/image/upload/f_auto,q_auto,c_pad,b_white,w_500,h_500/v1788348990/0159_CHRISTMAS_DESIGN_6.png",,lifestyle,,detail,,scale,,alternate,1,0159_,https://mb1advancedsolutions.github.io/mb1-catalog/index.html?design=0159,
0160,MB1-0160,CHRISTMAS DESIGN 7,seasonal and holiday,"https://res.cloudinary.com/oxygre42/image/upload/f_auto,q_auto,c_pad,b_white,w_1200,h_1200/v1788348992/0160_CHRISTMAS_DESIGN_7.png","https://res.cloudinary.com/oxygre42/image/upload/f_auto,q_auto,c_pad,b_white,w_500,h_500/v1788348992/0160_CHRISTMAS_DESIGN_7.png",,lifestyle,,detail,,scale,,alternate,1,0160_,https://mb1advancedsolutions.github.io/mb1-catalog/index.html?design=0160,
0161,MB1-0161,CHRISTMAS DESIGN 8,seasonal and holiday,"https://res.cloudinary.com/oxygre42/image/upload/f_auto,q_auto,c_pad,b_white,w_1200,h_1200/v1788348993/0161_CHRISTMAS_DESIGN_8.png","https://res.cloudinary.com/oxygre42/image/upload/f_auto,q_auto,c_pad,b_white,w_500,h_500/v1788348993/0161_CHRISTMAS_DESIGN_8.png",,lifestyle,,detail,,scale,,alternate,1,0161_,https://mb1advancedsolutions.github.io/mb1-catalog/index.html?design=0161,
0162,MB1-0162,CHRISTMAS DESIGN 9,seasonal and holiday,"https://res.cloudinary.com/oxygre42/image/upload/f_auto,q_auto,c_pad,b_white,w_1200,h_1200/v1788348995/0162_CHRISTMAS_DESIGN_9.png","https://res.cloudinary.com/oxygre42/image/upload/f_auto,q_auto,c_pad,b_white,w_500,h_500/v1788348995/0162_CHRISTMAS_DESIGN_9.png",,lifestyle,,detail,,scale,,alternate,1,0162_,https://mb1advancedsolutions.github.io/mb1-catalog/index.html?design=0162,
0163,MB1-0163,Vintage cinema sign SVG LASER,sports and hobbies,"https://res.cloudinary.com/oxygre42/image/upload/f_auto,q_auto,c_pad,b_white,w_1200,h_1200/v1788348997/0163_Vintage_cinema_sign_SVG_LASER.png","https://res.cloudinary.com/oxygre42/image/upload/f_auto,q_auto,c_pad,b_white,w_500,h_500/v1788348997/0163_Vintage_cinema_sign_SVG_LASER.png",,lifestyle,,detail,,scale,,alternate,1,0163_,https://mb1advancedsolutions.github.io/mb1-catalog/index.html?design=0163,
0164,MB1-0164,Vintage hollywood sign SVG LASER,sports and hobbies,"https://res.cloudinary.com/oxygre42/image/upload/f_auto,q_auto,c_pad,b_white,w_1200,h_1200/v1788348999/0164_Vintage_hollywood_sign_SVG_LASER.png","https://res.cloudinary.com/oxygre42/image/upload/f_auto,q_auto,c_pad,b_white,w_500,h_500/v1788348999/0164_Vintage_hollywood_sign_SVG_LASER.png",,lifestyle,,detail,,scale,,alternate,1,0164_,https://mb1advancedsolutions.github.io/mb1-catalog/index.html?design=0164,
0165,MB1-0165,Vintage now playing sign SVG,sports and hobbies,"https://res.cloudinary.com/oxygre42/image/upload/f_auto,q_auto,c_pad,b_white,w_1200,h_1200/v1788349001/0165_Vintage_now_playing_sign_SVG.png","https://res.cloudinary.com/oxygre42/image/upload/f_auto,q_auto,c_pad,b_white,w_500,h_500/v1788349001/0165_Vintage_now_playing_sign_SVG.png",,lifestyle,,detail,,scale,,alternate,1,0165_,https://mb1advancedsolutions.github.io/mb1-catalog/index.html?design=0165,
0166,MB1-0166,Vintage now showing sign SVG LASER,sports and hobbies,"https://res.cloudinary.com/oxygre42/image/upload/f_auto,q_auto,c_pad,b_white,w_1200,h_1200/v1788349003/0166_Vintage_now_showing_sign_SVG_LASER.png","https://res.cloudinary.com/oxygre42/image/upload/f_auto,q_auto,c_pad,b_white,w_500,h_500/v1788349003/0166_Vintage_now_showing_sign_SVG_LASER.png",,lifestyle,,detail,,scale,,alternate,1,0166_,https://mb1advancedsolutions.github.io/mb1-catalog/index.html?design=0166,
0167,MB1-0167,Vintage show time sign SVG LASER,sports and hobbies,"https://res.cloudinary.com/oxygre42/image/upload/f_auto,q_auto,c_pad,b_white,w_1200,h_1200/v1788349005/0167_Vintage_show_time_sign_SVG_LASER.png","https://res.cloudinary.com/oxygre42/image/upload/f_auto,q_auto,c_pad,b_white,w_500,h_500/v1788349005/0167_Vintage_show_time_sign_SVG_LASER.png",,lifestyle,,detail,,scale,,alternate,1,0167_,https://mb1advancedsolutions.github.io/mb1-catalog/index.html?design=0167,
0168,MB1-0168,Vintage theater sign SVG LASER,sports and hobbies,"https://res.cloudinary.com/oxygre42/image/upload/f_auto,q_auto,c_pad,b_white,w_1200,h_1200/v1788349007/0168_Vintage_theater_sign_SVG_LASER.png","https://res.cloudinary.com/oxygre42/image/upload/f_auto,q_auto,c_pad,b_white,w_500,h_500/v1788349007/0168_Vintage_theater_sign_SVG_LASER.png",,lifestyle,,detail,,scale,,alternate,1,0168_,https://mb1advancedsolutions.github.io/mb1-catalog/index.html?design=0168,
0169,MB1-0169,cinema movie 1  SVG LASER,sports and hobbies,"https://res.cloudinary.com/oxygre42/image/upload/f_auto,q_auto,c_pad,b_white,w_1200,h_1200/v1788349008/0169_cinema_movie_1_SVG_LASER.png","https://res.cloudinary.com/oxygre42/image/upload/f_auto,q_auto,c_pad,b_white,w_500,h_500/v1788349008/0169_cinema_movie_1_SVG_LASER.png",,lifestyle,,detail,,scale,,alternate,1,0169_,https://mb1advancedsolutions.github.io/mb1-catalog/index.html?design=0169,
0170,MB1-0170,cinema movie 1 SVG,sports and hobbies,"https://res.cloudinary.com/oxygre42/image/upload/f_auto,q_auto,c_pad,b_white,w_1200,h_1200/v1788349010/0170_cinema_movie_1_SVG.png","https://res.cloudinary.com/oxygre42/image/upload/f_auto,q_auto,c_pad,b_white,w_500,h_500/v1788349010/0170_cinema_movie_1_SVG.png",,lifestyle,,detail,,scale,,alternate,1,0170_,https://mb1advancedsolutions.github.io/mb1-catalog/index.html?design=0170,
0171,MB1-0171,cinema movie 2 SVG LASER,sports and hobbies,"https://res.cloudinary.com/oxygre42/image/upload/f_auto,q_auto,c_pad,b_white,w_1200,h_1200/v1788349012/0171_cinema_movie_2_SVG_LASER.png","https://res.cloudinary.com/oxygre42/image/upload/f_auto,q_auto,c_pad,b_white,w_500,h_500/v1788349012/0171_cinema_movie_2_SVG_LASER.png",,lifestyle,,detail,,scale,,alternate,1,0171_,https://mb1advancedsolutions.github.io/mb1-catalog/index.html?design=0171,
0172,MB1-0172,cinema movie 2 SVG,sports and hobbies,"https://res.cloudinary.com/oxygre42/image/upload/f_auto,q_auto,c_pad,b_white,w_1200,h_1200/v1788349014/0172_cinema_movie_2_SVG.png","https://res.cloudinary.com/oxygre42/image/upload/f_auto,q_auto,c_pad,b_white,w_500,h_500/v1788349014/0172_cinema_movie_2_SVG.png",,lifestyle,,detail,,scale,,alternate,1,0172_,https://mb1advancedsolutions.github.io/mb1-catalog/index.html?design=0172,
0173,MB1-0173,cinema movie 3 SVG LASER,sports and hobbies,"https://res.cloudinary.com/oxygre42/image/upload/f_auto,q_auto,c_pad,b_white,w_1200,h_1200/v1788349016/0173_cinema_movie_3_SVG_LASER.png","https://res.cloudinary.com/oxygre42/image/upload/f_auto,q_auto,c_pad,b_white,w_500,h_500/v1788349016/0173_cinema_movie_3_SVG_LASER.png",,lifestyle,,detail,,scale,,alternate,1,0173_,https://mb1advancedsolutions.github.io/mb1-catalog/index.html?design=0173,
0174,MB1-0174,cinema movie sign ,sports and hobbies,"https://res.cloudinary.com/oxygre42/image/upload/f_auto,q_auto,c_pad,b_white,w_1200,h_1200/v1788349018/0174_cinema_movie_sign.png","https://res.cloudinary.com/oxygre42/image/upload/f_auto,q_auto,c_pad,b_white,w_500,h_500/v1788349018/0174_cinema_movie_sign.png",,lifestyle,,detail,,scale,,alternate,1,0174_,https://mb1advancedsolutions.github.io/mb1-catalog/index.html?design=0174,
0175,MB1-0175,cinema movie ticket 2 SVG,sports and hobbies,"https://res.cloudinary.com/oxygre42/image/upload/f_auto,q_auto,c_pad,b_white,w_1200,h_1200/v1788349020/0175_cinema_movie_ticket_2_SVG.png","https://res.cloudinary.com/oxygre42/image/upload/f_auto,q_auto,c_pad,b_white,w_500,h_500/v1788349020/0175_cinema_movie_ticket_2_SVG.png",,lifestyle,,detail,,scale,,alternate,1,0175_,https://mb1advancedsolutions.github.io/mb1-catalog/index.html?design=0175,
0176,MB1-0176,cinema movie ticket SVG,sports and hobbies,"https://res.cloudinary.com/oxygre42/image/upload/f_auto,q_auto,c_pad,b_white,w_1200,h_1200/v1788349022/0176_cinema_movie_ticket_SVG.png","https://res.cloudinary.com/oxygre42/image/upload/f_auto,q_auto,c_pad,b_white,w_500,h_500/v1788349022/0176_cinema_movie_ticket_SVG.png",,lifestyle,,detail,,scale,,alternate,1,0176_,https://mb1advancedsolutions.github.io/mb1-catalog/index.html?design=0176,
0177,MB1-0177,cinema sign 1,sports and hobbies,"https://res.cloudinary.com/oxygre42/image/upload/f_auto,q_auto,c_pad,b_white,w_1200,h_1200/v1788349024/0177_cinema_sign_1.png","https://res.cloudinary.com/oxygre42/image/upload/f_auto,q_auto,c_pad,b_white,w_500,h_500/v1788349024/0177_cinema_sign_1.png",,lifestyle,,detail,,scale,,alternate,1,0177_,https://mb1advancedsolutions.github.io/mb1-catalog/index.html?design=0177,
0178,MB1-0178,cinema sign 2,sports and hobbies,"https://res.cloudinary.com/oxygre42/image/upload/f_auto,q_auto,c_pad,b_white,w_1200,h_1200/v1788349025/0178_cinema_sign_2.png","https://res.cloudinary.com/oxygre42/image/upload/f_auto,q_auto,c_pad,b_white,w_500,h_500/v1788349025/0178_cinema_sign_2.png",,lifestyle,,detail,,scale,,alternate,1,0178_,https://mb1advancedsolutions.github.io/mb1-catalog/index.html?design=0178,
0179,MB1-0179,cinema sign 3,sports and hobbies,"https://res.cloudinary.com/oxygre42/image/upload/f_auto,q_auto,c_pad,b_white,w_1200,h_1200/v1788349027/0179_cinema_sign_3.png","https://res.cloudinary.com/oxygre42/image/upload/f_auto,q_auto,c_pad,b_white,w_500,h_500/v1788349027/0179_cinema_sign_3.png",,lifestyle,,detail,,scale,,alternate,1,0179_,https://mb1advancedsolutions.github.io/mb1-catalog/index.html?design=0179,
0180,MB1-0180,cinema sign 4,sports and hobbies,"https://res.cloudinary.com/oxygre42/image/upload/f_auto,q_auto,c_pad,b_white,w_1200,h_1200/v1788349029/0180_cinema_sign_4.png","https://res.cloudinary.com/oxygre42/image/upload/f_auto,q_auto,c_pad,b_white,w_500,h_500/v1788349029/0180_cinema_sign_4.png",,lifestyle,,detail,,scale,,alternate,1,0180_,https://mb1advancedsolutions.github.io/mb1-catalog/index.html?design=0180,
0181,MB1-0181,cinema sign 5,sports and hobbies,"https://res.cloudinary.com/oxygre42/image/upload/f_auto,q_auto,c_pad,b_white,w_1200,h_1200/v1788349031/0181_cinema_sign_5.png","https://res.cloudinary.com/oxygre42/image/upload/f_auto,q_auto,c_pad,b_white,w_500,h_500/v1788349031/0181_cinema_sign_5.png",,lifestyle,,detail,,scale,,alternate,1,0181_,https://mb1advancedsolutions.github.io/mb1-catalog/index.html?design=0181,
0182,MB1-0182,cinema sign 6,sports and hobbies,"https://res.cloudinary.com/oxygre42/image/upload/f_auto,q_auto,c_pad,b_white,w_1200,h_1200/v1788349033/0182_cinema_sign_6.png","https://res.cloudinary.com/oxygre42/image/upload/f_auto,q_auto,c_pad,b_white,w_500,h_500/v1788349033/0182_cinema_sign_6.png",,lifestyle,,detail,,scale,,alternate,1,0182_,https://mb1advancedsolutions.github.io/mb1-catalog/index.html?design=0182,
0183,MB1-0183,cinema sign 8,sports and hobbies,"https://res.cloudinary.com/oxygre42/image/upload/f_auto,q_auto,c_pad,b_white,w_1200,h_1200/v1788349035/0183_cinema_sign_8.png","https://res.cloudinary.com/oxygre42/image/upload/f_auto,q_auto,c_pad,b_white,w_500,h_500/v1788349035/0183_cinema_sign_8.png",,lifestyle,,detail,,scale,,alternate,1,0183_,https://mb1advancedsolutions.github.io/mb1-catalog/index.html?design=0183,
0184,MB1-0184,pop corn 1,home decor and inspirational,"https://res.cloudinary.com/oxygre42/image/upload/f_auto,q_auto,c_pad,b_white,w_1200,h_1200/v1788349037/0184_pop_corn_1.png","https://res.cloudinary.com/oxygre42/image/upload/f_auto,q_auto,c_pad,b_white,w_500,h_500/v1788349037/0184_pop_corn_1.png",,lifestyle,,detail,,scale,,alternate,1,0184_,https://mb1advancedsolutions.github.io/mb1-catalog/index.html?design=0184,
0185,MB1-0185,pop corn 2,home decor and inspirational,"https://res.cloudinary.com/oxygre42/image/upload/f_auto,q_auto,c_pad,b_white,w_1200,h_1200/v1788349039/0185_pop_corn_2.png","https://res.cloudinary.com/oxygre42/image/upload/f_auto,q_auto,c_pad,b_white,w_500,h_500/v1788349039/0185_pop_corn_2.png",,lifestyle,,detail,,scale,,alternate,1,0185_,https://mb1advancedsolutions.github.io/mb1-catalog/index.html?design=0185,
0186,MB1-0186,pop corn 3,home decor and inspirational,"https://res.cloudinary.com/oxygre42/image/upload/f_auto,q_auto,c_pad,b_white,w_1200,h_1200/v1788349040/0186_pop_corn_3.png","https://res.cloudinary.com/oxygre42/image/upload/f_auto,q_auto,c_pad,b_white,w_500,h_500/v1788349040/0186_pop_corn_3.png",,lifestyle,,detail,,scale,,alternate,1,0186_,https://mb1advancedsolutions.github.io/mb1-catalog/index.html?design=0186,
0187,MB1-0187,COIN 1,sports and hobbies,"https://res.cloudinary.com/oxygre42/image/upload/f_auto,q_auto,c_pad,b_white,w_1200,h_1200/v1788349042/0187_COIN_1.png","https://res.cloudinary.com/oxygre42/image/upload/f_auto,q_auto,c_pad,b_white,w_500,h_500/v1788349042/0187_COIN_1.png",,lifestyle,,detail,,scale,,alternate,1,0187_,https://mb1advancedsolutions.github.io/mb1-catalog/index.html?design=0187,
0188,MB1-0188,COIN 2,sports and hobbies,"https://res.cloudinary.com/oxygre42/image/upload/f_auto,q_auto,c_pad,b_white,w_1200,h_1200/v1788349044/0188_COIN_2.png","https://res.cloudinary.com/oxygre42/image/upload/f_auto,q_auto,c_pad,b_white,w_500,h_500/v1788349044/0188_COIN_2.png",,lifestyle,,detail,,scale,,alternate,1,0188_,https://mb1advancedsolutions.github.io/mb1-catalog/index.html?design=0188,
0189,MB1-0189,COIN 3,sports and hobbies,"https://res.cloudinary.com/oxygre42/image/upload/f_auto,q_auto,c_pad,b_white,w_1200,h_1200/v1788349046/0189_COIN_3.png","https://res.cloudinary.com/oxygre42/image/upload/f_auto,q_auto,c_pad,b_white,w_500,h_500/v1788349046/0189_COIN_3.png",,lifestyle,,detail,,scale,,alternate,1,0189_,https://mb1advancedsolutions.github.io/mb1-catalog/index.html?design=0189,
0190,MB1-0190,COIN 4,sports and hobbies,"https://res.cloudinary.com/oxygre42/image/upload/f_auto,q_auto,c_pad,b_white,w_1200,h_1200/v1788349048/0190_COIN_4.png","https://res.cloudinary.com/oxygre42/image/upload/f_auto,q_auto,c_pad,b_white,w_500,h_500/v1788349048/0190_COIN_4.png",,lifestyle,,detail,,scale,,alternate,1,0190_,https://mb1advancedsolutions.github.io/mb1-catalog/index.html?design=0190,
0191,MB1-0191,COIN 5,sports and hobbies,"https://res.cloudinary.com/oxygre42/image/upload/f_auto,q_auto,c_pad,b_white,w_1200,h_1200/v1788349050/0191_COIN_5.png","https://res.cloudinary.com/oxygre42/image/upload/f_auto,q_auto,c_pad,b_white,w_500,h_500/v1788349050/0191_COIN_5.png",,lifestyle,,detail,,scale,,alternate,1,0191_,https://mb1advancedsolutions.github.io/mb1-catalog/index.html?design=0191,
0193,MB1-0193,One Hundred Dollar,sports and hobbies,"https://res.cloudinary.com/oxygre42/image/upload/f_auto,q_auto,c_pad,b_white,w_1200,h_1200/v1788349054/0193_One_Hundred_Dollar.png","https://res.cloudinary.com/oxygre42/image/upload/f_auto,q_auto,c_pad,b_white,w_500,h_500/v1788349054/0193_One_Hundred_Dollar.png",,lifestyle,,detail,,scale,,alternate,1,0193_,https://mb1advancedsolutions.github.io/mb1-catalog/index.html?design=0193,
0194,MB1-0194,Compass Monogram A,lake house and nautical,"https://res.cloudinary.com/oxygre42/image/upload/f_auto,q_auto,c_pad,b_white,w_1200,h_1200/v1788349056/0194_Compass_Monogram_A.png","https://res.cloudinary.com/oxygre42/image/upload/f_auto,q_auto,c_pad,b_white,w_500,h_500/v1788349056/0194_Compass_Monogram_A.png",,lifestyle,,detail,,scale,,alternate,1,0194_,https://mb1advancedsolutions.github.io/mb1-catalog/index.html?design=0194,
0195,MB1-0195,Compass Monogram B,lake house and nautical,"https://res.cloudinary.com/oxygre42/image/upload/f_auto,q_auto,c_pad,b_white,w_1200,h_1200/v1788349058/0195_Compass_Monogram_B.png","https://res.cloudinary.com/oxygre42/image/upload/f_auto,q_auto,c_pad,b_white,w_500,h_500/v1788349058/0195_Compass_Monogram_B.png",,lifestyle,,detail,,scale,,alternate,1,0195_,https://mb1advancedsolutions.github.io/mb1-catalog/index.html?design=0195,
0196,MB1-0196,Compass Monogram C,lake house and nautical,"https://res.cloudinary.com/oxygre42/image/upload/f_auto,q_auto,c_pad,b_white,w_1200,h_1200/v1788349059/0196_Compass_Monogram_C.png","https://res.cloudinary.com/oxygre42/image/upload/f_auto,q_auto,c_pad,b_white,w_500,h_500/v1788349059/0196_Compass_Monogram_C.png",,lifestyle,,detail,,scale,,alternate,1,0196_,https://mb1advancedsolutions.github.io/mb1-catalog/index.html?design=0196,
0197,MB1-0197,Compass Monogram D,lake house and nautical,"https://res.cloudinary.com/oxygre42/image/upload/f_auto,q_auto,c_pad,b_white,w_1200,h_1200/v1788349061/0197_Compass_Monogram_D.png","https://res.cloudinary.com/oxygre42/image/upload/f_auto,q_auto,c_pad,b_white,w_500,h_500/v1788349061/0197_Compass_Monogram_D.png",,lifestyle,,detail,,scale,,alternate,1,0197_,https://mb1advancedsolutions.github.io/mb1-catalog/index.html?design=0197,
0198,MB1-0198,Compass Monogram E,lake house and nautical,"https://res.cloudinary.com/oxygre42/image/upload/f_auto,q_auto,c_pad,b_white,w_1200,h_1200/v1788349063/0198_Compass_Monogram_E.png","https://res.cloudinary.com/oxygre42/image/upload/f_auto,q_auto,c_pad,b_white,w_500,h_500/v1788349063/0198_Compass_Monogram_E.png",,lifestyle,,detail,,scale,,alternate,1,0198_,https://mb1advancedsolutions.github.io/mb1-catalog/index.html?design=0198,
0199,MB1-0199,Compass Monogram F,lake house and nautical,"https://res.cloudinary.com/oxygre42/image/upload/f_auto,q_auto,c_pad,b_white,w_1200,h_1200/v1788349065/0199_Compass_Monogram_F.png","https://res.cloudinary.com/oxygre42/image/upload/f_auto,q_auto,c_pad,b_white,w_500,h_500/v1788349065/0199_Compass_Monogram_F.png",,lifestyle,,detail,,scale,,alternate,1,0199_,https://mb1advancedsolutions.github.io/mb1-catalog/index.html?design=0199,
0200,MB1-0200,Compass Monogram G,lake house and nautical,"https://res.cloudinary.com/oxygre42/image/upload/f_auto,q_auto,c_pad,b_white,w_1200,h_1200/v1788349067/0200_Compass_Monogram_G.png","https://res.cloudinary.com/oxygre42/image/upload/f_auto,q_auto,c_pad,b_white,w_500,h_500/v1788349067/0200_Compass_Monogram_G.png",,lifestyle,,detail,,scale,,alternate,1,0200_,https://mb1advancedsolutions.github.io/mb1-catalog/index.html?design=0200,
0201,MB1-0201,Compass Monogram H,lake house and nautical,"https://res.cloudinary.com/oxygre42/image/upload/f_auto,q_auto,c_pad,b_white,w_1200,h_1200/v1788349069/0201_Compass_Monogram_H.png","https://res.cloudinary.com/oxygre42/image/upload/f_auto,q_auto,c_pad,b_white,w_500,h_500/v1788349069/0201_Compass_Monogram_H.png",,lifestyle,,detail,,scale,,alternate,1,0201_,https://mb1advancedsolutions.github.io/mb1-catalog/index.html?design=0201,
0202,MB1-0202,Compass Monogram I,lake house and nautical,"https://res.cloudinary.com/oxygre42/image/upload/f_auto,q_auto,c_pad,b_white,w_1200,h_1200/v1788349071/0202_Compass_Monogram_I.png","https://res.cloudinary.com/oxygre42/image/upload/f_auto,q_auto,c_pad,b_white,w_500,h_500/v1788349071/0202_Compass_Monogram_I.png",,lifestyle,,detail,,scale,,alternate,1,0202_,https://mb1advancedsolutions.github.io/mb1-catalog/index.html?design=0202,
0203,MB1-0203,Compass Monogram J,lake house and nautical,"https://res.cloudinary.com/oxygre42/image/upload/f_auto,q_auto,c_pad,b_white,w_1200,h_1200/v1788349073/0203_Compass_Monogram_J.png","https://res.cloudinary.com/oxygre42/image/upload/f_auto,q_auto,c_pad,b_white,w_500,h_500/v1788349073/0203_Compass_Monogram_J.png",,lifestyle,,detail,,scale,,alternate,1,0203_,https://mb1advancedsolutions.github.io/mb1-catalog/index.html?design=0203,
0204,MB1-0204,Compass Monogram K,lake house and nautical,"https://res.cloudinary.com/oxygre42/image/upload/f_auto,q_auto,c_pad,b_white,w_1200,h_1200/v1788349074/0204_Compass_Monogram_K.png","https://res.cloudinary.com/oxygre42/image/upload/f_auto,q_auto,c_pad,b_white,w_500,h_500/v1788349074/0204_Compass_Monogram_K.png",,lifestyle,,detail,,scale,,alternate,1,0204_,https://mb1advancedsolutions.github.io/mb1-catalog/index.html?design=0204,
0205,MB1-0205,Compass Monogram L,lake house and nautical,"https://res.cloudinary.com/oxygre42/image/upload/f_auto,q_auto,c_pad,b_white,w_1200,h_1200/v1788349076/0205_Compass_Monogram_L.png","https://res.cloudinary.com/oxygre42/image/upload/f_auto,q_auto,c_pad,b_white,w_500,h_500/v1788349076/0205_Compass_Monogram_L.png",,lifestyle,,detail,,scale,,alternate,1,0205_,https://mb1advancedsolutions.github.io/mb1-catalog/index.html?design=0205,
0206,MB1-0206,Compass Monogram M,lake house and nautical,"https://res.cloudinary.com/oxygre42/image/upload/f_auto,q_auto,c_pad,b_white,w_1200,h_1200/v1788349078/0206_Compass_Monogram_M.png","https://res.cloudinary.com/oxygre42/image/upload/f_auto,q_auto,c_pad,b_white,w_500,h_500/v1788349078/0206_Compass_Monogram_M.png",,lifestyle,,detail,,scale,,alternate,1,0206_,https://mb1advancedsolutions.github.io/mb1-catalog/index.html?design=0206,
0207,MB1-0207,Compass Monogram N,lake house and nautical,"https://res.cloudinary.com/oxygre42/image/upload/f_auto,q_auto,c_pad,b_white,w_1200,h_1200/v1788349080/0207_Compass_Monogram_N.png","https://res.cloudinary.com/oxygre42/image/upload/f_auto,q_auto,c_pad,b_white,w_500,h_500/v1788349080/0207_Compass_Monogram_N.png",,lifestyle,,detail,,scale,,alternate,1,0207_,https://mb1advancedsolutions.github.io/mb1-catalog/index.html?design=0207,
0208,MB1-0208,Compass Monogram O,lake house and nautical,"https://res.cloudinary.com/oxygre42/image/upload/f_auto,q_auto,c_pad,b_white,w_1200,h_1200/v1788349082/0208_Compass_Monogram_O.png","https://res.cloudinary.com/oxygre42/image/upload/f_auto,q_auto,c_pad,b_white,w_500,h_500/v1788349082/0208_Compass_Monogram_O.png",,lifestyle,,detail,,scale,,alternate,1,0208_,https://mb1advancedsolutions.github.io/mb1-catalog/index.html?design=0208,
0209,MB1-0209,Compass Monogram P,lake house and nautical,"https://res.cloudinary.com/oxygre42/image/upload/f_auto,q_auto,c_pad,b_white,w_1200,h_1200/v1788349084/0209_Compass_Monogram_P.png","https://res.cloudinary.com/oxygre42/image/upload/f_auto,q_auto,c_pad,b_white,w_500,h_500/v1788349084/0209_Compass_Monogram_P.png",,lifestyle,,detail,,scale,,alternate,1,0209_,https://mb1advancedsolutions.github.io/mb1-catalog/index.html?design=0209,
0210,MB1-0210,Compass Monogram Q,lake house and nautical,"https://res.cloudinary.com/oxygre42/image/upload/f_auto,q_auto,c_pad,b_white,w_1200,h_1200/v1788349086/0210_Compass_Monogram_Q.png","https://res.cloudinary.com/oxygre42/image/upload/f_auto,q_auto,c_pad,b_white,w_500,h_500/v1788349086/0210_Compass_Monogram_Q.png",,lifestyle,,detail,,scale,,alternate,1,0210_,https://mb1advancedsolutions.github.io/mb1-catalog/index.html?design=0210,
0211,MB1-0211,Compass Monogram R,lake house and nautical,"https://res.cloudinary.com/oxygre42/image/upload/f_auto,q_auto,c_pad,b_white,w_1200,h_1200/v1788349088/0211_Compass_Monogram_R.png","https://res.cloudinary.com/oxygre42/image/upload/f_auto,q_auto,c_pad,b_white,w_500,h_500/v1788349088/0211_Compass_Monogram_R.png",,lifestyle,,detail,,scale,,alternate,1,0211_,https://mb1advancedsolutions.github.io/mb1-catalog/index.html?design=0211,
0212,MB1-0212,Compass Monogram S,lake house and nautical,"https://res.cloudinary.com/oxygre42/image/upload/f_auto,q_auto,c_pad,b_white,w_1200,h_1200/v1788349090/0212_Compass_Monogram_S.png","https://res.cloudinary.com/oxygre42/image/upload/f_auto,q_auto,c_pad,b_white,w_500,h_500/v1788349090/0212_Compass_Monogram_S.png",,lifestyle,,detail,,scale,,alternate,1,0212_,https://mb1advancedsolutions.github.io/mb1-catalog/index.html?design=0212,
0213,MB1-0213,Compass Monogram T,lake house and nautical,"https://res.cloudinary.com/oxygre42/image/upload/f_auto,q_auto,c_pad,b_white,w_1200,h_1200/v1788349091/0213_Compass_Monogram_T.png","https://res.cloudinary.com/oxygre42/image/upload/f_auto,q_auto,c_pad,b_white,w_500,h_500/v1788349091/0213_Compass_Monogram_T.png",,lifestyle,,detail,,scale,,alternate,1,0213_,https://mb1advancedsolutions.github.io/mb1-catalog/index.html?design=0213,
0214,MB1-0214,Compass Monogram U,lake house and nautical,"https://res.cloudinary.com/oxygre42/image/upload/f_auto,q_auto,c_pad,b_white,w_1200,h_1200/v1788349093/0214_Compass_Monogram_U.png","https://res.cloudinary.com/oxygre42/image/upload/f_auto,q_auto,c_pad,b_white,w_500,h_500/v1788349093/0214_Compass_Monogram_U.png",,lifestyle,,detail,,scale,,alternate,1,0214_,https://mb1advancedsolutions.github.io/mb1-catalog/index.html?design=0214,
0215,MB1-0215,Compass Monogram V,lake house and nautical,"https://res.cloudinary.com/oxygre42/image/upload/f_auto,q_auto,c_pad,b_white,w_1200,h_1200/v1788349096/0215_Compass_Monogram_V.png","https://res.cloudinary.com/oxygre42/image/upload/f_auto,q_auto,c_pad,b_white,w_500,h_500/v1788349096/0215_Compass_Monogram_V.png",,lifestyle,,detail,,scale,,alternate,1,0215_,https://mb1advancedsolutions.github.io/mb1-catalog/index.html?design=0215,
0216,MB1-0216,Compass Monogram W,lake house and nautical,"https://res.cloudinary.com/oxygre42/image/upload/f_auto,q_auto,c_pad,b_white,w_1200,h_1200/v1788349097/0216_Compass_Monogram_W.png","https://res.cloudinary.com/oxygre42/image/upload/f_auto,q_auto,c_pad,b_white,w_500,h_500/v1788349097/0216_Compass_Monogram_W.png",,lifestyle,,detail,,scale,,alternate,1,0216_,https://mb1advancedsolutions.github.io/mb1-catalog/index.html?design=0216,
0217,MB1-0217,Compass Monogram X,lake house and nautical,"https://res.cloudinary.com/oxygre42/image/upload/f_auto,q_auto,c_pad,b_white,w_1200,h_1200/v1788349099/0217_Compass_Monogram_X.png","https://res.cloudinary.com/oxygre42/image/upload/f_auto,q_auto,c_pad,b_white,w_500,h_500/v1788349099/0217_Compass_Monogram_X.png",,lifestyle,,detail,,scale,,alternate,1,0217_,https://mb1advancedsolutions.github.io/mb1-catalog/index.html?design=0217,
0218,MB1-0218,Compass Monogram Y,lake house and nautical,"https://res.cloudinary.com/oxygre42/image/upload/f_auto,q_auto,c_pad,b_white,w_1200,h_1200/v1788349101/0218_Compass_Monogram_Y.png","https://res.cloudinary.com/oxygre42/image/upload/f_auto,q_auto,c_pad,b_white,w_500,h_500/v1788349101/0218_Compass_Monogram_Y.png",,lifestyle,,detail,,scale,,alternate,1,0218_,https://mb1advancedsolutions.github.io/mb1-catalog/index.html?design=0218,
0219,MB1-0219,Compass Monogram Z,lake house and nautical,"https://res.cloudinary.com/oxygre42/image/upload/f_auto,q_auto,c_pad,b_white,w_1200,h_1200/v1788349103/0219_Compass_Monogram_Z.png","https://res.cloudinary.com/oxygre42/image/upload/f_auto,q_auto,c_pad,b_white,w_500,h_500/v1788349103/0219_Compass_Monogram_Z.png",,lifestyle,,detail,,scale,,alternate,1,0219_,https://mb1advancedsolutions.github.io/mb1-catalog/index.html?design=0219,
0220,MB1-0220,COMPASS 1,lake house and nautical,"https://res.cloudinary.com/oxygre42/image/upload/f_auto,q_auto,c_pad,b_white,w_1200,h_1200/v1788349105/0220_COMPASS_1.png","https://res.cloudinary.com/oxygre42/image/upload/f_auto,q_auto,c_pad,b_white,w_500,h_500/v1788349105/0220_COMPASS_1.png",,lifestyle,,detail,,scale,,alternate,1,0220_,https://mb1advancedsolutions.github.io/mb1-catalog/index.html?design=0220,
0221,MB1-0221,COMPASS 10,lake house and nautical,"https://res.cloudinary.com/oxygre42/image/upload/f_auto,q_auto,c_pad,b_white,w_1200,h_1200/v1788349106/0221_COMPASS_10.png","https://res.cloudinary.com/oxygre42/image/upload/f_auto,q_auto,c_pad,b_white,w_500,h_500/v1788349106/0221_COMPASS_10.png",,lifestyle,,detail,,scale,,alternate,1,0221_,https://mb1advancedsolutions.github.io/mb1-catalog/index.html?design=0221,
0222,MB1-0222,COMPASS 11,lake house and nautical,"https://res.cloudinary.com/oxygre42/image/upload/f_auto,q_auto,c_pad,b_white,w_1200,h_1200/v1788349108/0222_COMPASS_11.png","https://res.cloudinary.com/oxygre42/image/upload/f_auto,q_auto,c_pad,b_white,w_500,h_500/v1788349108/0222_COMPASS_11.png",,lifestyle,,detail,,scale,,alternate,1,0222_,https://mb1advancedsolutions.github.io/mb1-catalog/index.html?design=0222,
0223,MB1-0223,COMPASS 12,lake house and nautical,"https://res.cloudinary.com/oxygre42/image/upload/f_auto,q_auto,c_pad,b_white,w_1200,h_1200/v1788349110/0223_COMPASS_12.png","https://res.cloudinary.com/oxygre42/image/upload/f_auto,q_auto,c_pad,b_white,w_500,h_500/v1788349110/0223_COMPASS_12.png",,lifestyle,,detail,,scale,,alternate,1,0223_,https://mb1advancedsolutions.github.io/mb1-catalog/index.html?design=0223,
0224,MB1-0224,COMPASS 13,lake house and nautical,"https://res.cloudinary.com/oxygre42/image/upload/f_auto,q_auto,c_pad,b_white,w_1200,h_1200/v1788349112/0224_COMPASS_13.png","https://res.cloudinary.com/oxygre42/image/upload/f_auto,q_auto,c_pad,b_white,w_500,h_500/v1788349112/0224_COMPASS_13.png",,lifestyle,,detail,,scale,,alternate,1,0224_,https://mb1advancedsolutions.github.io/mb1-catalog/index.html?design=0224,
0225,MB1-0225,COMPASS 14,lake house and nautical,"https://res.cloudinary.com/oxygre42/image/upload/f_auto,q_auto,c_pad,b_white,w_1200,h_1200/v1788349114/0225_COMPASS_14.png","https://res.cloudinary.com/oxygre42/image/upload/f_auto,q_auto,c_pad,b_white,w_500,h_500/v1788349114/0225_COMPASS_14.png",,lifestyle,,detail,,scale,,alternate,1,0225_,https://mb1advancedsolutions.github.io/mb1-catalog/index.html?design=0225,
0226,MB1-0226,COMPASS 15,lake house and nautical,"https://res.cloudinary.com/oxygre42/image/upload/f_auto,q_auto,c_pad,b_white,w_1200,h_1200/v1788349116/0226_COMPASS_15.png","https://res.cloudinary.com/oxygre42/image/upload/f_auto,q_auto,c_pad,b_white,w_500,h_500/v1788349116/0226_COMPASS_15.png",,lifestyle,,detail,,scale,,alternate,1,0226_,https://mb1advancedsolutions.github.io/mb1-catalog/index.html?design=0226,
0227,MB1-0227,COMPASS 16,lake house and nautical,"https://res.cloudinary.com/oxygre42/image/upload/f_auto,q_auto,c_pad,b_white,w_1200,h_1200/v1788349118/0227_COMPASS_16.png","https://res.cloudinary.com/oxygre42/image/upload/f_auto,q_auto,c_pad,b_white,w_500,h_500/v1788349118/0227_COMPASS_16.png",,lifestyle,,detail,,scale,,alternate,1,0227_,https://mb1advancedsolutions.github.io/mb1-catalog/index.html?design=0227,
0228,MB1-0228,COMPASS 17,lake house and nautical,"https://res.cloudinary.com/oxygre42/image/upload/f_auto,q_auto,c_pad,b_white,w_1200,h_1200/v1788349120/0228_COMPASS_17.png","https://res.cloudinary.com/oxygre42/image/upload/f_auto,q_auto,c_pad,b_white,w_500,h_500/v1788349120/0228_COMPASS_17.png",,lifestyle,,detail,,scale,,alternate,1,0228_,https://mb1advancedsolutions.github.io/mb1-catalog/index.html?design=0228,
0229,MB1-0229,COMPASS 18,lake house and nautical,"https://res.cloudinary.com/oxygre42/image/upload/f_auto,q_auto,c_pad,b_white,w_1200,h_1200/v1788349122/0229_COMPASS_18.png","https://res.cloudinary.com/oxygre42/image/upload/f_auto,q_auto,c_pad,b_white,w_500,h_500/v1788349122/0229_COMPASS_18.png",,lifestyle,,detail,,scale,,alternate,1,0229_,https://mb1advancedsolutions.github.io/mb1-catalog/index.html?design=0229,
0230,MB1-0230,COMPASS 19,lake house and nautical,"https://res.cloudinary.com/oxygre42/image/upload/f_auto,q_auto,c_pad,b_white,w_1200,h_1200/v1788349123/0230_COMPASS_19.png","https://res.cloudinary.com/oxygre42/image/upload/f_auto,q_auto,c_pad,b_white,w_500,h_500/v1788349123/0230_COMPASS_19.png",,lifestyle,,detail,,scale,,alternate,1,0230_,https://mb1advancedsolutions.github.io/mb1-catalog/index.html?design=0230,
0231,MB1-0231,COMPASS 2,lake house and nautical,"https://res.cloudinary.com/oxygre42/image/upload/f_auto,q_auto,c_pad,b_white,w_1200,h_1200/v1788349125/0231_COMPASS_2.png","https://res.cloudinary.com/oxygre42/image/upload/f_auto,q_auto,c_pad,b_white,w_500,h_500/v1788349125/0231_COMPASS_2.png",,lifestyle,,detail,,scale,,alternate,1,0231_,https://mb1advancedsolutions.github.io/mb1-catalog/index.html?design=0231,
0232,MB1-0232,COMPASS 20,lake house and nautical,"https://res.cloudinary.com/oxygre42/image/upload/f_auto,q_auto,c_pad,b_white,w_1200,h_1200/v1788349128/0232_COMPASS_20.png","https://res.cloudinary.com/oxygre42/image/upload/f_auto,q_auto,c_pad,b_white,w_500,h_500/v1788349128/0232_COMPASS_20.png",,lifestyle,,detail,,scale,,alternate,1,0232_,https://mb1advancedsolutions.github.io/mb1-catalog/index.html?design=0232,
0233,MB1-0233,COMPASS 3,lake house and nautical,"https://res.cloudinary.com/oxygre42/image/upload/f_auto,q_auto,c_pad,b_white,w_1200,h_1200/v1788349129/0233_COMPASS_3.png","https://res.cloudinary.com/oxygre42/image/upload/f_auto,q_auto,c_pad,b_white,w_500,h_500/v1788349129/0233_COMPASS_3.png",,lifestyle,,detail,,scale,,alternate,1,0233_,https://mb1advancedsolutions.github.io/mb1-catalog/index.html?design=0233,
0234,MB1-0234,COMPASS 4,lake house and nautical,"https://res.cloudinary.com/oxygre42/image/upload/f_auto,q_auto,c_pad,b_white,w_1200,h_1200/v1788349131/0234_COMPASS_4.png","https://res.cloudinary.com/oxygre42/image/upload/f_auto,q_auto,c_pad,b_white,w_500,h_500/v1788349131/0234_COMPASS_4.png",,lifestyle,,detail,,scale,,alternate,1,0234_,https://mb1advancedsolutions.github.io/mb1-catalog/index.html?design=0234,
0235,MB1-0235,COMPASS 5,lake house and nautical,"https://res.cloudinary.com/oxygre42/image/upload/f_auto,q_auto,c_pad,b_white,w_1200,h_1200/v1788349133/0235_COMPASS_5.png","https://res.cloudinary.com/oxygre42/image/upload/f_auto,q_auto,c_pad,b_white,w_500,h_500/v1788349133/0235_COMPASS_5.png",,lifestyle,,detail,,scale,,alternate,1,0235_,https://mb1advancedsolutions.github.io/mb1-catalog/index.html?design=0235,
0236,MB1-0236,COMPASS 6,lake house and nautical,"https://res.cloudinary.com/oxygre42/image/upload/f_auto,q_auto,c_pad,b_white,w_1200,h_1200/v1788349135/0236_COMPASS_6.png","https://res.cloudinary.com/oxygre42/image/upload/f_auto,q_auto,c_pad,b_white,w_500,h_500/v1788349135/0236_COMPASS_6.png",,lifestyle,,detail,,scale,,alternate,1,0236_,https://mb1advancedsolutions.github.io/mb1-catalog/index.html?design=0236,
0237,MB1-0237,COMPASS 7,lake house and nautical,"https://res.cloudinary.com/oxygre42/image/upload/f_auto,q_auto,c_pad,b_white,w_1200,h_1200/v1788349137/0237_COMPASS_7.png","https://res.cloudinary.com/oxygre42/image/upload/f_auto,q_auto,c_pad,b_white,w_500,h_500/v1788349137/0237_COMPASS_7.png",,lifestyle,,detail,,scale,,alternate,1,0237_,https://mb1advancedsolutions.github.io/mb1-catalog/index.html?design=0237,
0238,MB1-0238,COMPASS 8,lake house and nautical,"https://res.cloudinary.com/oxygre42/image/upload/f_auto,q_auto,c_pad,b_white,w_1200,h_1200/v1788349139/0238_COMPASS_8.png","https://res.cloudinary.com/oxygre42/image/upload/f_auto,q_auto,c_pad,b_white,w_500,h_500/v1788349139/0238_COMPASS_8.png",,lifestyle,,detail,,scale,,alternate,1,0238_,https://mb1advancedsolutions.github.io/mb1-catalog/index.html?design=0238,
0239,MB1-0239,COMPASS 9,lake house and nautical,"https://res.cloudinary.com/oxygre42/image/upload/f_auto,q_auto,c_pad,b_white,w_1200,h_1200/v1788349141/0239_COMPASS_9.png","https://res.cloudinary.com/oxygre42/image/upload/f_auto,q_auto,c_pad,b_white,w_500,h_500/v1788349141/0239_COMPASS_9.png",,lifestyle,,detail,,scale,,alternate,1,0239_,https://mb1advancedsolutions.github.io/mb1-catalog/index.html?design=0239,
0240,MB1-0240,Compass Anchor,lake house and nautical,"https://res.cloudinary.com/oxygre42/image/upload/f_auto,q_auto,c_pad,b_white,w_1200,h_1200/v1788349142/0240_Compass_Anchor.png","https://res.cloudinary.com/oxygre42/image/upload/f_auto,q_auto,c_pad,b_white,w_500,h_500/v1788349142/0240_Compass_Anchor.png",,lifestyle,,detail,,scale,,alternate,1,0240_,https://mb1advancedsolutions.github.io/mb1-catalog/index.html?design=0240,
0241,MB1-0241,Compass Bear,lake house and nautical,"https://res.cloudinary.com/oxygre42/image/upload/f_auto,q_auto,c_pad,b_white,w_1200,h_1200/v1788349144/0241_Compass_Bear.png","https://res.cloudinary.com/oxygre42/image/upload/f_auto,q_auto,c_pad,b_white,w_500,h_500/v1788349144/0241_Compass_Bear.png",,lifestyle,,detail,,scale,,alternate,1,0241_,https://mb1advancedsolutions.github.io/mb1-catalog/index.html?design=0241,
0242,MB1-0242,Compass Deer,lake house and nautical,"https://res.cloudinary.com/oxygre42/image/upload/f_auto,q_auto,c_pad,b_white,w_1200,h_1200/v1788349146/0242_Compass_Deer.png","https://res.cloudinary.com/oxygre42/image/upload/f_auto,q_auto,c_pad,b_white,w_500,h_500/v1788349146/0242_Compass_Deer.png",,lifestyle,,detail,,scale,,alternate,1,0242_,https://mb1advancedsolutions.github.io/mb1-catalog/index.html?design=0242,
0243,MB1-0243,Compass Elk,lake house and nautical,"https://res.cloudinary.com/oxygre42/image/upload/f_auto,q_auto,c_pad,b_white,w_1200,h_1200/v1788349148/0243_Compass_Elk.png","https://res.cloudinary.com/oxygre42/image/upload/f_auto,q_auto,c_pad,b_white,w_500,h_500/v1788349148/0243_Compass_Elk.png",,lifestyle,,detail,,scale,,alternate,1,0243_,https://mb1advancedsolutions.github.io/mb1-catalog/index.html?design=0243,
0244,MB1-0244,Compass Fish,lake house and nautical,"https://res.cloudinary.com/oxygre42/image/upload/f_auto,q_auto,c_pad,b_white,w_1200,h_1200/v1788349150/0244_Compass_Fish.png","https://res.cloudinary.com/oxygre42/image/upload/f_auto,q_auto,c_pad,b_white,w_500,h_500/v1788349150/0244_Compass_Fish.png",,lifestyle,,detail,,scale,,alternate,1,0244_,https://mb1advancedsolutions.github.io/mb1-catalog/index.html?design=0244,
0245,MB1-0245,Compass Hunter Dog,sports and hobbies,"https://res.cloudinary.com/oxygre42/image/upload/f_auto,q_auto,c_pad,b_white,w_1200,h_1200/v1788349153/0245_Compass_Hunter_Dog.png","https://res.cloudinary.com/oxygre42/image/upload/f_auto,q_auto,c_pad,b_white,w_500,h_500/v1788349153/0245_Compass_Hunter_Dog.png",,lifestyle,,detail,,scale,,alternate,1,0245_,https://mb1advancedsolutions.github.io/mb1-catalog/index.html?design=0245,
0246,MB1-0246,Compass Hunter Pheaseant,sports and hobbies,"https://res.cloudinary.com/oxygre42/image/upload/f_auto,q_auto,c_pad,b_white,w_1200,h_1200/v1788349154/0246_Compass_Hunter_Pheaseant.png","https://res.cloudinary.com/oxygre42/image/upload/f_auto,q_auto,c_pad,b_white,w_500,h_500/v1788349154/0246_Compass_Hunter_Pheaseant.png",,lifestyle,,detail,,scale,,alternate,1,0246_,https://mb1advancedsolutions.github.io/mb1-catalog/index.html?design=0246,
0247,MB1-0247,Compass Sign,lake house and nautical,"https://res.cloudinary.com/oxygre42/image/upload/f_auto,q_auto,c_pad,b_white,w_1200,h_1200/v1788349157/0247_Compass_Sign.png","https://res.cloudinary.com/oxygre42/image/upload/f_auto,q_auto,c_pad,b_white,w_500,h_500/v1788349157/0247_Compass_Sign.png",,lifestyle,,detail,,scale,,alternate,1,0247_,https://mb1advancedsolutions.github.io/mb1-catalog/index.html?design=0247,
0248,MB1-0248,Compass Wolves,lake house and nautical,"https://res.cloudinary.com/oxygre42/image/upload/f_auto,q_auto,c_pad,b_white,w_1200,h_1200/v1788349157/0248_Compass_Wolves.png","https://res.cloudinary.com/oxygre42/image/upload/f_auto,q_auto,c_pad,b_white,w_500,h_500/v1788349157/0248_Compass_Wolves.png",,lifestyle,,detail,,scale,,alternate,1,0248_,https://mb1advancedsolutions.github.io/mb1-catalog/index.html?design=0248,
0249,MB1-0249,Earth Compass model 24 inch compact,lake house and nautical,"https://res.cloudinary.com/oxygre42/image/upload/f_auto,q_auto,c_pad,b_white,w_1200,h_1200/v1788349159/0249_Earth_Compass_model_24_inch_compact.png","https://res.cloudinary.com/oxygre42/image/upload/f_auto,q_auto,c_pad,b_white,w_500,h_500/v1788349159/0249_Earth_Compass_model_24_inch_compact.png",,lifestyle,,detail,,scale,,alternate,1,0249_,https://mb1advancedsolutions.github.io/mb1-catalog/index.html?design=0249,
0250,MB1-0250,Earth Compass model 24 inch,lake house and nautical,"https://res.cloudinary.com/oxygre42/image/upload/f_auto,q_auto,c_pad,b_white,w_1200,h_1200/v1788349161/0250_Earth_Compass_model_24_inch.png","https://res.cloudinary.com/oxygre42/image/upload/f_auto,q_auto,c_pad,b_white,w_500,h_500/v1788349161/0250_Earth_Compass_model_24_inch.png",,lifestyle,,detail,,scale,,alternate,1,0250_,https://mb1advancedsolutions.github.io/mb1-catalog/index.html?design=0250,
0251,MB1-0251,compass globe,lake house and nautical,"https://res.cloudinary.com/oxygre42/image/upload/f_auto,q_auto,c_pad,b_white,w_1200,h_1200/v1788349163/0251_compass_globe.png","https://res.cloudinary.com/oxygre42/image/upload/f_auto,q_auto,c_pad,b_white,w_500,h_500/v1788349163/0251_compass_globe.png",,lifestyle,,detail,,scale,,alternate,1,0251_,https://mb1advancedsolutions.github.io/mb1-catalog/index.html?design=0251,
0252,MB1-0252,compass love is a journey,lake house and nautical,"https://res.cloudinary.com/oxygre42/image/upload/f_auto,q_auto,c_pad,b_white,w_1200,h_1200/v1788349165/0252_compass_love_is_a_journey.png","https://res.cloudinary.com/oxygre42/image/upload/f_auto,q_auto,c_pad,b_white,w_500,h_500/v1788349165/0252_compass_love_is_a_journey.png",,lifestyle,,detail,,scale,,alternate,1,0252_,https://mb1advancedsolutions.github.io/mb1-catalog/index.html?design=0252,
0253,MB1-0253,Apple Pie Rev,home decor and inspirational,"https://res.cloudinary.com/oxygre42/image/upload/f_auto,q_auto,c_pad,b_white,w_1200,h_1200/v1788349167/0253_Apple_Pie_Rev.png","https://res.cloudinary.com/oxygre42/image/upload/f_auto,q_auto,c_pad,b_white,w_500,h_500/v1788349167/0253_Apple_Pie_Rev.png",,lifestyle,,detail,,scale,,alternate,1,0253_,https://mb1advancedsolutions.github.io/mb1-catalog/index.html?design=0253,
0254,MB1-0254,Corn liquor Rev,home decor and inspirational,"https://res.cloudinary.com/oxygre42/image/upload/f_auto,q_auto,c_pad,b_white,w_1200,h_1200/v1788349169/0254_Corn_liquor_Rev.png","https://res.cloudinary.com/oxygre42/image/upload/f_auto,q_auto,c_pad,b_white,w_500,h_500/v1788349169/0254_Corn_liquor_Rev.png",,lifestyle,,detail,,scale,,alternate,1,0254_,https://mb1advancedsolutions.github.io/mb1-catalog/index.html?design=0254,
0255,MB1-0255,Less Ugly,home decor and inspirational,"https://res.cloudinary.com/oxygre42/image/upload/f_auto,q_auto,c_pad,b_white,w_1200,h_1200/v1788349171/0255_Less_Ugly.png","https://res.cloudinary.com/oxygre42/image/upload/f_auto,q_auto,c_pad,b_white,w_500,h_500/v1788349171/0255_Less_Ugly.png",,lifestyle,,detail,,scale,,alternate,1,0255_,https://mb1advancedsolutions.github.io/mb1-catalog/index.html?design=0255,
0256,MB1-0256,Luckys Bar,sports and hobbies,"https://res.cloudinary.com/oxygre42/image/upload/f_auto,q_auto,c_pad,b_white,w_1200,h_1200/v1788349172/0256_Luckys_Bar.png","https://res.cloudinary.com/oxygre42/image/upload/f_auto,q_auto,c_pad,b_white,w_500,h_500/v1788349172/0256_Luckys_Bar.png",,lifestyle,,detail,,scale,,alternate,1,0256_,https://mb1advancedsolutions.github.io/mb1-catalog/index.html?design=0256,
0257,MB1-0257,Pacific Northwest,home decor and inspirational,"https://res.cloudinary.com/oxygre42/image/upload/f_auto,q_auto,c_pad,b_white,w_1200,h_1200/v1788349174/0257_Pacific_Northwest.png","https://res.cloudinary.com/oxygre42/image/upload/f_auto,q_auto,c_pad,b_white,w_500,h_500/v1788349174/0257_Pacific_Northwest.png",,lifestyle,,detail,,scale,,alternate,1,0257_,https://mb1advancedsolutions.github.io/mb1-catalog/index.html?design=0257,
0258,MB1-0258,Pinot Gris,home decor and inspirational,"https://res.cloudinary.com/oxygre42/image/upload/f_auto,q_auto,c_pad,b_white,w_1200,h_1200/v1788349176/0258_Pinot_Gris.png","https://res.cloudinary.com/oxygre42/image/upload/f_auto,q_auto,c_pad,b_white,w_500,h_500/v1788349176/0258_Pinot_Gris.png",,lifestyle,,detail,,scale,,alternate,1,0258_,https://mb1advancedsolutions.github.io/mb1-catalog/index.html?design=0258,
0259,MB1-0259,Wine shop Rev,sports and hobbies,"https://res.cloudinary.com/oxygre42/image/upload/f_auto,q_auto,c_pad,b_white,w_1200,h_1200/v1788349178/0259_Wine_shop_Rev.png","https://res.cloudinary.com/oxygre42/image/upload/f_auto,q_auto,c_pad,b_white,w_500,h_500/v1788349178/0259_Wine_shop_Rev.png",,lifestyle,,detail,,scale,,alternate,1,0259_,https://mb1advancedsolutions.github.io/mb1-catalog/index.html?design=0259,
0260,MB1-0260,You are the Salt,home decor and inspirational,"https://res.cloudinary.com/oxygre42/image/upload/f_auto,q_auto,c_pad,b_white,w_1200,h_1200/v1788349180/0260_You_are_the_Salt.png","https://res.cloudinary.com/oxygre42/image/upload/f_auto,q_auto,c_pad,b_white,w_500,h_500/v1788349180/0260_You_are_the_Salt.png",,lifestyle,,detail,,scale,,alternate,1,0260_,https://mb1advancedsolutions.github.io/mb1-catalog/index.html?design=0260,
0261,MB1-0261,the Best Beer,sports and hobbies,"https://res.cloudinary.com/oxygre42/image/upload/f_auto,q_auto,c_pad,b_white,w_1200,h_1200/v1788349182/0261_the_Best_Beer.png","https://res.cloudinary.com/oxygre42/image/upload/f_auto,q_auto,c_pad,b_white,w_500,h_500/v1788349182/0261_the_Best_Beer.png",,lifestyle,,detail,,scale,,alternate,1,0261_,https://mb1advancedsolutions.github.io/mb1-catalog/index.html?design=0261,
0262,MB1-0262,DAD'S GARAGE,garage and workshop,"https://res.cloudinary.com/oxygre42/image/upload/f_auto,q_auto,c_pad,b_white,w_1200,h_1200/v1788349184/0262_DAD_S_GARAGE.png","https://res.cloudinary.com/oxygre42/image/upload/f_auto,q_auto,c_pad,b_white,w_500,h_500/v1788349184/0262_DAD_S_GARAGE.png",,lifestyle,,detail,,scale,,alternate,1,0262_,https://mb1advancedsolutions.github.io/mb1-catalog/index.html?design=0262,
0263,MB1-0263,DAD'S HANGAR,garage and workshop,"https://res.cloudinary.com/oxygre42/image/upload/f_auto,q_auto,c_pad,b_white,w_1200,h_1200/v1788349186/0263_DAD_S_HANGAR.png","https://res.cloudinary.com/oxygre42/image/upload/f_auto,q_auto,c_pad,b_white,w_500,h_500/v1788349186/0263_DAD_S_HANGAR.png",,lifestyle,,detail,,scale,,alternate,1,0263_,https://mb1advancedsolutions.github.io/mb1-catalog/index.html?design=0263,
0264,MB1-0264,DAD'S MAN CAVE,family & name,"https://res.cloudinary.com/oxygre42/image/upload/f_auto,q_auto,c_pad,b_white,w_1200,h_1200/v1788349188/0264_DAD_S_MAN_CAVE.png","https://res.cloudinary.com/oxygre42/image/upload/f_auto,q_auto,c_pad,b_white,w_500,h_500/v1788349188/0264_DAD_S_MAN_CAVE.png",,lifestyle,,detail,,scale,,alternate,1,0264_,https://mb1advancedsolutions.github.io/mb1-catalog/index.html?design=0264,
0265,MB1-0265,DAD'S WORKSHOP,garage and workshop,"https://res.cloudinary.com/oxygre42/image/upload/f_auto,q_auto,c_pad,b_white,w_1200,h_1200/v1788349189/0265_DAD_S_WORKSHOP.png","https://res.cloudinary.com/oxygre42/image/upload/f_auto,q_auto,c_pad,b_white,w_500,h_500/v1788349189/0265_DAD_S_WORKSHOP.png",,lifestyle,,detail,,scale,,alternate,1,0265_,https://mb1advancedsolutions.github.io/mb1-catalog/index.html?design=0265,
0266,MB1-0266,DAD'S GARAGE 2,garage and workshop,"https://res.cloudinary.com/oxygre42/image/upload/f_auto,q_auto,c_pad,b_white,w_1200,h_1200/v1788349191/0266_DAD_S_GARAGE_2.png","https://res.cloudinary.com/oxygre42/image/upload/f_auto,q_auto,c_pad,b_white,w_500,h_500/v1788349191/0266_DAD_S_GARAGE_2.png",,lifestyle,,detail,,scale,,alternate,1,0266_,https://mb1advancedsolutions.github.io/mb1-catalog/index.html?design=0266,
0267,MB1-0267,DAD'S GARAGE 4,garage and workshop,"https://res.cloudinary.com/oxygre42/image/upload/f_auto,q_auto,c_pad,b_white,w_1200,h_1200/v1788349193/0267_DAD_S_GARAGE_4.png","https://res.cloudinary.com/oxygre42/image/upload/f_auto,q_auto,c_pad,b_white,w_500,h_500/v1788349193/0267_DAD_S_GARAGE_4.png",,lifestyle,,detail,,scale,,alternate,1,0267_,https://mb1advancedsolutions.github.io/mb1-catalog/index.html?design=0267,
0268,MB1-0268,DAD'S GARAGE VINTAGE 2,garage and workshop,"https://res.cloudinary.com/oxygre42/image/upload/f_auto,q_auto,c_pad,b_white,w_1200,h_1200/v1788349195/0268_DAD_S_GARAGE_VINTAGE_2.png","https://res.cloudinary.com/oxygre42/image/upload/f_auto,q_auto,c_pad,b_white,w_500,h_500/v1788349195/0268_DAD_S_GARAGE_VINTAGE_2.png",,lifestyle,,detail,,scale,,alternate,1,0268_,https://mb1advancedsolutions.github.io/mb1-catalog/index.html?design=0268,
0269,MB1-0269,DAD'S GARAGE VINTAGE,garage and workshop,"https://res.cloudinary.com/oxygre42/image/upload/f_auto,q_auto,c_pad,b_white,w_1200,h_1200/v1788349197/0269_DAD_S_GARAGE_VINTAGE.png","https://res.cloudinary.com/oxygre42/image/upload/f_auto,q_auto,c_pad,b_white,w_500,h_500/v1788349197/0269_DAD_S_GARAGE_VINTAGE.png",,lifestyle,,detail,,scale,,alternate,1,0269_,https://mb1advancedsolutions.github.io/mb1-catalog/index.html?design=0269,
0272,MB1-0272,DAD'S MANCAVE ,family & name,"https://res.cloudinary.com/oxygre42/image/upload/f_auto,q_auto,c_pad,b_white,w_1200,h_1200/v1788349199/0272_DAD_S_MANCAVE.png","https://res.cloudinary.com/oxygre42/image/upload/f_auto,q_auto,c_pad,b_white,w_500,h_500/v1788349199/0272_DAD_S_MANCAVE.png",,lifestyle,,detail,,scale,,alternate,1,0272_,https://mb1advancedsolutions.github.io/mb1-catalog/index.html?design=0272,
0273,MB1-0273,DAD'S SHOP,garage and workshop,"https://res.cloudinary.com/oxygre42/image/upload/f_auto,q_auto,c_pad,b_white,w_1200,h_1200/v1788349201/0273_DAD_S_SHOP.png","https://res.cloudinary.com/oxygre42/image/upload/f_auto,q_auto,c_pad,b_white,w_500,h_500/v1788349201/0273_DAD_S_SHOP.png",,lifestyle,,detail,,scale,,alternate,1,0273_,https://mb1advancedsolutions.github.io/mb1-catalog/index.html?design=0273,
0274,MB1-0274,DAD'S WORKSHOP 2,garage and workshop,"https://res.cloudinary.com/oxygre42/image/upload/f_auto,q_auto,c_pad,b_white,w_1200,h_1200/v1788349203/0274_DAD_S_WORKSHOP_2.png","https://res.cloudinary.com/oxygre42/image/upload/f_auto,q_auto,c_pad,b_white,w_500,h_500/v1788349203/0274_DAD_S_WORKSHOP_2.png",,lifestyle,,detail,,scale,,alternate,1,0274_,https://mb1advancedsolutions.github.io/mb1-catalog/index.html?design=0274,
0276,MB1-0276,DADDY'S WORKSHOP 2,garage and workshop,"https://res.cloudinary.com/oxygre42/image/upload/f_auto,q_auto,c_pad,b_white,w_1200,h_1200/v1788349205/0276_DADDY_S_WORKSHOP_2.png","https://res.cloudinary.com/oxygre42/image/upload/f_auto,q_auto,c_pad,b_white,w_500,h_500/v1788349205/0276_DADDY_S_WORKSHOP_2.png",,lifestyle,,detail,,scale,,alternate,1,0276_,https://mb1advancedsolutions.github.io/mb1-catalog/index.html?design=0276,
0277,MB1-0277,DADDY'S WORKSHOP,garage and workshop,"https://res.cloudinary.com/oxygre42/image/upload/f_auto,q_auto,c_pad,b_white,w_1200,h_1200/v1788349207/0277_DADDY_S_WORKSHOP.png","https://res.cloudinary.com/oxygre42/image/upload/f_auto,q_auto,c_pad,b_white,w_500,h_500/v1788349207/0277_DADDY_S_WORKSHOP.png",,lifestyle,,detail,,scale,,alternate,1,0277_,https://mb1advancedsolutions.github.io/mb1-catalog/index.html?design=0277,
0278,MB1-0278,GARAGE FREE SIGN ,garage and workshop,"https://res.cloudinary.com/oxygre42/image/upload/f_auto,q_auto,c_pad,b_white,w_1200,h_1200/v1788349208/0278_GARAGE_FREE_SIGN.png","https://res.cloudinary.com/oxygre42/image/upload/f_auto,q_auto,c_pad,b_white,w_500,h_500/v1788349208/0278_GARAGE_FREE_SIGN.png",,lifestyle,,detail,,scale,,alternate,1,0278_,https://mb1advancedsolutions.github.io/mb1-catalog/index.html?design=0278,
0279,MB1-0279,REPAIRS BY DAD,garage and workshop,"https://res.cloudinary.com/oxygre42/image/upload/f_auto,q_auto,c_pad,b_white,w_1200,h_1200/v1788349210/0279_REPAIRS_BY_DAD.png","https://res.cloudinary.com/oxygre42/image/upload/f_auto,q_auto,c_pad,b_white,w_500,h_500/v1788349210/0279_REPAIRS_BY_DAD.png",,lifestyle,,detail,,scale,,alternate,1,0279_,https://mb1advancedsolutions.github.io/mb1-catalog/index.html?design=0279,
0280,MB1-0280,VINTAGE GARAGE SIGN,garage and workshop,"https://res.cloudinary.com/oxygre42/image/upload/f_auto,q_auto,c_pad,b_white,w_1200,h_1200/v1788349212/0280_VINTAGE_GARAGE_SIGN.png","https://res.cloudinary.com/oxygre42/image/upload/f_auto,q_auto,c_pad,b_white,w_500,h_500/v1788349212/0280_VINTAGE_GARAGE_SIGN.png",,lifestyle,,detail,,scale,,alternate,1,0280_,https://mb1advancedsolutions.github.io/mb1-catalog/index.html?design=0280,
0281,MB1-0281,EAGLE 1,wildlife and outdoors,"https://res.cloudinary.com/oxygre42/image/upload/f_auto,q_auto,c_pad,b_white,w_1200,h_1200/v1788349214/0281_EAGLE_1.png","https://res.cloudinary.com/oxygre42/image/upload/f_auto,q_auto,c_pad,b_white,w_500,h_500/v1788349214/0281_EAGLE_1.png",,lifestyle,,detail,,scale,,alternate,1,0281_,https://mb1advancedsolutions.github.io/mb1-catalog/index.html?design=0281,
0282,MB1-0282,EAGLE 10,wildlife and outdoors,"https://res.cloudinary.com/oxygre42/image/upload/f_auto,q_auto,c_pad,b_white,w_1200,h_1200/v1788349216/0282_EAGLE_10.png","https://res.cloudinary.com/oxygre42/image/upload/f_auto,q_auto,c_pad,b_white,w_500,h_500/v1788349216/0282_EAGLE_10.png",,lifestyle,,detail,,scale,,alternate,1,0282_,https://mb1advancedsolutions.github.io/mb1-catalog/index.html?design=0282,
0283,MB1-0283,EAGLE 11,wildlife and outdoors,"https://res.cloudinary.com/oxygre42/image/upload/f_auto,q_auto,c_pad,b_white,w_1200,h_1200/v1788349218/0283_EAGLE_11.png","https://res.cloudinary.com/oxygre42/image/upload/f_auto,q_auto,c_pad,b_white,w_500,h_500/v1788349218/0283_EAGLE_11.png",,lifestyle,,detail,,scale,,alternate,1,0283_,https://mb1advancedsolutions.github.io/mb1-catalog/index.html?design=0283,
0284,MB1-0284,EAGLE 12,wildlife and outdoors,"https://res.cloudinary.com/oxygre42/image/upload/f_auto,q_auto,c_pad,b_white,w_1200,h_1200/v1788349220/0284_EAGLE_12.png","https://res.cloudinary.com/oxygre42/image/upload/f_auto,q_auto,c_pad,b_white,w_500,h_500/v1788349220/0284_EAGLE_12.png",,lifestyle,,detail,,scale,,alternate,1,0284_,https://mb1advancedsolutions.github.io/mb1-catalog/index.html?design=0284,
0285,MB1-0285,EAGLE 13,wildlife and outdoors,"https://res.cloudinary.com/oxygre42/image/upload/f_auto,q_auto,c_pad,b_white,w_1200,h_1200/v1788349222/0285_EAGLE_13.png","https://res.cloudinary.com/oxygre42/image/upload/f_auto,q_auto,c_pad,b_white,w_500,h_500/v1788349222/0285_EAGLE_13.png",,lifestyle,,detail,,scale,,alternate,1,0285_,https://mb1advancedsolutions.github.io/mb1-catalog/index.html?design=0285,
0286,MB1-0286,EAGLE 14,wildlife and outdoors,"https://res.cloudinary.com/oxygre42/image/upload/f_auto,q_auto,c_pad,b_white,w_1200,h_1200/v1788349223/0286_EAGLE_14.png","https://res.cloudinary.com/oxygre42/image/upload/f_auto,q_auto,c_pad,b_white,w_500,h_500/v1788349223/0286_EAGLE_14.png",,lifestyle,,detail,,scale,,alternate,1,0286_,https://mb1advancedsolutions.github.io/mb1-catalog/index.html?design=0286,
0287,MB1-0287,EAGLE 15,wildlife and outdoors,"https://res.cloudinary.com/oxygre42/image/upload/f_auto,q_auto,c_pad,b_white,w_1200,h_1200/v1788349225/0287_EAGLE_15.png","https://res.cloudinary.com/oxygre42/image/upload/f_auto,q_auto,c_pad,b_white,w_500,h_500/v1788349225/0287_EAGLE_15.png",,lifestyle,,detail,,scale,,alternate,1,0287_,https://mb1advancedsolutions.github.io/mb1-catalog/index.html?design=0287,
0288,MB1-0288,EAGLE 16,wildlife and outdoors,"https://res.cloudinary.com/oxygre42/image/upload/f_auto,q_auto,c_pad,b_white,w_1200,h_1200/v1788349227/0288_EAGLE_16.png","https://res.cloudinary.com/oxygre42/image/upload/f_auto,q_auto,c_pad,b_white,w_500,h_500/v1788349227/0288_EAGLE_16.png",,lifestyle,,detail,,scale,,alternate,1,0288_,https://mb1advancedsolutions.github.io/mb1-catalog/index.html?design=0288,
0289,MB1-0289,EAGLE 17,wildlife and outdoors,"https://res.cloudinary.com/oxygre42/image/upload/f_auto,q_auto,c_pad,b_white,w_1200,h_1200/v1788349229/0289_EAGLE_17.png","https://res.cloudinary.com/oxygre42/image/upload/f_auto,q_auto,c_pad,b_white,w_500,h_500/v1788349229/0289_EAGLE_17.png",,lifestyle,,detail,,scale,,alternate,1,0289_,https://mb1advancedsolutions.github.io/mb1-catalog/index.html?design=0289,
0290,MB1-0290,EAGLE 18,wildlife and outdoors,"https://res.cloudinary.com/oxygre42/image/upload/f_auto,q_auto,c_pad,b_white,w_1200,h_1200/v1788349231/0290_EAGLE_18.png","https://res.cloudinary.com/oxygre42/image/upload/f_auto,q_auto,c_pad,b_white,w_500,h_500/v1788349231/0290_EAGLE_18.png",,lifestyle,,detail,,scale,,alternate,1,0290_,https://mb1advancedsolutions.github.io/mb1-catalog/index.html?design=0290,
0291,MB1-0291,EAGLE 19 SVG LASER,wildlife and outdoors,"https://res.cloudinary.com/oxygre42/image/upload/f_auto,q_auto,c_pad,b_white,w_1200,h_1200/v1788349233/0291_EAGLE_19_SVG_LASER.png","https://res.cloudinary.com/oxygre42/image/upload/f_auto,q_auto,c_pad,b_white,w_500,h_500/v1788349233/0291_EAGLE_19_SVG_LASER.png",,lifestyle,,detail,,scale,,alternate,1,0291_,https://mb1advancedsolutions.github.io/mb1-catalog/index.html?design=0291,
0292,MB1-0292,EAGLE 19,wildlife and outdoors,"https://res.cloudinary.com/oxygre42/image/upload/f_auto,q_auto,c_pad,b_white,w_1200,h_1200/v1788349235/0292_EAGLE_19.png","https://res.cloudinary.com/oxygre42/image/upload/f_auto,q_auto,c_pad,b_white,w_500,h_500/v1788349235/0292_EAGLE_19.png",,lifestyle,,detail,,scale,,alternate,1,0292_,https://mb1advancedsolutions.github.io/mb1-catalog/index.html?design=0292,
0293,MB1-0293,EAGLE 2,wildlife and outdoors,"https://res.cloudinary.com/oxygre42/image/upload/f_auto,q_auto,c_pad,b_white,w_1200,h_1200/v1788349237/0293_EAGLE_2.png","https://res.cloudinary.com/oxygre42/image/upload/f_auto,q_auto,c_pad,b_white,w_500,h_500/v1788349237/0293_EAGLE_2.png",,lifestyle,,detail,,scale,,alternate,1,0293_,https://mb1advancedsolutions.github.io/mb1-catalog/index.html?design=0293,
0294,MB1-0294,EAGLE 21 SVG LASER,wildlife and outdoors,"https://res.cloudinary.com/oxygre42/image/upload/f_auto,q_auto,c_pad,b_white,w_1200,h_1200/v1788349239/0294_EAGLE_21_SVG_LASER.png","https://res.cloudinary.com/oxygre42/image/upload/f_auto,q_auto,c_pad,b_white,w_500,h_500/v1788349239/0294_EAGLE_21_SVG_LASER.png",,lifestyle,,detail,,scale,,alternate,1,0294_,https://mb1advancedsolutions.github.io/mb1-catalog/index.html?design=0294,
0295,MB1-0295,EAGLE 3,wildlife and outdoors,"https://res.cloudinary.com/oxygre42/image/upload/f_auto,q_auto,c_pad,b_white,w_1200,h_1200/v1788349241/0295_EAGLE_3.png","https://res.cloudinary.com/oxygre42/image/upload/f_auto,q_auto,c_pad,b_white,w_500,h_500/v1788349241/0295_EAGLE_3.png",,lifestyle,,detail,,scale,,alternate,1,0295_,https://mb1advancedsolutions.github.io/mb1-catalog/index.html?design=0295,
0296,MB1-0296,EAGLE 4,wildlife and outdoors,"https://res.cloudinary.com/oxygre42/image/upload/f_auto,q_auto,c_pad,b_white,w_1200,h_1200/v1788349243/0296_EAGLE_4.png","https://res.cloudinary.com/oxygre42/image/upload/f_auto,q_auto,c_pad,b_white,w_500,h_500/v1788349243/0296_EAGLE_4.png",,lifestyle,,detail,,scale,,alternate,1,0296_,https://mb1advancedsolutions.github.io/mb1-catalog/index.html?design=0296,
0297,MB1-0297,EAGLE 5,wildlife and outdoors,"https://res.cloudinary.com/oxygre42/image/upload/f_auto,q_auto,c_pad,b_white,w_1200,h_1200/v1788349244/0297_EAGLE_5.png","https://res.cloudinary.com/oxygre42/image/upload/f_auto,q_auto,c_pad,b_white,w_500,h_500/v1788349244/0297_EAGLE_5.png",,lifestyle,,detail,,scale,,alternate,1,0297_,https://mb1advancedsolutions.github.io/mb1-catalog/index.html?design=0297,
0298,MB1-0298,EAGLE 6,wildlife and outdoors,"https://res.cloudinary.com/oxygre42/image/upload/f_auto,q_auto,c_pad,b_white,w_1200,h_1200/v1788349246/0298_EAGLE_6.png","https://res.cloudinary.com/oxygre42/image/upload/f_auto,q_auto,c_pad,b_white,w_500,h_500/v1788349246/0298_EAGLE_6.png",,lifestyle,,detail,,scale,,alternate,1,0298_,https://mb1advancedsolutions.github.io/mb1-catalog/index.html?design=0298,
0299,MB1-0299,EAGLE 7,wildlife and outdoors,"https://res.cloudinary.com/oxygre42/image/upload/f_auto,q_auto,c_pad,b_white,w_1200,h_1200/v1788349248/0299_EAGLE_7.png","https://res.cloudinary.com/oxygre42/image/upload/f_auto,q_auto,c_pad,b_white,w_500,h_500/v1788349248/0299_EAGLE_7.png",,lifestyle,,detail,,scale,,alternate,1,0299_,https://mb1advancedsolutions.github.io/mb1-catalog/index.html?design=0299,
0300,MB1-0300,EAGLE 8,wildlife and outdoors,"https://res.cloudinary.com/oxygre42/image/upload/f_auto,q_auto,c_pad,b_white,w_1200,h_1200/v1788349250/0300_EAGLE_8.png","https://res.cloudinary.com/oxygre42/image/upload/f_auto,q_auto,c_pad,b_white,w_500,h_500/v1788349250/0300_EAGLE_8.png",,lifestyle,,detail,,scale,,alternate,1,0300_,https://mb1advancedsolutions.github.io/mb1-catalog/index.html?design=0300,
0301,MB1-0301,EAGLE 9,wildlife and outdoors,"https://res.cloudinary.com/oxygre42/image/upload/f_auto,q_auto,c_pad,b_white,w_1200,h_1200/v1788349252/0301_EAGLE_9.png","https://res.cloudinary.com/oxygre42/image/upload/f_auto,q_auto,c_pad,b_white,w_500,h_500/v1788349252/0301_EAGLE_9.png",,lifestyle,,detail,,scale,,alternate,1,0301_,https://mb1advancedsolutions.github.io/mb1-catalog/index.html?design=0301,
0302,MB1-0302,FALL 1,seasonal and holiday,"https://res.cloudinary.com/oxygre42/image/upload/f_auto,q_auto,c_pad,b_white,w_1200,h_1200/v1788349254/0302_FALL_1.png","https://res.cloudinary.com/oxygre42/image/upload/f_auto,q_auto,c_pad,b_white,w_500,h_500/v1788349254/0302_FALL_1.png",,lifestyle,,detail,,scale,,alternate,1,0302_,https://mb1advancedsolutions.github.io/mb1-catalog/index.html?design=0302,
0303,MB1-0303,FALL 2,seasonal and holiday,"https://res.cloudinary.com/oxygre42/image/upload/f_auto,q_auto,c_pad,b_white,w_1200,h_1200/v1788349257/0303_FALL_2.png","https://res.cloudinary.com/oxygre42/image/upload/f_auto,q_auto,c_pad,b_white,w_500,h_500/v1788349257/0303_FALL_2.png",,lifestyle,,detail,,scale,,alternate,1,0303_,https://mb1advancedsolutions.github.io/mb1-catalog/index.html?design=0303,
0304,MB1-0304,FALL 3,seasonal and holiday,"https://res.cloudinary.com/oxygre42/image/upload/f_auto,q_auto,c_pad,b_white,w_1200,h_1200/v1788349259/0304_FALL_3.png","https://res.cloudinary.com/oxygre42/image/upload/f_auto,q_auto,c_pad,b_white,w_500,h_500/v1788349259/0304_FALL_3.png",,lifestyle,,detail,,scale,,alternate,1,0304_,https://mb1advancedsolutions.github.io/mb1-catalog/index.html?design=0304,
0305,MB1-0305,FALL 4,seasonal and holiday,"https://res.cloudinary.com/oxygre42/image/upload/f_auto,q_auto,c_pad,b_white,w_1200,h_1200/v1788349261/0305_FALL_4.png","https://res.cloudinary.com/oxygre42/image/upload/f_auto,q_auto,c_pad,b_white,w_500,h_500/v1788349261/0305_FALL_4.png",,lifestyle,,detail,,scale,,alternate,1,0305_,https://mb1advancedsolutions.github.io/mb1-catalog/index.html?design=0305,
0306,MB1-0306,FALL 5,seasonal and holiday,"https://res.cloudinary.com/oxygre42/image/upload/f_auto,q_auto,c_pad,b_white,w_1200,h_1200/v1788349263/0306_FALL_5.png","https://res.cloudinary.com/oxygre42/image/upload/f_auto,q_auto,c_pad,b_white,w_500,h_500/v1788349263/0306_FALL_5.png",,lifestyle,,detail,,scale,,alternate,1,0306_,https://mb1advancedsolutions.github.io/mb1-catalog/index.html?design=0306,
0307,MB1-0307,FALL 6,seasonal and holiday,"https://res.cloudinary.com/oxygre42/image/upload/f_auto,q_auto,c_pad,b_white,w_1200,h_1200/v1788349265/0307_FALL_6.png","https://res.cloudinary.com/oxygre42/image/upload/f_auto,q_auto,c_pad,b_white,w_500,h_500/v1788349265/0307_FALL_6.png",,lifestyle,,detail,,scale,,alternate,1,0307_,https://mb1advancedsolutions.github.io/mb1-catalog/index.html?design=0307,
0308,MB1-0308,FALL 7,seasonal and holiday,"https://res.cloudinary.com/oxygre42/image/upload/f_auto,q_auto,c_pad,b_white,w_1200,h_1200/v1788349267/0308_FALL_7.png","https://res.cloudinary.com/oxygre42/image/upload/f_auto,q_auto,c_pad,b_white,w_500,h_500/v1788349267/0308_FALL_7.png",,lifestyle,,detail,,scale,,alternate,1,0308_,https://mb1advancedsolutions.github.io/mb1-catalog/index.html?design=0308,
0309,MB1-0309,FALL 8,seasonal and holiday,"https://res.cloudinary.com/oxygre42/image/upload/f_auto,q_auto,c_pad,b_white,w_1200,h_1200/v1788349268/0309_FALL_8.png","https://res.cloudinary.com/oxygre42/image/upload/f_auto,q_auto,c_pad,b_white,w_500,h_500/v1788349268/0309_FALL_8.png",,lifestyle,,detail,,scale,,alternate,1,0309_,https://mb1advancedsolutions.github.io/mb1-catalog/index.html?design=0309,
0311,MB1-0311,all time best dad,family & name,"https://res.cloudinary.com/oxygre42/image/upload/f_auto,q_auto,c_pad,b_white,w_1200,h_1200/v1788349270/0311_all_time_best_dad.png","https://res.cloudinary.com/oxygre42/image/upload/f_auto,q_auto,c_pad,b_white,w_500,h_500/v1788349270/0311_all_time_best_dad.png",,lifestyle,,detail,,scale,,alternate,1,0311_,https://mb1advancedsolutions.github.io/mb1-catalog/index.html?design=0311,
0312,MB1-0312,best dad ever fishing,sports and hobbies,"https://res.cloudinary.com/oxygre42/image/upload/f_auto,q_auto,c_pad,b_white,w_1200,h_1200/v1788349272/0312_best_dad_ever_fishing.png","https://res.cloudinary.com/oxygre42/image/upload/f_auto,q_auto,c_pad,b_white,w_500,h_500/v1788349272/0312_best_dad_ever_fishing.png",,lifestyle,,detail,,scale,,alternate,1,0312_,https://mb1advancedsolutions.github.io/mb1-catalog/index.html?design=0312,
0313,MB1-0313,best dad in the galaxy(1),family & name,"https://res.cloudinary.com/oxygre42/image/upload/f_auto,q_auto,c_pad,b_white,w_1200,h_1200/v1788349275/0313_best_dad_in_the_galaxy_1.png","https://res.cloudinary.com/oxygre42/image/upload/f_auto,q_auto,c_pad,b_white,w_500,h_500/v1788349275/0313_best_dad_in_the_galaxy_1.png",,lifestyle,,detail,,scale,,alternate,1,0313_,https://mb1advancedsolutions.github.io/mb1-catalog/index.html?design=0313,
0314,MB1-0314,best dad in the galaxy,family & name,"https://res.cloudinary.com/oxygre42/image/upload/f_auto,q_auto,c_pad,b_white,w_1200,h_1200/v1788349276/0314_best_dad_in_the_galaxy.png","https://res.cloudinary.com/oxygre42/image/upload/f_auto,q_auto,c_pad,b_white,w_500,h_500/v1788349276/0314_best_dad_in_the_galaxy.png",,lifestyle,,detail,,scale,,alternate,1,0314_,https://mb1advancedsolutions.github.io/mb1-catalog/index.html?design=0314,
0315,MB1-0315,dad life,family & name,"https://res.cloudinary.com/oxygre42/image/upload/f_auto,q_auto,c_pad,b_white,w_1200,h_1200/v1788349278/0315_dad_life.jpg","https://res.cloudinary.com/oxygre42/image/upload/f_auto,q_auto,c_pad,b_white,w_500,h_500/v1788349278/0315_dad_life.jpg",,lifestyle,,detail,,scale,,alternate,1,0315_,https://mb1advancedsolutions.github.io/mb1-catalog/index.html?design=0315,
0316,MB1-0316,dad teacher ,family & name,"https://res.cloudinary.com/oxygre42/image/upload/f_auto,q_auto,c_pad,b_white,w_1200,h_1200/v1788349280/0316_dad_teacher.jpg","https://res.cloudinary.com/oxygre42/image/upload/f_auto,q_auto,c_pad,b_white,w_500,h_500/v1788349280/0316_dad_teacher.jpg",,lifestyle,,detail,,scale,,alternate,1,0316_,https://mb1advancedsolutions.github.io/mb1-catalog/index.html?design=0316,
0317,MB1-0317,dad the man the myth the legend,family & name,"https://res.cloudinary.com/oxygre42/image/upload/f_auto,q_auto,c_pad,b_white,w_1200,h_1200/v1788349281/0317_dad_the_man_the_myth_the_legend.png","https://res.cloudinary.com/oxygre42/image/upload/f_auto,q_auto,c_pad,b_white,w_500,h_500/v1788349281/0317_dad_the_man_the_myth_the_legend.png",,lifestyle,,detail,,scale,,alternate,1,0317_,https://mb1advancedsolutions.github.io/mb1-catalog/index.html?design=0317,
0318,MB1-0318,Worlds Greatest Dad 1,family & name,"https://res.cloudinary.com/oxygre42/image/upload/f_auto,q_auto,c_pad,b_white,w_1200,h_1200/v1788349283/0318_Worlds_Greatest_Dad_1.png","https://res.cloudinary.com/oxygre42/image/upload/f_auto,q_auto,c_pad,b_white,w_500,h_500/v1788349283/0318_Worlds_Greatest_Dad_1.png",,lifestyle,,detail,,scale,,alternate,1,0318_,https://mb1advancedsolutions.github.io/mb1-catalog/index.html?design=0318,
0319,MB1-0319,father's day 1,seasonal and holiday,"https://res.cloudinary.com/oxygre42/image/upload/f_auto,q_auto,c_pad,b_white,w_1200,h_1200/v1788349285/0319_father_s_day_1.png","https://res.cloudinary.com/oxygre42/image/upload/f_auto,q_auto,c_pad,b_white,w_500,h_500/v1788349285/0319_father_s_day_1.png",,lifestyle,,detail,,scale,,alternate,1,0319_,https://mb1advancedsolutions.github.io/mb1-catalog/index.html?design=0319,
0320,MB1-0320,father's day 2,seasonal and holiday,"https://res.cloudinary.com/oxygre42/image/upload/f_auto,q_auto,c_pad,b_white,w_1200,h_1200/v1788349287/0320_father_s_day_2.png","https://res.cloudinary.com/oxygre42/image/upload/f_auto,q_auto,c_pad,b_white,w_500,h_500/v1788349287/0320_father_s_day_2.png",,lifestyle,,detail,,scale,,alternate,1,0320_,https://mb1advancedsolutions.github.io/mb1-catalog/index.html?design=0320,
0321,MB1-0321,father's day 3,seasonal and holiday,"https://res.cloudinary.com/oxygre42/image/upload/f_auto,q_auto,c_pad,b_white,w_1200,h_1200/v1788349289/0321_father_s_day_3.png","https://res.cloudinary.com/oxygre42/image/upload/f_auto,q_auto,c_pad,b_white,w_500,h_500/v1788349289/0321_father_s_day_3.png",,lifestyle,,detail,,scale,,alternate,1,0321_,https://mb1advancedsolutions.github.io/mb1-catalog/index.html?design=0321,
0322,MB1-0322,father's day 4,seasonal and holiday,"https://res.cloudinary.com/oxygre42/image/upload/f_auto,q_auto,c_pad,b_white,w_1200,h_1200/v1788349291/0322_father_s_day_4.png","https://res.cloudinary.com/oxygre42/image/upload/f_auto,q_auto,c_pad,b_white,w_500,h_500/v1788349291/0322_father_s_day_4.png",,lifestyle,,detail,,scale,,alternate,1,0322_,https://mb1advancedsolutions.github.io/mb1-catalog/index.html?design=0322,
0323,MB1-0323,father's day 5,seasonal and holiday,"https://res.cloudinary.com/oxygre42/image/upload/f_auto,q_auto,c_pad,b_white,w_1200,h_1200/v1788349293/0323_father_s_day_5.png","https://res.cloudinary.com/oxygre42/image/upload/f_auto,q_auto,c_pad,b_white,w_500,h_500/v1788349293/0323_father_s_day_5.png",,lifestyle,,detail,,scale,,alternate,1,0323_,https://mb1advancedsolutions.github.io/mb1-catalog/index.html?design=0323,
0324,MB1-0324,father's day 6,seasonal and holiday,"https://res.cloudinary.com/oxygre42/image/upload/f_auto,q_auto,c_pad,b_white,w_1200,h_1200/v1788349294/0324_father_s_day_6.png","https://res.cloudinary.com/oxygre42/image/upload/f_auto,q_auto,c_pad,b_white,w_500,h_500/v1788349294/0324_father_s_day_6.png",,lifestyle,,detail,,scale,,alternate,1,0324_,https://mb1advancedsolutions.github.io/mb1-catalog/index.html?design=0324,
0325,MB1-0325,father's day 7,seasonal and holiday,"https://res.cloudinary.com/oxygre42/image/upload/f_auto,q_auto,c_pad,b_white,w_1200,h_1200/v1788349296/0325_father_s_day_7.png","https://res.cloudinary.com/oxygre42/image/upload/f_auto,q_auto,c_pad,b_white,w_500,h_500/v1788349296/0325_father_s_day_7.png",,lifestyle,,detail,,scale,,alternate,1,0325_,https://mb1advancedsolutions.github.io/mb1-catalog/index.html?design=0325,
0326,MB1-0326,father's day 8,seasonal and holiday,"https://res.cloudinary.com/oxygre42/image/upload/f_auto,q_auto,c_pad,b_white,w_1200,h_1200/v1788349298/0326_father_s_day_8.png","https://res.cloudinary.com/oxygre42/image/upload/f_auto,q_auto,c_pad,b_white,w_500,h_500/v1788349298/0326_father_s_day_8.png",,lifestyle,,detail,,scale,,alternate,1,0326_,https://mb1advancedsolutions.github.io/mb1-catalog/index.html?design=0326,
0327,MB1-0327,father's day 9,seasonal and holiday,"https://res.cloudinary.com/oxygre42/image/upload/f_auto,q_auto,c_pad,b_white,w_1200,h_1200/v1788349300/0327_father_s_day_9.png","https://res.cloudinary.com/oxygre42/image/upload/f_auto,q_auto,c_pad,b_white,w_500,h_500/v1788349300/0327_father_s_day_9.png",,lifestyle,,detail,,scale,,alternate,1,0327_,https://mb1advancedsolutions.github.io/mb1-catalog/index.html?design=0327,
0328,MB1-0328,world's coolest dad,family & name,"https://res.cloudinary.com/oxygre42/image/upload/f_auto,q_auto,c_pad,b_white,w_1200,h_1200/v1788349303/0328_world_s_coolest_dad.png","https://res.cloudinary.com/oxygre42/image/upload/f_auto,q_auto,c_pad,b_white,w_500,h_500/v1788349303/0328_world_s_coolest_dad.png",,lifestyle,,detail,,scale,,alternate,1,0328_,https://mb1advancedsolutions.github.io/mb1-catalog/index.html?design=0328,
0329,MB1-0329,happy father_s day 2,seasonal and holiday,"https://res.cloudinary.com/oxygre42/image/upload/f_auto,q_auto,c_pad,b_white,w_1200,h_1200/v1788349306/0329_happy_father_s_day_2.jpg","https://res.cloudinary.com/oxygre42/image/upload/f_auto,q_auto,c_pad,b_white,w_500,h_500/v1788349306/0329_happy_father_s_day_2.jpg",,lifestyle,,detail,,scale,,alternate,1,0329_,https://mb1advancedsolutions.github.io/mb1-catalog/index.html?design=0329,
0330,MB1-0330,happy father_s day,seasonal and holiday,"https://res.cloudinary.com/oxygre42/image/upload/f_auto,q_auto,c_pad,b_white,w_1200,h_1200/v1788349307/0330_happy_father_s_day.jpg","https://res.cloudinary.com/oxygre42/image/upload/f_auto,q_auto,c_pad,b_white,w_500,h_500/v1788349307/0330_happy_father_s_day.jpg",,lifestyle,,detail,,scale,,alternate,1,0330_,https://mb1advancedsolutions.github.io/mb1-catalog/index.html?design=0330,
0331,MB1-0331,papa the man the myth the legend,family & name,"https://res.cloudinary.com/oxygre42/image/upload/f_auto,q_auto,c_pad,b_white,w_1200,h_1200/v1788349309/0331_papa_the_man_the_myth_the_legend.jpg","https://res.cloudinary.com/oxygre42/image/upload/f_auto,q_auto,c_pad,b_white,w_500,h_500/v1788349309/0331_papa_the_man_the_myth_the_legend.jpg",,lifestyle,,detail,,scale,,alternate,1,0331_,https://mb1advancedsolutions.github.io/mb1-catalog/index.html?design=0331,
0332,MB1-0332,top dad,family & name,"https://res.cloudinary.com/oxygre42/image/upload/f_auto,q_auto,c_pad,b_white,w_1200,h_1200/v1788349310/0332_top_dad.png","https://res.cloudinary.com/oxygre42/image/upload/f_auto,q_auto,c_pad,b_white,w_500,h_500/v1788349310/0332_top_dad.png",,lifestyle,,detail,,scale,,alternate,1,0332_,https://mb1advancedsolutions.github.io/mb1-catalog/index.html?design=0332,
0333,MB1-0333,world_s greatest father,family & name,"https://res.cloudinary.com/oxygre42/image/upload/f_auto,q_auto,c_pad,b_white,w_1200,h_1200/v1788349313/0333_world_s_greatest_father.jpg","https://res.cloudinary.com/oxygre42/image/upload/f_auto,q_auto,c_pad,b_white,w_500,h_500/v1788349313/0333_world_s_greatest_father.jpg",,lifestyle,,detail,,scale,,alternate,1,0333_,https://mb1advancedsolutions.github.io/mb1-catalog/index.html?design=0333,
0334,MB1-0334,FLAG 10,seasonal and holiday,"https://res.cloudinary.com/oxygre42/image/upload/f_auto,q_auto,c_pad,b_white,w_1200,h_1200/v1788349314/0334_FLAG_10.png","https://res.cloudinary.com/oxygre42/image/upload/f_auto,q_auto,c_pad,b_white,w_500,h_500/v1788349314/0334_FLAG_10.png",,lifestyle,,detail,,scale,,alternate,1,0334_,https://mb1advancedsolutions.github.io/mb1-catalog/index.html?design=0334,
0335,MB1-0335,SPLIT MONOGRAM 5,family & name,"https://res.cloudinary.com/oxygre42/image/upload/f_auto,q_auto,c_pad,b_white,w_1200,h_1200/v1788349316/0335_SPLIT_MONOGRAM_5.png","https://res.cloudinary.com/oxygre42/image/upload/f_auto,q_auto,c_pad,b_white,w_500,h_500/v1788349316/0335_SPLIT_MONOGRAM_5.png",,lifestyle,,detail,,scale,,alternate,1,0335_,https://mb1advancedsolutions.github.io/mb1-catalog/index.html?design=0335,
0336,MB1-0336,SPLIT MONOGRAM 6,family & name,"https://res.cloudinary.com/oxygre42/image/upload/f_auto,q_auto,c_pad,b_white,w_1200,h_1200/v1788349318/0336_SPLIT_MONOGRAM_6.png","https://res.cloudinary.com/oxygre42/image/upload/f_auto,q_auto,c_pad,b_white,w_500,h_500/v1788349318/0336_SPLIT_MONOGRAM_6.png",,lifestyle,,detail,,scale,,alternate,1,0336_,https://mb1advancedsolutions.github.io/mb1-catalog/index.html?design=0336,
0337,MB1-0337,fire dept 1,memorial and tribute,"https://res.cloudinary.com/oxygre42/image/upload/f_auto,q_auto,c_pad,b_white,w_1200,h_1200/v1788349320/0337_fire_dept_1.png","https://res.cloudinary.com/oxygre42/image/upload/f_auto,q_auto,c_pad,b_white,w_500,h_500/v1788349320/0337_fire_dept_1.png",,lifestyle,,detail,,scale,,alternate,1,0337_,https://mb1advancedsolutions.github.io/mb1-catalog/index.html?design=0337,
0338,MB1-0338,fire dept 2,memorial and tribute,"https://res.cloudinary.com/oxygre42/image/upload/f_auto,q_auto,c_pad,b_white,w_1200,h_1200/v1788349322/0338_fire_dept_2.png","https://res.cloudinary.com/oxygre42/image/upload/f_auto,q_auto,c_pad,b_white,w_500,h_500/v1788349322/0338_fire_dept_2.png",,lifestyle,,detail,,scale,,alternate,1,0338_,https://mb1advancedsolutions.github.io/mb1-catalog/index.html?design=0338,
0339,MB1-0339,fire dept 3,memorial and tribute,"https://res.cloudinary.com/oxygre42/image/upload/f_auto,q_auto,c_pad,b_white,w_1200,h_1200/v1788349323/0339_fire_dept_3.png","https://res.cloudinary.com/oxygre42/image/upload/f_auto,q_auto,c_pad,b_white,w_500,h_500/v1788349323/0339_fire_dept_3.png",,lifestyle,,detail,,scale,,alternate,1,0339_,https://mb1advancedsolutions.github.io/mb1-catalog/index.html?design=0339,
0340,MB1-0340,fire dept 4,memorial and tribute,"https://res.cloudinary.com/oxygre42/image/upload/f_auto,q_auto,c_pad,b_white,w_1200,h_1200/v1788349325/0340_fire_dept_4.png","https://res.cloudinary.com/oxygre42/image/upload/f_auto,q_auto,c_pad,b_white,w_500,h_500/v1788349325/0340_fire_dept_4.png",,lifestyle,,detail,,scale,,alternate,1,0340_,https://mb1advancedsolutions.github.io/mb1-catalog/index.html?design=0340,
0341,MB1-0341,fire dept 5,memorial and tribute,"https://res.cloudinary.com/oxygre42/image/upload/f_auto,q_auto,c_pad,b_white,w_1200,h_1200/v1788349327/0341_fire_dept_5.png","https://res.cloudinary.com/oxygre42/image/upload/f_auto,q_auto,c_pad,b_white,w_500,h_500/v1788349327/0341_fire_dept_5.png",,lifestyle,,detail,,scale,,alternate,1,0341_,https://mb1advancedsolutions.github.io/mb1-catalog/index.html?design=0341,
0342,MB1-0342,fire fighter helmet 1,sports and hobbies,"https://res.cloudinary.com/oxygre42/image/upload/f_auto,q_auto,c_pad,b_white,w_1200,h_1200/v1788349329/0342_fire_fighter_helmet_1.png","https://res.cloudinary.com/oxygre42/image/upload/f_auto,q_auto,c_pad,b_white,w_500,h_500/v1788349329/0342_fire_fighter_helmet_1.png",,lifestyle,,detail,,scale,,alternate,1,0342_,https://mb1advancedsolutions.github.io/mb1-catalog/index.html?design=0342,
0343,MB1-0343,fire fighter helmet 2,sports and hobbies,"https://res.cloudinary.com/oxygre42/image/upload/f_auto,q_auto,c_pad,b_white,w_1200,h_1200/v1788349331/0343_fire_fighter_helmet_2.png","https://res.cloudinary.com/oxygre42/image/upload/f_auto,q_auto,c_pad,b_white,w_500,h_500/v1788349331/0343_fire_fighter_helmet_2.png",,lifestyle,,detail,,scale,,alternate,1,0343_,https://mb1advancedsolutions.github.io/mb1-catalog/index.html?design=0343,
0344,MB1-0344,fire fighter helmet 3,sports and hobbies,"https://res.cloudinary.com/oxygre42/image/upload/f_auto,q_auto,c_pad,b_white,w_1200,h_1200/v1788349333/0344_fire_fighter_helmet_3.png","https://res.cloudinary.com/oxygre42/image/upload/f_auto,q_auto,c_pad,b_white,w_500,h_500/v1788349333/0344_fire_fighter_helmet_3.png",,lifestyle,,detail,,scale,,alternate,1,0344_,https://mb1advancedsolutions.github.io/mb1-catalog/index.html?design=0344,
0345,MB1-0345,fire fighter helmet 4,sports and hobbies,"https://res.cloudinary.com/oxygre42/image/upload/f_auto,q_auto,c_pad,b_white,w_1200,h_1200/v1788349335/0345_fire_fighter_helmet_4.png","https://res.cloudinary.com/oxygre42/image/upload/f_auto,q_auto,c_pad,b_white,w_500,h_500/v1788349335/0345_fire_fighter_helmet_4.png",,lifestyle,,detail,,scale,,alternate,1,0345_,https://mb1advancedsolutions.github.io/mb1-catalog/index.html?design=0345,
0346,MB1-0346,fire fighter helmet 5,sports and hobbies,"https://res.cloudinary.com/oxygre42/image/upload/f_auto,q_auto,c_pad,b_white,w_1200,h_1200/v1788349337/0346_fire_fighter_helmet_5.png","https://res.cloudinary.com/oxygre42/image/upload/f_auto,q_auto,c_pad,b_white,w_500,h_500/v1788349337/0346_fire_fighter_helmet_5.png",,lifestyle,,detail,,scale,,alternate,1,0346_,https://mb1advancedsolutions.github.io/mb1-catalog/index.html?design=0346,
0347,MB1-0347,fire hydrant,home decor and inspirational,"https://res.cloudinary.com/oxygre42/image/upload/f_auto,q_auto,c_pad,b_white,w_1200,h_1200/v1788349340/0347_fire_hydrant.png","https://res.cloudinary.com/oxygre42/image/upload/f_auto,q_auto,c_pad,b_white,w_500,h_500/v1788349340/0347_fire_hydrant.png",,lifestyle,,detail,,scale,,alternate,1,0347_,https://mb1advancedsolutions.github.io/mb1-catalog/index.html?design=0347,
0348,MB1-0348,FISH 1,wildlife and outdoors,"https://res.cloudinary.com/oxygre42/image/upload/f_auto,q_auto,c_pad,b_white,w_1200,h_1200/v1788349342/0348_FISH_1.png","https://res.cloudinary.com/oxygre42/image/upload/f_auto,q_auto,c_pad,b_white,w_500,h_500/v1788349342/0348_FISH_1.png",,lifestyle,,detail,,scale,,alternate,1,0348_,https://mb1advancedsolutions.github.io/mb1-catalog/index.html?design=0348,
0349,MB1-0349,FISH 10,wildlife and outdoors,"https://res.cloudinary.com/oxygre42/image/upload/f_auto,q_auto,c_pad,b_white,w_1200,h_1200/v1788349343/0349_FISH_10.png","https://res.cloudinary.com/oxygre42/image/upload/f_auto,q_auto,c_pad,b_white,w_500,h_500/v1788349343/0349_FISH_10.png",,lifestyle,,detail,,scale,,alternate,1,0349_,https://mb1advancedsolutions.github.io/mb1-catalog/index.html?design=0349,
0350,MB1-0350,FISH 11,wildlife and outdoors,"https://res.cloudinary.com/oxygre42/image/upload/f_auto,q_auto,c_pad,b_white,w_1200,h_1200/v1788349345/0350_FISH_11.png","https://res.cloudinary.com/oxygre42/image/upload/f_auto,q_auto,c_pad,b_white,w_500,h_500/v1788349345/0350_FISH_11.png",,lifestyle,,detail,,scale,,alternate,1,0350_,https://mb1advancedsolutions.github.io/mb1-catalog/index.html?design=0350,
0351,MB1-0351,FISH 12,wildlife and outdoors,"https://res.cloudinary.com/oxygre42/image/upload/f_auto,q_auto,c_pad,b_white,w_1200,h_1200/v1788349347/0351_FISH_12.png","https://res.cloudinary.com/oxygre42/image/upload/f_auto,q_auto,c_pad,b_white,w_500,h_500/v1788349347/0351_FISH_12.png",,lifestyle,,detail,,scale,,alternate,1,0351_,https://mb1advancedsolutions.github.io/mb1-catalog/index.html?design=0351,
0352,MB1-0352,FISH 13,wildlife and outdoors,"https://res.cloudinary.com/oxygre42/image/upload/f_auto,q_auto,c_pad,b_white,w_1200,h_1200/v1788349349/0352_FISH_13.png","https://res.cloudinary.com/oxygre42/image/upload/f_auto,q_auto,c_pad,b_white,w_500,h_500/v1788349349/0352_FISH_13.png",,lifestyle,,detail,,scale,,alternate,1,0352_,https://mb1advancedsolutions.github.io/mb1-catalog/index.html?design=0352,
0353,MB1-0353,FISH 14,wildlife and outdoors,"https://res.cloudinary.com/oxygre42/image/upload/f_auto,q_auto,c_pad,b_white,w_1200,h_1200/v1788349351/0353_FISH_14.png","https://res.cloudinary.com/oxygre42/image/upload/f_auto,q_auto,c_pad,b_white,w_500,h_500/v1788349351/0353_FISH_14.png",,lifestyle,,detail,,scale,,alternate,1,0353_,https://mb1advancedsolutions.github.io/mb1-catalog/index.html?design=0353,
0354,MB1-0354,FISH 15,wildlife and outdoors,"https://res.cloudinary.com/oxygre42/image/upload/f_auto,q_auto,c_pad,b_white,w_1200,h_1200/v1788349353/0354_FISH_15.png","https://res.cloudinary.com/oxygre42/image/upload/f_auto,q_auto,c_pad,b_white,w_500,h_500/v1788349353/0354_FISH_15.png",,lifestyle,,detail,,scale,,alternate,1,0354_,https://mb1advancedsolutions.github.io/mb1-catalog/index.html?design=0354,
0355,MB1-0355,FISH 16,wildlife and outdoors,"https://res.cloudinary.com/oxygre42/image/upload/f_auto,q_auto,c_pad,b_white,w_1200,h_1200/v1788349355/0355_FISH_16.png","https://res.cloudinary.com/oxygre42/image/upload/f_auto,q_auto,c_pad,b_white,w_500,h_500/v1788349355/0355_FISH_16.png",,lifestyle,,detail,,scale,,alternate,1,0355_,https://mb1advancedsolutions.github.io/mb1-catalog/index.html?design=0355,
0356,MB1-0356,FISH 17,wildlife and outdoors,"https://res.cloudinary.com/oxygre42/image/upload/f_auto,q_auto,c_pad,b_white,w_1200,h_1200/v1788349356/0356_FISH_17.png","https://res.cloudinary.com/oxygre42/image/upload/f_auto,q_auto,c_pad,b_white,w_500,h_500/v1788349356/0356_FISH_17.png",,lifestyle,,detail,,scale,,alternate,1,0356_,https://mb1advancedsolutions.github.io/mb1-catalog/index.html?design=0356,
0357,MB1-0357,FISH 18 ,wildlife and outdoors,"https://res.cloudinary.com/oxygre42/image/upload/f_auto,q_auto,c_pad,b_white,w_1200,h_1200/v1788349358/0357_FISH_18.png","https://res.cloudinary.com/oxygre42/image/upload/f_auto,q_auto,c_pad,b_white,w_500,h_500/v1788349358/0357_FISH_18.png",,lifestyle,,detail,,scale,,alternate,1,0357_,https://mb1advancedsolutions.github.io/mb1-catalog/index.html?design=0357,
0358,MB1-0358,FISH 2,wildlife and outdoors,"https://res.cloudinary.com/oxygre42/image/upload/f_auto,q_auto,c_pad,b_white,w_1200,h_1200/v1788349360/0358_FISH_2.png","https://res.cloudinary.com/oxygre42/image/upload/f_auto,q_auto,c_pad,b_white,w_500,h_500/v1788349360/0358_FISH_2.png",,lifestyle,,detail,,scale,,alternate,1,0358_,https://mb1advancedsolutions.github.io/mb1-catalog/index.html?design=0358,
0359,MB1-0359,FISH 3,wildlife and outdoors,"https://res.cloudinary.com/oxygre42/image/upload/f_auto,q_auto,c_pad,b_white,w_1200,h_1200/v1788349362/0359_FISH_3.png","https://res.cloudinary.com/oxygre42/image/upload/f_auto,q_auto,c_pad,b_white,w_500,h_500/v1788349362/0359_FISH_3.png",,lifestyle,,detail,,scale,,alternate,1,0359_,https://mb1advancedsolutions.github.io/mb1-catalog/index.html?design=0359,
0360,MB1-0360,FISH 4,wildlife and outdoors,"https://res.cloudinary.com/oxygre42/image/upload/f_auto,q_auto,c_pad,b_white,w_1200,h_1200/v1788349364/0360_FISH_4.png","https://res.cloudinary.com/oxygre42/image/upload/f_auto,q_auto,c_pad,b_white,w_500,h_500/v1788349364/0360_FISH_4.png",,lifestyle,,detail,,scale,,alternate,1,0360_,https://mb1advancedsolutions.github.io/mb1-catalog/index.html?design=0360,
0361,MB1-0361,FISH 5,wildlife and outdoors,"https://res.cloudinary.com/oxygre42/image/upload/f_auto,q_auto,c_pad,b_white,w_1200,h_1200/v1788349366/0361_FISH_5.png","https://res.cloudinary.com/oxygre42/image/upload/f_auto,q_auto,c_pad,b_white,w_500,h_500/v1788349366/0361_FISH_5.png",,lifestyle,,detail,,scale,,alternate,1,0361_,https://mb1advancedsolutions.github.io/mb1-catalog/index.html?design=0361,
0362,MB1-0362,FISH 6,wildlife and outdoors,"https://res.cloudinary.com/oxygre42/image/upload/f_auto,q_auto,c_pad,b_white,w_1200,h_1200/v1788349368/0362_FISH_6.png","https://res.cloudinary.com/oxygre42/image/upload/f_auto,q_auto,c_pad,b_white,w_500,h_500/v1788349368/0362_FISH_6.png",,lifestyle,,detail,,scale,,alternate,1,0362_,https://mb1advancedsolutions.github.io/mb1-catalog/index.html?design=0362,
0363,MB1-0363,FISH 7,wildlife and outdoors,"https://res.cloudinary.com/oxygre42/image/upload/f_auto,q_auto,c_pad,b_white,w_1200,h_1200/v1788349370/0363_FISH_7.png","https://res.cloudinary.com/oxygre42/image/upload/f_auto,q_auto,c_pad,b_white,w_500,h_500/v1788349370/0363_FISH_7.png",,lifestyle,,detail,,scale,,alternate,1,0363_,https://mb1advancedsolutions.github.io/mb1-catalog/index.html?design=0363,
0364,MB1-0364,FISH 8,wildlife and outdoors,"https://res.cloudinary.com/oxygre42/image/upload/f_auto,q_auto,c_pad,b_white,w_1200,h_1200/v1788349371/0364_FISH_8.png","https://res.cloudinary.com/oxygre42/image/upload/f_auto,q_auto,c_pad,b_white,w_500,h_500/v1788349371/0364_FISH_8.png",,lifestyle,,detail,,scale,,alternate,1,0364_,https://mb1advancedsolutions.github.io/mb1-catalog/index.html?design=0364,
0365,MB1-0365,FISH 9,wildlife and outdoors,"https://res.cloudinary.com/oxygre42/image/upload/f_auto,q_auto,c_pad,b_white,w_1200,h_1200/v1788349373/0365_FISH_9.png","https://res.cloudinary.com/oxygre42/image/upload/f_auto,q_auto,c_pad,b_white,w_500,h_500/v1788349373/0365_FISH_9.png",,lifestyle,,detail,,scale,,alternate,1,0365_,https://mb1advancedsolutions.github.io/mb1-catalog/index.html?design=0365,
0366,MB1-0366,Hand Lifting Weights 2 SVG,sports and hobbies,"https://res.cloudinary.com/oxygre42/image/upload/f_auto,q_auto,c_pad,b_white,w_1200,h_1200/v1788349375/0366_Hand_Lifting_Weights_2_SVG.png","https://res.cloudinary.com/oxygre42/image/upload/f_auto,q_auto,c_pad,b_white,w_500,h_500/v1788349375/0366_Hand_Lifting_Weights_2_SVG.png",,lifestyle,,detail,,scale,,alternate,1,0366_,https://mb1advancedsolutions.github.io/mb1-catalog/index.html?design=0366,
0367,MB1-0367,Hand Lifting Weights 3 SVG,sports and hobbies,"https://res.cloudinary.com/oxygre42/image/upload/f_auto,q_auto,c_pad,b_white,w_1200,h_1200/v1788349377/0367_Hand_Lifting_Weights_3_SVG.png","https://res.cloudinary.com/oxygre42/image/upload/f_auto,q_auto,c_pad,b_white,w_500,h_500/v1788349377/0367_Hand_Lifting_Weights_3_SVG.png",,lifestyle,,detail,,scale,,alternate,1,0367_,https://mb1advancedsolutions.github.io/mb1-catalog/index.html?design=0367,
0368,MB1-0368,Hand Lifting Weights SVG,sports and hobbies,"https://res.cloudinary.com/oxygre42/image/upload/f_auto,q_auto,c_pad,b_white,w_1200,h_1200/v1788349379/0368_Hand_Lifting_Weights_SVG.png","https://res.cloudinary.com/oxygre42/image/upload/f_auto,q_auto,c_pad,b_white,w_500,h_500/v1788349379/0368_Hand_Lifting_Weights_SVG.png",,lifestyle,,detail,,scale,,alternate,1,0368_,https://mb1advancedsolutions.github.io/mb1-catalog/index.html?design=0368,
0369,MB1-0369,no pain no gain SIGN SVG,sports and hobbies,"https://res.cloudinary.com/oxygre42/image/upload/f_auto,q_auto,c_pad,b_white,w_1200,h_1200/v1788349381/0369_no_pain_no_gain_SIGN_SVG.png","https://res.cloudinary.com/oxygre42/image/upload/f_auto,q_auto,c_pad,b_white,w_500,h_500/v1788349381/0369_no_pain_no_gain_SIGN_SVG.png",,lifestyle,,detail,,scale,,alternate,1,0369_,https://mb1advancedsolutions.github.io/mb1-catalog/index.html?design=0369,
0370,MB1-0370,no pain no gain arms SVG,sports and hobbies,"https://res.cloudinary.com/oxygre42/image/upload/f_auto,q_auto,c_pad,b_white,w_1200,h_1200/v1788349383/0370_no_pain_no_gain_arms_SVG.png","https://res.cloudinary.com/oxygre42/image/upload/f_auto,q_auto,c_pad,b_white,w_500,h_500/v1788349383/0370_no_pain_no_gain_arms_SVG.png",,lifestyle,,detail,,scale,,alternate,1,0370_,https://mb1advancedsolutions.github.io/mb1-catalog/index.html?design=0370,
0371,MB1-0371,no pain no gain,sports and hobbies,"https://res.cloudinary.com/oxygre42/image/upload/f_auto,q_auto,c_pad,b_white,w_1200,h_1200/v1788349385/0371_no_pain_no_gain.png","https://res.cloudinary.com/oxygre42/image/upload/f_auto,q_auto,c_pad,b_white,w_500,h_500/v1788349385/0371_no_pain_no_gain.png",,lifestyle,,detail,,scale,,alternate,1,0371_,https://mb1advancedsolutions.github.io/mb1-catalog/index.html?design=0371,
0372,MB1-0372,skull Weights SVG,sports and hobbies,"https://res.cloudinary.com/oxygre42/image/upload/f_auto,q_auto,c_pad,b_white,w_1200,h_1200/v1788349388/0372_skull_Weights_SVG.png","https://res.cloudinary.com/oxygre42/image/upload/f_auto,q_auto,c_pad,b_white,w_500,h_500/v1788349388/0372_skull_Weights_SVG.png",,lifestyle,,detail,,scale,,alternate,1,0372_,https://mb1advancedsolutions.github.io/mb1-catalog/index.html?design=0372,
0373,MB1-0373,2A Flag,seasonal and holiday,"https://res.cloudinary.com/oxygre42/image/upload/f_auto,q_auto,c_pad,b_white,w_1200,h_1200/v1788349390/0373_2A_Flag.jpg","https://res.cloudinary.com/oxygre42/image/upload/f_auto,q_auto,c_pad,b_white,w_500,h_500/v1788349390/0373_2A_Flag.jpg",,lifestyle,,detail,,scale,,alternate,1,0373_,https://mb1advancedsolutions.github.io/mb1-catalog/index.html?design=0373,
0374,MB1-0374,3 Percenter flag,seasonal and holiday,"https://res.cloudinary.com/oxygre42/image/upload/f_auto,q_auto,c_pad,b_white,w_1200,h_1200/v1788349392/0374_3_Percenter_flag.jpg","https://res.cloudinary.com/oxygre42/image/upload/f_auto,q_auto,c_pad,b_white,w_500,h_500/v1788349392/0374_3_Percenter_flag.jpg",,lifestyle,,detail,,scale,,alternate,1,0374_,https://mb1advancedsolutions.github.io/mb1-catalog/index.html?design=0374,
0375,MB1-0375,American Flag,seasonal and holiday,"https://res.cloudinary.com/oxygre42/image/upload/f_auto,q_auto,c_pad,b_white,w_1200,h_1200/v1788349394/0375_American_Flag.png","https://res.cloudinary.com/oxygre42/image/upload/f_auto,q_auto,c_pad,b_white,w_500,h_500/v1788349394/0375_American_Flag.png",,lifestyle,,detail,,scale,,alternate,1,0375_,https://mb1advancedsolutions.github.io/mb1-catalog/index.html?design=0375,
0376,MB1-0376,American Gadsden Flag,seasonal and holiday,"https://res.cloudinary.com/oxygre42/image/upload/f_auto,q_auto,c_pad,b_white,w_1200,h_1200/v1788349395/0376_American_Gadsden_Flag.png","https://res.cloudinary.com/oxygre42/image/upload/f_auto,q_auto,c_pad,b_white,w_500,h_500/v1788349395/0376_American_Gadsden_Flag.png",,lifestyle,,detail,,scale,,alternate,1,0376_,https://mb1advancedsolutions.github.io/mb1-catalog/index.html?design=0376,
0377,MB1-0377,American Rebel Tattered Flag,seasonal and holiday,"https://res.cloudinary.com/oxygre42/image/upload/f_auto,q_auto,c_pad,b_white,w_1200,h_1200/v1788349397/0377_American_Rebel_Tattered_Flag.jpg","https://res.cloudinary.com/oxygre42/image/upload/f_auto,q_auto,c_pad,b_white,w_500,h_500/v1788349397/0377_American_Rebel_Tattered_Flag.jpg",,lifestyle,,detail,,scale,,alternate,1,0377_,https://mb1advancedsolutions.github.io/mb1-catalog/index.html?design=0377,
0378,MB1-0378,Eagle Tattered flag,seasonal and holiday,"https://res.cloudinary.com/oxygre42/image/upload/f_auto,q_auto,c_pad,b_white,w_1200,h_1200/v1788349399/0378_Eagle_Tattered_flag.png","https://res.cloudinary.com/oxygre42/image/upload/f_auto,q_auto,c_pad,b_white,w_500,h_500/v1788349399/0378_Eagle_Tattered_flag.png",,lifestyle,,detail,,scale,,alternate,1,0378_,https://mb1advancedsolutions.github.io/mb1-catalog/index.html?design=0378,
0380,MB1-0380,Mechanics Flag 13 wrenches,seasonal and holiday,"https://res.cloudinary.com/oxygre42/image/upload/f_auto,q_auto,c_pad,b_white,w_1200,h_1200/v1788349403/0380_Mechanics_Flag_13_wrenches.png","https://res.cloudinary.com/oxygre42/image/upload/f_auto,q_auto,c_pad,b_white,w_500,h_500/v1788349403/0380_Mechanics_Flag_13_wrenches.png",,lifestyle,,detail,,scale,,alternate,1,0380_,https://mb1advancedsolutions.github.io/mb1-catalog/index.html?design=0380,
0381,MB1-0381,Mechanics Flag,seasonal and holiday,"https://res.cloudinary.com/oxygre42/image/upload/f_auto,q_auto,c_pad,b_white,w_1200,h_1200/v1788349405/0381_Mechanics_Flag.png","https://res.cloudinary.com/oxygre42/image/upload/f_auto,q_auto,c_pad,b_white,w_500,h_500/v1788349405/0381_Mechanics_Flag.png",,lifestyle,,detail,,scale,,alternate,1,0381_,https://mb1advancedsolutions.github.io/mb1-catalog/index.html?design=0381,
0383,MB1-0383,Pledge Flag,seasonal and holiday,"https://res.cloudinary.com/oxygre42/image/upload/f_auto,q_auto,c_pad,b_white,w_1200,h_1200/v1788349408/0383_Pledge_Flag.jpg","https://res.cloudinary.com/oxygre42/image/upload/f_auto,q_auto,c_pad,b_white,w_500,h_500/v1788349408/0383_Pledge_Flag.jpg",,lifestyle,,detail,,scale,,alternate,1,0383_,https://mb1advancedsolutions.github.io/mb1-catalog/index.html?design=0383,
0384,MB1-0384,Tattered Flag,seasonal and holiday,"https://res.cloudinary.com/oxygre42/image/upload/f_auto,q_auto,c_pad,b_white,w_1200,h_1200/v1788349410/0384_Tattered_Flag.jpg","https://res.cloudinary.com/oxygre42/image/upload/f_auto,q_auto,c_pad,b_white,w_500,h_500/v1788349410/0384_Tattered_Flag.jpg",,lifestyle,,detail,,scale,,alternate,1,0384_,https://mb1advancedsolutions.github.io/mb1-catalog/index.html?design=0384,
0385,MB1-0385,Texas Gadsden Flag,seasonal and holiday,"https://res.cloudinary.com/oxygre42/image/upload/f_auto,q_auto,c_pad,b_white,w_1200,h_1200/v1788349412/0385_Texas_Gadsden_Flag.jpg","https://res.cloudinary.com/oxygre42/image/upload/f_auto,q_auto,c_pad,b_white,w_500,h_500/v1788349412/0385_Texas_Gadsden_Flag.jpg",,lifestyle,,detail,,scale,,alternate,1,0385_,https://mb1advancedsolutions.github.io/mb1-catalog/index.html?design=0385,
0391,MB1-0391,US outline wavey flag,seasonal and holiday,"https://res.cloudinary.com/oxygre42/image/upload/f_auto,q_auto,c_pad,b_white,w_1200,h_1200/v1788349427/0391_US_outline_wavey_flag.png","https://res.cloudinary.com/oxygre42/image/upload/f_auto,q_auto,c_pad,b_white,w_500,h_500/v1788349427/0391_US_outline_wavey_flag.png",,lifestyle,,detail,,scale,,alternate,1,0391_,https://mb1advancedsolutions.github.io/mb1-catalog/index.html?design=0391,
0392,MB1-0392,USA AR FLAG,seasonal and holiday,"https://res.cloudinary.com/oxygre42/image/upload/f_auto,q_auto,c_pad,b_white,w_1200,h_1200/v1788349429/0392_USA_AR_FLAG.png","https://res.cloudinary.com/oxygre42/image/upload/f_auto,q_auto,c_pad,b_white,w_500,h_500/v1788349429/0392_USA_AR_FLAG.png",,lifestyle,,detail,,scale,,alternate,1,0392_,https://mb1advancedsolutions.github.io/mb1-catalog/index.html?design=0392,
0393,MB1-0393,Waving Flag,seasonal and holiday,"https://res.cloudinary.com/oxygre42/image/upload/f_auto,q_auto,c_pad,b_white,w_1200,h_1200/v1788349431/0393_Waving_Flag.png","https://res.cloudinary.com/oxygre42/image/upload/f_auto,q_auto,c_pad,b_white,w_500,h_500/v1788349431/0393_Waving_Flag.png",,lifestyle,,detail,,scale,,alternate,1,0393_,https://mb1advancedsolutions.github.io/mb1-catalog/index.html?design=0393,
0406,MB1-0406,1,home decor and inspirational,"https://res.cloudinary.com/oxygre42/image/upload/f_auto,q_auto,c_pad,b_white,w_1200,h_1200/v1788349435/0406_1.png","https://res.cloudinary.com/oxygre42/image/upload/f_auto,q_auto,c_pad,b_white,w_500,h_500/v1788349435/0406_1.png",,lifestyle,,detail,,scale,,alternate,1,0406_,https://mb1advancedsolutions.github.io/mb1-catalog/index.html?design=0406,
0407,MB1-0407,2,home decor and inspirational,"https://res.cloudinary.com/oxygre42/image/upload/f_auto,q_auto,c_pad,b_white,w_1200,h_1200/v1788349436/0407_2.png","https://res.cloudinary.com/oxygre42/image/upload/f_auto,q_auto,c_pad,b_white,w_500,h_500/v1788349436/0407_2.png",,lifestyle,,detail,,scale,,alternate,1,0407_,https://mb1advancedsolutions.github.io/mb1-catalog/index.html?design=0407,
0408,MB1-0408,3,home decor and inspirational,"https://res.cloudinary.com/oxygre42/image/upload/f_auto,q_auto,c_pad,b_white,w_1200,h_1200/v1788349438/0408_3.png","https://res.cloudinary.com/oxygre42/image/upload/f_auto,q_auto,c_pad,b_white,w_500,h_500/v1788349438/0408_3.png",,lifestyle,,detail,,scale,,alternate,1,0408_,https://mb1advancedsolutions.github.io/mb1-catalog/index.html?design=0408,
0409,MB1-0409,4,home decor and inspirational,"https://res.cloudinary.com/oxygre42/image/upload/f_auto,q_auto,c_pad,b_white,w_1200,h_1200/v1788349440/0409_4.png","https://res.cloudinary.com/oxygre42/image/upload/f_auto,q_auto,c_pad,b_white,w_500,h_500/v1788349440/0409_4.png",,lifestyle,,detail,,scale,,alternate,1,0409_,https://mb1advancedsolutions.github.io/mb1-catalog/index.html?design=0409,
0410,MB1-0410,5,home decor and inspirational,"https://res.cloudinary.com/oxygre42/image/upload/f_auto,q_auto,c_pad,b_white,w_1200,h_1200/v1788349442/0410_5.png","https://res.cloudinary.com/oxygre42/image/upload/f_auto,q_auto,c_pad,b_white,w_500,h_500/v1788349442/0410_5.png",,lifestyle,,detail,,scale,,alternate,1,0410_,https://mb1advancedsolutions.github.io/mb1-catalog/index.html?design=0410,
0411,MB1-0411,6,home decor and inspirational,"https://res.cloudinary.com/oxygre42/image/upload/f_auto,q_auto,c_pad,b_white,w_1200,h_1200/v1788349444/0411_6.png","https://res.cloudinary.com/oxygre42/image/upload/f_auto,q_auto,c_pad,b_white,w_500,h_500/v1788349444/0411_6.png",,lifestyle,,detail,,scale,,alternate,1,0411_,https://mb1advancedsolutions.github.io/mb1-catalog/index.html?design=0411,
0412,MB1-0412,flower 1,home decor and inspirational,"https://res.cloudinary.com/oxygre42/image/upload/f_auto,q_auto,c_pad,b_white,w_1200,h_1200/v1788349446/0412_flower_1.png","https://res.cloudinary.com/oxygre42/image/upload/f_auto,q_auto,c_pad,b_white,w_500,h_500/v1788349446/0412_flower_1.png",,lifestyle,,detail,,scale,,alternate,1,0412_,https://mb1advancedsolutions.github.io/mb1-catalog/index.html?design=0412,
0413,MB1-0413,flower 10,home decor and inspirational,"https://res.cloudinary.com/oxygre42/image/upload/f_auto,q_auto,c_pad,b_white,w_1200,h_1200/v1788349448/0413_flower_10.png","https://res.cloudinary.com/oxygre42/image/upload/f_auto,q_auto,c_pad,b_white,w_500,h_500/v1788349448/0413_flower_10.png",,lifestyle,,detail,,scale,,alternate,1,0413_,https://mb1advancedsolutions.github.io/mb1-catalog/index.html?design=0413,
0414,MB1-0414,flower 11,home decor and inspirational,"https://res.cloudinary.com/oxygre42/image/upload/f_auto,q_auto,c_pad,b_white,w_1200,h_1200/v1788349450/0414_flower_11.png","https://res.cloudinary.com/oxygre42/image/upload/f_auto,q_auto,c_pad,b_white,w_500,h_500/v1788349450/0414_flower_11.png",,lifestyle,,detail,,scale,,alternate,1,0414_,https://mb1advancedsolutions.github.io/mb1-catalog/index.html?design=0414,
0415,MB1-0415,flower 12,home decor and inspirational,"https://res.cloudinary.com/oxygre42/image/upload/f_auto,q_auto,c_pad,b_white,w_1200,h_1200/v1788349451/0415_flower_12.png","https://res.cloudinary.com/oxygre42/image/upload/f_auto,q_auto,c_pad,b_white,w_500,h_500/v1788349451/0415_flower_12.png",,lifestyle,,detail,,scale,,alternate,1,0415_,https://mb1advancedsolutions.github.io/mb1-catalog/index.html?design=0415,
0416,MB1-0416,flower 13,home decor and inspirational,"https://res.cloudinary.com/oxygre42/image/upload/f_auto,q_auto,c_pad,b_white,w_1200,h_1200/v1788349453/0416_flower_13.png","https://res.cloudinary.com/oxygre42/image/upload/f_auto,q_auto,c_pad,b_white,w_500,h_500/v1788349453/0416_flower_13.png",,lifestyle,,detail,,scale,,alternate,1,0416_,https://mb1advancedsolutions.github.io/mb1-catalog/index.html?design=0416,
0417,MB1-0417,flower 2,home decor and inspirational,"https://res.cloudinary.com/oxygre42/image/upload/f_auto,q_auto,c_pad,b_white,w_1200,h_1200/v1788349455/0417_flower_2.png","https://res.cloudinary.com/oxygre42/image/upload/f_auto,q_auto,c_pad,b_white,w_500,h_500/v1788349455/0417_flower_2.png",,lifestyle,,detail,,scale,,alternate,1,0417_,https://mb1advancedsolutions.github.io/mb1-catalog/index.html?design=0417,
0418,MB1-0418,flower 3,home decor and inspirational,"https://res.cloudinary.com/oxygre42/image/upload/f_auto,q_auto,c_pad,b_white,w_1200,h_1200/v1788349457/0418_flower_3.png","https://res.cloudinary.com/oxygre42/image/upload/f_auto,q_auto,c_pad,b_white,w_500,h_500/v1788349457/0418_flower_3.png",,lifestyle,,detail,,scale,,alternate,1,0418_,https://mb1advancedsolutions.github.io/mb1-catalog/index.html?design=0418,
0419,MB1-0419,flower 4,home decor and inspirational,"https://res.cloudinary.com/oxygre42/image/upload/f_auto,q_auto,c_pad,b_white,w_1200,h_1200/v1788349459/0419_flower_4.png","https://res.cloudinary.com/oxygre42/image/upload/f_auto,q_auto,c_pad,b_white,w_500,h_500/v1788349459/0419_flower_4.png",,lifestyle,,detail,,scale,,alternate,1,0419_,https://mb1advancedsolutions.github.io/mb1-catalog/index.html?design=0419,
0420,MB1-0420,flower 5,home decor and inspirational,"https://res.cloudinary.com/oxygre42/image/upload/f_auto,q_auto,c_pad,b_white,w_1200,h_1200/v1788349461/0420_flower_5.png","https://res.cloudinary.com/oxygre42/image/upload/f_auto,q_auto,c_pad,b_white,w_500,h_500/v1788349461/0420_flower_5.png",,lifestyle,,detail,,scale,,alternate,1,0420_,https://mb1advancedsolutions.github.io/mb1-catalog/index.html?design=0420,
0421,MB1-0421,flower 6,home decor and inspirational,"https://res.cloudinary.com/oxygre42/image/upload/f_auto,q_auto,c_pad,b_white,w_1200,h_1200/v1788349463/0421_flower_6.png","https://res.cloudinary.com/oxygre42/image/upload/f_auto,q_auto,c_pad,b_white,w_500,h_500/v1788349463/0421_flower_6.png",,lifestyle,,detail,,scale,,alternate,1,0421_,https://mb1advancedsolutions.github.io/mb1-catalog/index.html?design=0421,
0422,MB1-0422,flower 7,home decor and inspirational,"https://res.cloudinary.com/oxygre42/image/upload/f_auto,q_auto,c_pad,b_white,w_1200,h_1200/v1788349465/0422_flower_7.png","https://res.cloudinary.com/oxygre42/image/upload/f_auto,q_auto,c_pad,b_white,w_500,h_500/v1788349465/0422_flower_7.png",,lifestyle,,detail,,scale,,alternate,1,0422_,https://mb1advancedsolutions.github.io/mb1-catalog/index.html?design=0422,
0423,MB1-0423,flower 8,home decor and inspirational,"https://res.cloudinary.com/oxygre42/image/upload/f_auto,q_auto,c_pad,b_white,w_1200,h_1200/v1788349466/0423_flower_8.png","https://res.cloudinary.com/oxygre42/image/upload/f_auto,q_auto,c_pad,b_white,w_500,h_500/v1788349466/0423_flower_8.png",,lifestyle,,detail,,scale,,alternate,1,0423_,https://mb1advancedsolutions.github.io/mb1-catalog/index.html?design=0423,
0424,MB1-0424,flower 9,home decor and inspirational,"https://res.cloudinary.com/oxygre42/image/upload/f_auto,q_auto,c_pad,b_white,w_1200,h_1200/v1788349468/0424_flower_9.png","https://res.cloudinary.com/oxygre42/image/upload/f_auto,q_auto,c_pad,b_white,w_500,h_500/v1788349468/0424_flower_9.png",,lifestyle,,detail,,scale,,alternate,1,0424_,https://mb1advancedsolutions.github.io/mb1-catalog/index.html?design=0424,
0425,MB1-0425,GARAGE 1,garage and workshop,"https://res.cloudinary.com/oxygre42/image/upload/f_auto,q_auto,c_pad,b_white,w_1200,h_1200/v1788349470/0425_GARAGE_1.png","https://res.cloudinary.com/oxygre42/image/upload/f_auto,q_auto,c_pad,b_white,w_500,h_500/v1788349470/0425_GARAGE_1.png",,lifestyle,,detail,,scale,,alternate,1,0425_,https://mb1advancedsolutions.github.io/mb1-catalog/index.html?design=0425,
0426,MB1-0426,GARAGE 10,garage and workshop,"https://res.cloudinary.com/oxygre42/image/upload/f_auto,q_auto,c_pad,b_white,w_1200,h_1200/v1788349472/0426_GARAGE_10.png","https://res.cloudinary.com/oxygre42/image/upload/f_auto,q_auto,c_pad,b_white,w_500,h_500/v1788349472/0426_GARAGE_10.png",,lifestyle,,detail,,scale,,alternate,1,0426_,https://mb1advancedsolutions.github.io/mb1-catalog/index.html?design=0426,
0427,MB1-0427,GARAGE 11,garage and workshop,"https://res.cloudinary.com/oxygre42/image/upload/f_auto,q_auto,c_pad,b_white,w_1200,h_1200/v1788349474/0427_GARAGE_11.png","https://res.cloudinary.com/oxygre42/image/upload/f_auto,q_auto,c_pad,b_white,w_500,h_500/v1788349474/0427_GARAGE_11.png",,lifestyle,,detail,,scale,,alternate,1,0427_,https://mb1advancedsolutions.github.io/mb1-catalog/index.html?design=0427,
0428,MB1-0428,GARAGE 2,garage and workshop,"https://res.cloudinary.com/oxygre42/image/upload/f_auto,q_auto,c_pad,b_white,w_1200,h_1200/v1788349476/0428_GARAGE_2.png","https://res.cloudinary.com/oxygre42/image/upload/f_auto,q_auto,c_pad,b_white,w_500,h_500/v1788349476/0428_GARAGE_2.png",,lifestyle,,detail,,scale,,alternate,1,0428_,https://mb1advancedsolutions.github.io/mb1-catalog/index.html?design=0428,
0429,MB1-0429,GARAGE 3,garage and workshop,"https://res.cloudinary.com/oxygre42/image/upload/f_auto,q_auto,c_pad,b_white,w_1200,h_1200/v1788349478/0429_GARAGE_3.png","https://res.cloudinary.com/oxygre42/image/upload/f_auto,q_auto,c_pad,b_white,w_500,h_500/v1788349478/0429_GARAGE_3.png",,lifestyle,,detail,,scale,,alternate,1,0429_,https://mb1advancedsolutions.github.io/mb1-catalog/index.html?design=0429,
0430,MB1-0430,GARAGE 4,garage and workshop,"https://res.cloudinary.com/oxygre42/image/upload/f_auto,q_auto,c_pad,b_white,w_1200,h_1200/v1788349480/0430_GARAGE_4.png","https://res.cloudinary.com/oxygre42/image/upload/f_auto,q_auto,c_pad,b_white,w_500,h_500/v1788349480/0430_GARAGE_4.png",,lifestyle,,detail,,scale,,alternate,1,0430_,https://mb1advancedsolutions.github.io/mb1-catalog/index.html?design=0430,
0431,MB1-0431,GARAGE 5,garage and workshop,"https://res.cloudinary.com/oxygre42/image/upload/f_auto,q_auto,c_pad,b_white,w_1200,h_1200/v1788349481/0431_GARAGE_5.png","https://res.cloudinary.com/oxygre42/image/upload/f_auto,q_auto,c_pad,b_white,w_500,h_500/v1788349481/0431_GARAGE_5.png",,lifestyle,,detail,,scale,,alternate,1,0431_,https://mb1advancedsolutions.github.io/mb1-catalog/index.html?design=0431,
0432,MB1-0432,GARAGE 6,garage and workshop,"https://res.cloudinary.com/oxygre42/image/upload/f_auto,q_auto,c_pad,b_white,w_1200,h_1200/v1788349483/0432_GARAGE_6.png","https://res.cloudinary.com/oxygre42/image/upload/f_auto,q_auto,c_pad,b_white,w_500,h_500/v1788349483/0432_GARAGE_6.png",,lifestyle,,detail,,scale,,alternate,1,0432_,https://mb1advancedsolutions.github.io/mb1-catalog/index.html?design=0432,
0433,MB1-0433,GARAGE 7,garage and workshop,"https://res.cloudinary.com/oxygre42/image/upload/f_auto,q_auto,c_pad,b_white,w_1200,h_1200/v1788349485/0433_GARAGE_7.png","https://res.cloudinary.com/oxygre42/image/upload/f_auto,q_auto,c_pad,b_white,w_500,h_500/v1788349485/0433_GARAGE_7.png",,lifestyle,,detail,,scale,,alternate,1,0433_,https://mb1advancedsolutions.github.io/mb1-catalog/index.html?design=0433,
0434,MB1-0434,GARAGE 8 ,garage and workshop,"https://res.cloudinary.com/oxygre42/image/upload/f_auto,q_auto,c_pad,b_white,w_1200,h_1200/v1788349487/0434_GARAGE_8.png","https://res.cloudinary.com/oxygre42/image/upload/f_auto,q_auto,c_pad,b_white,w_500,h_500/v1788349487/0434_GARAGE_8.png",,lifestyle,,detail,,scale,,alternate,1,0434_,https://mb1advancedsolutions.github.io/mb1-catalog/index.html?design=0434,
0435,MB1-0435,GARAGE 9,garage and workshop,"https://res.cloudinary.com/oxygre42/image/upload/f_auto,q_auto,c_pad,b_white,w_1200,h_1200/v1788349489/0435_GARAGE_9.png","https://res.cloudinary.com/oxygre42/image/upload/f_auto,q_auto,c_pad,b_white,w_500,h_500/v1788349489/0435_GARAGE_9.png",,lifestyle,,detail,,scale,,alternate,1,0435_,https://mb1advancedsolutions.github.io/mb1-catalog/index.html?design=0435,
0436,MB1-0436,GNOME 01,home decor and inspirational,"https://res.cloudinary.com/oxygre42/image/upload/f_auto,q_auto,c_pad,b_white,w_1200,h_1200/v1788349491/0436_GNOME_01.png","https://res.cloudinary.com/oxygre42/image/upload/f_auto,q_auto,c_pad,b_white,w_500,h_500/v1788349491/0436_GNOME_01.png",,lifestyle,,detail,,scale,,alternate,1,0436_,https://mb1advancedsolutions.github.io/mb1-catalog/index.html?design=0436,
0437,MB1-0437,GNOME 02,home decor and inspirational,"https://res.cloudinary.com/oxygre42/image/upload/f_auto,q_auto,c_pad,b_white,w_1200,h_1200/v1788349493/0437_GNOME_02.png","https://res.cloudinary.com/oxygre42/image/upload/f_auto,q_auto,c_pad,b_white,w_500,h_500/v1788349493/0437_GNOME_02.png",,lifestyle,,detail,,scale,,alternate,1,0437_,https://mb1advancedsolutions.github.io/mb1-catalog/index.html?design=0437,
0438,MB1-0438,GNOME 03,home decor and inspirational,"https://res.cloudinary.com/oxygre42/image/upload/f_auto,q_auto,c_pad,b_white,w_1200,h_1200/v1788349495/0438_GNOME_03.png","https://res.cloudinary.com/oxygre42/image/upload/f_auto,q_auto,c_pad,b_white,w_500,h_500/v1788349495/0438_GNOME_03.png",,lifestyle,,detail,,scale,,alternate,1,0438_,https://mb1advancedsolutions.github.io/mb1-catalog/index.html?design=0438,
0439,MB1-0439,GNOME 04,home decor and inspirational,"https://res.cloudinary.com/oxygre42/image/upload/f_auto,q_auto,c_pad,b_white,w_1200,h_1200/v1788349496/0439_GNOME_04.png","https://res.cloudinary.com/oxygre42/image/upload/f_auto,q_auto,c_pad,b_white,w_500,h_500/v1788349496/0439_GNOME_04.png",,lifestyle,,detail,,scale,,alternate,1,0439_,https://mb1advancedsolutions.github.io/mb1-catalog/index.html?design=0439,
0440,MB1-0440,GNOME 05,home decor and inspirational,"https://res.cloudinary.com/oxygre42/image/upload/f_auto,q_auto,c_pad,b_white,w_1200,h_1200/v1788349498/0440_GNOME_05.png","https://res.cloudinary.com/oxygre42/image/upload/f_auto,q_auto,c_pad,b_white,w_500,h_500/v1788349498/0440_GNOME_05.png",,lifestyle,,detail,,scale,,alternate,1,0440_,https://mb1advancedsolutions.github.io/mb1-catalog/index.html?design=0440,
0441,MB1-0441,GNOME 06,home decor and inspirational,"https://res.cloudinary.com/oxygre42/image/upload/f_auto,q_auto,c_pad,b_white,w_1200,h_1200/v1788349500/0441_GNOME_06.png","https://res.cloudinary.com/oxygre42/image/upload/f_auto,q_auto,c_pad,b_white,w_500,h_500/v1788349500/0441_GNOME_06.png",,lifestyle,,detail,,scale,,alternate,1,0441_,https://mb1advancedsolutions.github.io/mb1-catalog/index.html?design=0441,
0442,MB1-0442,GNOME 07,home decor and inspirational,"https://res.cloudinary.com/oxygre42/image/upload/f_auto,q_auto,c_pad,b_white,w_1200,h_1200/v1788349502/0442_GNOME_07.png","https://res.cloudinary.com/oxygre42/image/upload/f_auto,q_auto,c_pad,b_white,w_500,h_500/v1788349502/0442_GNOME_07.png",,lifestyle,,detail,,scale,,alternate,1,0442_,https://mb1advancedsolutions.github.io/mb1-catalog/index.html?design=0442,
0443,MB1-0443,GNOME 08,home decor and inspirational,"https://res.cloudinary.com/oxygre42/image/upload/f_auto,q_auto,c_pad,b_white,w_1200,h_1200/v1788349504/0443_GNOME_08.png","https://res.cloudinary.com/oxygre42/image/upload/f_auto,q_auto,c_pad,b_white,w_500,h_500/v1788349504/0443_GNOME_08.png",,lifestyle,,detail,,scale,,alternate,1,0443_,https://mb1advancedsolutions.github.io/mb1-catalog/index.html?design=0443,
0444,MB1-0444,GNOME 09,home decor and inspirational,"https://res.cloudinary.com/oxygre42/image/upload/f_auto,q_auto,c_pad,b_white,w_1200,h_1200/v1788349506/0444_GNOME_09.png","https://res.cloudinary.com/oxygre42/image/upload/f_auto,q_auto,c_pad,b_white,w_500,h_500/v1788349506/0444_GNOME_09.png",,lifestyle,,detail,,scale,,alternate,1,0444_,https://mb1advancedsolutions.github.io/mb1-catalog/index.html?design=0444,
0445,MB1-0445,GNOME 10,home decor and inspirational,"https://res.cloudinary.com/oxygre42/image/upload/f_auto,q_auto,c_pad,b_white,w_1200,h_1200/v1788349508/0445_GNOME_10.png","https://res.cloudinary.com/oxygre42/image/upload/f_auto,q_auto,c_pad,b_white,w_500,h_500/v1788349508/0445_GNOME_10.png",,lifestyle,,detail,,scale,,alternate,1,0445_,https://mb1advancedsolutions.github.io/mb1-catalog/index.html?design=0445,
0446,MB1-0446,GNOME 11,home decor and inspirational,"https://res.cloudinary.com/oxygre42/image/upload/f_auto,q_auto,c_pad,b_white,w_1200,h_1200/v1788349510/0446_GNOME_11.png","https://res.cloudinary.com/oxygre42/image/upload/f_auto,q_auto,c_pad,b_white,w_500,h_500/v1788349510/0446_GNOME_11.png",,lifestyle,,detail,,scale,,alternate,1,0446_,https://mb1advancedsolutions.github.io/mb1-catalog/index.html?design=0446,
0447,MB1-0447,GNOME 12 ,home decor and inspirational,"https://res.cloudinary.com/oxygre42/image/upload/f_auto,q_auto,c_pad,b_white,w_1200,h_1200/v1788349511/0447_GNOME_12.png","https://res.cloudinary.com/oxygre42/image/upload/f_auto,q_auto,c_pad,b_white,w_500,h_500/v1788349511/0447_GNOME_12.png",,lifestyle,,detail,,scale,,alternate,1,0447_,https://mb1advancedsolutions.github.io/mb1-catalog/index.html?design=0447,
0448,MB1-0448,GNOME 13,home decor and inspirational,"https://res.cloudinary.com/oxygre42/image/upload/f_auto,q_auto,c_pad,b_white,w_1200,h_1200/v1788349513/0448_GNOME_13.png","https://res.cloudinary.com/oxygre42/image/upload/f_auto,q_auto,c_pad,b_white,w_500,h_500/v1788349513/0448_GNOME_13.png",,lifestyle,,detail,,scale,,alternate,1,0448_,https://mb1advancedsolutions.github.io/mb1-catalog/index.html?design=0448,
0449,MB1-0449,GNOME 14,home decor and inspirational,"https://res.cloudinary.com/oxygre42/image/upload/f_auto,q_auto,c_pad,b_white,w_1200,h_1200/v1788349515/0449_GNOME_14.png","https://res.cloudinary.com/oxygre42/image/upload/f_auto,q_auto,c_pad,b_white,w_500,h_500/v1788349515/0449_GNOME_14.png",,lifestyle,,detail,,scale,,alternate,1,0449_,https://mb1advancedsolutions.github.io/mb1-catalog/index.html?design=0449,
0450,MB1-0450,GNOME 15,home decor and inspirational,"https://res.cloudinary.com/oxygre42/image/upload/f_auto,q_auto,c_pad,b_white,w_1200,h_1200/v1788349517/0450_GNOME_15.png","https://res.cloudinary.com/oxygre42/image/upload/f_auto,q_auto,c_pad,b_white,w_500,h_500/v1788349517/0450_GNOME_15.png",,lifestyle,,detail,,scale,,alternate,1,0450_,https://mb1advancedsolutions.github.io/mb1-catalog/index.html?design=0450,
0451,MB1-0451,GNOME 16,home decor and inspirational,"https://res.cloudinary.com/oxygre42/image/upload/f_auto,q_auto,c_pad,b_white,w_1200,h_1200/v1788349519/0451_GNOME_16.png","https://res.cloudinary.com/oxygre42/image/upload/f_auto,q_auto,c_pad,b_white,w_500,h_500/v1788349519/0451_GNOME_16.png",,lifestyle,,detail,,scale,,alternate,1,0451_,https://mb1advancedsolutions.github.io/mb1-catalog/index.html?design=0451,
0452,MB1-0452,GNOME 17,home decor and inspirational,"https://res.cloudinary.com/oxygre42/image/upload/f_auto,q_auto,c_pad,b_white,w_1200,h_1200/v1788349521/0452_GNOME_17.png","https://res.cloudinary.com/oxygre42/image/upload/f_auto,q_auto,c_pad,b_white,w_500,h_500/v1788349521/0452_GNOME_17.png",,lifestyle,,detail,,scale,,alternate,1,0452_,https://mb1advancedsolutions.github.io/mb1-catalog/index.html?design=0452,
0453,MB1-0453,GNOME 18,home decor and inspirational,"https://res.cloudinary.com/oxygre42/image/upload/f_auto,q_auto,c_pad,b_white,w_1200,h_1200/v1788349523/0453_GNOME_18.png","https://res.cloudinary.com/oxygre42/image/upload/f_auto,q_auto,c_pad,b_white,w_500,h_500/v1788349523/0453_GNOME_18.png",,lifestyle,,detail,,scale,,alternate,1,0453_,https://mb1advancedsolutions.github.io/mb1-catalog/index.html?design=0453,
0454,MB1-0454,GNOME 19,home decor and inspirational,"https://res.cloudinary.com/oxygre42/image/upload/f_auto,q_auto,c_pad,b_white,w_1200,h_1200/v1788349525/0454_GNOME_19.png","https://res.cloudinary.com/oxygre42/image/upload/f_auto,q_auto,c_pad,b_white,w_500,h_500/v1788349525/0454_GNOME_19.png",,lifestyle,,detail,,scale,,alternate,1,0454_,https://mb1advancedsolutions.github.io/mb1-catalog/index.html?design=0454,
0455,MB1-0455,GNOME 20,home decor and inspirational,"https://res.cloudinary.com/oxygre42/image/upload/f_auto,q_auto,c_pad,b_white,w_1200,h_1200/v1788349527/0455_GNOME_20.png","https://res.cloudinary.com/oxygre42/image/upload/f_auto,q_auto,c_pad,b_white,w_500,h_500/v1788349527/0455_GNOME_20.png",,lifestyle,,detail,,scale,,alternate,1,0455_,https://mb1advancedsolutions.github.io/mb1-catalog/index.html?design=0455,
0456,MB1-0456,GNOME 21,home decor and inspirational,"https://res.cloudinary.com/oxygre42/image/upload/f_auto,q_auto,c_pad,b_white,w_1200,h_1200/v1788349528/0456_GNOME_21.png","https://res.cloudinary.com/oxygre42/image/upload/f_auto,q_auto,c_pad,b_white,w_500,h_500/v1788349528/0456_GNOME_21.png",,lifestyle,,detail,,scale,,alternate,1,0456_,https://mb1advancedsolutions.github.io/mb1-catalog/index.html?design=0456,
0457,MB1-0457,GNOME 22,home decor and inspirational,"https://res.cloudinary.com/oxygre42/image/upload/f_auto,q_auto,c_pad,b_white,w_1200,h_1200/v1788349530/0457_GNOME_22.png","https://res.cloudinary.com/oxygre42/image/upload/f_auto,q_auto,c_pad,b_white,w_500,h_500/v1788349530/0457_GNOME_22.png",,lifestyle,,detail,,scale,,alternate,1,0457_,https://mb1advancedsolutions.github.io/mb1-catalog/index.html?design=0457,
0458,MB1-0458,come and join us ghosts,seasonal and holiday,"https://res.cloudinary.com/oxygre42/image/upload/f_auto,q_auto,c_pad,b_white,w_1200,h_1200/v1788349532/0458_come_and_join_us_ghosts.png","https://res.cloudinary.com/oxygre42/image/upload/f_auto,q_auto,c_pad,b_white,w_500,h_500/v1788349532/0458_come_and_join_us_ghosts.png",,lifestyle,,detail,,scale,,alternate,1,0458_,https://mb1advancedsolutions.github.io/mb1-catalog/index.html?design=0458,
0459,MB1-0459,halloween witch,seasonal and holiday,"https://res.cloudinary.com/oxygre42/image/upload/f_auto,q_auto,c_pad,b_white,w_1200,h_1200/v1788349534/0459_halloween_witch.png","https://res.cloudinary.com/oxygre42/image/upload/f_auto,q_auto,c_pad,b_white,w_500,h_500/v1788349534/0459_halloween_witch.png",,lifestyle,,detail,,scale,,alternate,1,0459_,https://mb1advancedsolutions.github.io/mb1-catalog/index.html?design=0459,
0460,MB1-0460,happy halloween 1,seasonal and holiday,"https://res.cloudinary.com/oxygre42/image/upload/f_auto,q_auto,c_pad,b_white,w_1200,h_1200/v1788349536/0460_happy_halloween_1.png","https://res.cloudinary.com/oxygre42/image/upload/f_auto,q_auto,c_pad,b_white,w_500,h_500/v1788349536/0460_happy_halloween_1.png",,lifestyle,,detail,,scale,,alternate,1,0460_,https://mb1advancedsolutions.github.io/mb1-catalog/index.html?design=0460,
0461,MB1-0461,happy halloween frankenstein,seasonal and holiday,"https://res.cloudinary.com/oxygre42/image/upload/f_auto,q_auto,c_pad,b_white,w_1200,h_1200/v1788349538/0461_happy_halloween_frankenstein.png","https://res.cloudinary.com/oxygre42/image/upload/f_auto,q_auto,c_pad,b_white,w_500,h_500/v1788349538/0461_happy_halloween_frankenstein.png",,lifestyle,,detail,,scale,,alternate,1,0461_,https://mb1advancedsolutions.github.io/mb1-catalog/index.html?design=0461,
0462,MB1-0462,happy halloween ghosts ,seasonal and holiday,"https://res.cloudinary.com/oxygre42/image/upload/f_auto,q_auto,c_pad,b_white,w_1200,h_1200/v1788349540/0462_happy_halloween_ghosts.png","https://res.cloudinary.com/oxygre42/image/upload/f_auto,q_auto,c_pad,b_white,w_500,h_500/v1788349540/0462_happy_halloween_ghosts.png",,lifestyle,,detail,,scale,,alternate,1,0462_,https://mb1advancedsolutions.github.io/mb1-catalog/index.html?design=0462,
0463,MB1-0463,happy halloween pumpkins monogram,seasonal and holiday,"https://res.cloudinary.com/oxygre42/image/upload/f_auto,q_auto,c_pad,b_white,w_1200,h_1200/v1788349542/0463_happy_halloween_pumpkins_monogram.png","https://res.cloudinary.com/oxygre42/image/upload/f_auto,q_auto,c_pad,b_white,w_500,h_500/v1788349542/0463_happy_halloween_pumpkins_monogram.png",,lifestyle,,detail,,scale,,alternate,1,0463_,https://mb1advancedsolutions.github.io/mb1-catalog/index.html?design=0463,
0464,MB1-0464,happy halloween pumpkins,seasonal and holiday,"https://res.cloudinary.com/oxygre42/image/upload/f_auto,q_auto,c_pad,b_white,w_1200,h_1200/v1788349543/0464_happy_halloween_pumpkins.png","https://res.cloudinary.com/oxygre42/image/upload/f_auto,q_auto,c_pad,b_white,w_500,h_500/v1788349543/0464_happy_halloween_pumpkins.png",,lifestyle,,detail,,scale,,alternate,1,0464_,https://mb1advancedsolutions.github.io/mb1-catalog/index.html?design=0464,
0465,MB1-0465,happy halloween scary tree,seasonal and holiday,"https://res.cloudinary.com/oxygre42/image/upload/f_auto,q_auto,c_pad,b_white,w_1200,h_1200/v1788349545/0465_happy_halloween_scary_tree.png","https://res.cloudinary.com/oxygre42/image/upload/f_auto,q_auto,c_pad,b_white,w_500,h_500/v1788349545/0465_happy_halloween_scary_tree.png",,lifestyle,,detail,,scale,,alternate,1,0465_,https://mb1advancedsolutions.github.io/mb1-catalog/index.html?design=0465,
0466,MB1-0466,happy halloween spider web monogram,seasonal and holiday,"https://res.cloudinary.com/oxygre42/image/upload/f_auto,q_auto,c_pad,b_white,w_1200,h_1200/v1788349547/0466_happy_halloween_spider_web_monogram.png","https://res.cloudinary.com/oxygre42/image/upload/f_auto,q_auto,c_pad,b_white,w_500,h_500/v1788349547/0466_happy_halloween_spider_web_monogram.png",,lifestyle,,detail,,scale,,alternate,1,0466_,https://mb1advancedsolutions.github.io/mb1-catalog/index.html?design=0466,
0467,MB1-0467,happy halloween spider web,seasonal and holiday,"https://res.cloudinary.com/oxygre42/image/upload/f_auto,q_auto,c_pad,b_white,w_1200,h_1200/v1788349549/0467_happy_halloween_spider_web.png","https://res.cloudinary.com/oxygre42/image/upload/f_auto,q_auto,c_pad,b_white,w_500,h_500/v1788349549/0467_happy_halloween_spider_web.png",,lifestyle,,detail,,scale,,alternate,1,0467_,https://mb1advancedsolutions.github.io/mb1-catalog/index.html?design=0467,
0468,MB1-0468,happy halloween witch,seasonal and holiday,"https://res.cloudinary.com/oxygre42/image/upload/f_auto,q_auto,c_pad,b_white,w_1200,h_1200/v1788349551/0468_happy_halloween_witch.png","https://res.cloudinary.com/oxygre42/image/upload/f_auto,q_auto,c_pad,b_white,w_500,h_500/v1788349551/0468_happy_halloween_witch.png",,lifestyle,,detail,,scale,,alternate,1,0468_,https://mb1advancedsolutions.github.io/mb1-catalog/index.html?design=0468,
0470,MB1-0470,pumpkin stake 1,seasonal and holiday,"https://res.cloudinary.com/oxygre42/image/upload/f_auto,q_auto,c_pad,b_white,w_1200,h_1200/v1788349555/0470_pumpkin_stake_1.png","https://res.cloudinary.com/oxygre42/image/upload/f_auto,q_auto,c_pad,b_white,w_500,h_500/v1788349555/0470_pumpkin_stake_1.png",,lifestyle,,detail,,scale,,alternate,1,0470_,https://mb1advancedsolutions.github.io/mb1-catalog/index.html?design=0470,
0471,MB1-0471,pumpkin stake 2,seasonal and holiday,"https://res.cloudinary.com/oxygre42/image/upload/f_auto,q_auto,c_pad,b_white,w_1200,h_1200/v1788349557/0471_pumpkin_stake_2.png","https://res.cloudinary.com/oxygre42/image/upload/f_auto,q_auto,c_pad,b_white,w_500,h_500/v1788349557/0471_pumpkin_stake_2.png",,lifestyle,,detail,,scale,,alternate,1,0471_,https://mb1advancedsolutions.github.io/mb1-catalog/index.html?design=0471,
0472,MB1-0472,pumpkin stake 3,seasonal and holiday,"https://res.cloudinary.com/oxygre42/image/upload/f_auto,q_auto,c_pad,b_white,w_1200,h_1200/v1788349559/0472_pumpkin_stake_3.png","https://res.cloudinary.com/oxygre42/image/upload/f_auto,q_auto,c_pad,b_white,w_500,h_500/v1788349559/0472_pumpkin_stake_3.png",,lifestyle,,detail,,scale,,alternate,1,0472_,https://mb1advancedsolutions.github.io/mb1-catalog/index.html?design=0472,
0473,MB1-0473,pumpkin stake 4,seasonal and holiday,"https://res.cloudinary.com/oxygre42/image/upload/f_auto,q_auto,c_pad,b_white,w_1200,h_1200/v1788349560/0473_pumpkin_stake_4.png","https://res.cloudinary.com/oxygre42/image/upload/f_auto,q_auto,c_pad,b_white,w_500,h_500/v1788349560/0473_pumpkin_stake_4.png",,lifestyle,,detail,,scale,,alternate,1,0473_,https://mb1advancedsolutions.github.io/mb1-catalog/index.html?design=0473,
0474,MB1-0474,pumpkin stake 5 ,seasonal and holiday,"https://res.cloudinary.com/oxygre42/image/upload/f_auto,q_auto,c_pad,b_white,w_1200,h_1200/v1788349562/0474_pumpkin_stake_5.png","https://res.cloudinary.com/oxygre42/image/upload/f_auto,q_auto,c_pad,b_white,w_500,h_500/v1788349562/0474_pumpkin_stake_5.png",,lifestyle,,detail,,scale,,alternate,1,0474_,https://mb1advancedsolutions.github.io/mb1-catalog/index.html?design=0474,
0475,MB1-0475,pumpkins,seasonal and holiday,"https://res.cloudinary.com/oxygre42/image/upload/f_auto,q_auto,c_pad,b_white,w_1200,h_1200/v1788349564/0475_pumpkins.png","https://res.cloudinary.com/oxygre42/image/upload/f_auto,q_auto,c_pad,b_white,w_500,h_500/v1788349564/0475_pumpkins.png",,lifestyle,,detail,,scale,,alternate,1,0475_,https://mb1advancedsolutions.github.io/mb1-catalog/index.html?design=0475,
0476,MB1-0476,welcome pumpkins monogram,seasonal and holiday,"https://res.cloudinary.com/oxygre42/image/upload/f_auto,q_auto,c_pad,b_white,w_1200,h_1200/v1788349566/0476_welcome_pumpkins_monogram.png","https://res.cloudinary.com/oxygre42/image/upload/f_auto,q_auto,c_pad,b_white,w_500,h_500/v1788349566/0476_welcome_pumpkins_monogram.png",,lifestyle,,detail,,scale,,alternate,1,0476_,https://mb1advancedsolutions.github.io/mb1-catalog/index.html?design=0476,
0477,MB1-0477,welcome sign spider v1,seasonal and holiday,"https://res.cloudinary.com/oxygre42/image/upload/f_auto,q_auto,c_pad,b_white,w_1200,h_1200/v1788349568/0477_welcome_sign_spider_v1.png","https://res.cloudinary.com/oxygre42/image/upload/f_auto,q_auto,c_pad,b_white,w_500,h_500/v1788349568/0477_welcome_sign_spider_v1.png",,lifestyle,,detail,,scale,,alternate,1,0477_,https://mb1advancedsolutions.github.io/mb1-catalog/index.html?design=0477,
0478,MB1-0478,welcome sign spider v2,seasonal and holiday,"https://res.cloudinary.com/oxygre42/image/upload/f_auto,q_auto,c_pad,b_white,w_1200,h_1200/v1788349570/0478_welcome_sign_spider_v2.png","https://res.cloudinary.com/oxygre42/image/upload/f_auto,q_auto,c_pad,b_white,w_500,h_500/v1788349570/0478_welcome_sign_spider_v2.png",,lifestyle,,detail,,scale,,alternate,1,0478_,https://mb1advancedsolutions.github.io/mb1-catalog/index.html?design=0478,
0479,MB1-0479,welcome spider monogram sign,seasonal and holiday,"https://res.cloudinary.com/oxygre42/image/upload/f_auto,q_auto,c_pad,b_white,w_1200,h_1200/v1788349572/0479_welcome_spider_monogram_sign.png","https://res.cloudinary.com/oxygre42/image/upload/f_auto,q_auto,c_pad,b_white,w_500,h_500/v1788349572/0479_welcome_spider_monogram_sign.png",,lifestyle,,detail,,scale,,alternate,1,0479_,https://mb1advancedsolutions.github.io/mb1-catalog/index.html?design=0479,
0480,MB1-0480,INFINITY,home decor and inspirational,"https://res.cloudinary.com/oxygre42/image/upload/f_auto,q_auto,c_pad,b_white,w_1200,h_1200/v1788349574/0480_INFINITY.png","https://res.cloudinary.com/oxygre42/image/upload/f_auto,q_auto,c_pad,b_white,w_500,h_500/v1788349574/0480_INFINITY.png",,lifestyle,,detail,,scale,,alternate,1,0480_,https://mb1advancedsolutions.github.io/mb1-catalog/index.html?design=0480,
0481,MB1-0481,tree of life 34,home decor and inspirational,"https://res.cloudinary.com/oxygre42/image/upload/f_auto,q_auto,c_pad,b_white,w_1200,h_1200/v1788349575/0481_tree_of_life_34.png","https://res.cloudinary.com/oxygre42/image/upload/f_auto,q_auto,c_pad,b_white,w_500,h_500/v1788349575/0481_tree_of_life_34.png",,lifestyle,,detail,,scale,,alternate,1,0481_,https://mb1advancedsolutions.github.io/mb1-catalog/index.html?design=0481,
0482,MB1-0482,V DAY 1,seasonal and holiday,"https://res.cloudinary.com/oxygre42/image/upload/f_auto,q_auto,c_pad,b_white,w_1200,h_1200/v1788349577/0482_V_DAY_1.png","https://res.cloudinary.com/oxygre42/image/upload/f_auto,q_auto,c_pad,b_white,w_500,h_500/v1788349577/0482_V_DAY_1.png",,lifestyle,,detail,,scale,,alternate,1,0482_,https://mb1advancedsolutions.github.io/mb1-catalog/index.html?design=0482,
0483,MB1-0483,V DAY 10,seasonal and holiday,"https://res.cloudinary.com/oxygre42/image/upload/f_auto,q_auto,c_pad,b_white,w_1200,h_1200/v1788349579/0483_V_DAY_10.png","https://res.cloudinary.com/oxygre42/image/upload/f_auto,q_auto,c_pad,b_white,w_500,h_500/v1788349579/0483_V_DAY_10.png",,lifestyle,,detail,,scale,,alternate,1,0483_,https://mb1advancedsolutions.github.io/mb1-catalog/index.html?design=0483,
0484,MB1-0484,V DAY 11,seasonal and holiday,"https://res.cloudinary.com/oxygre42/image/upload/f_auto,q_auto,c_pad,b_white,w_1200,h_1200/v1788349581/0484_V_DAY_11.png","https://res.cloudinary.com/oxygre42/image/upload/f_auto,q_auto,c_pad,b_white,w_500,h_500/v1788349581/0484_V_DAY_11.png",,lifestyle,,detail,,scale,,alternate,1,0484_,https://mb1advancedsolutions.github.io/mb1-catalog/index.html?design=0484,
0485,MB1-0485,V DAY 12,seasonal and holiday,"https://res.cloudinary.com/oxygre42/image/upload/f_auto,q_auto,c_pad,b_white,w_1200,h_1200/v1788349583/0485_V_DAY_12.png","https://res.cloudinary.com/oxygre42/image/upload/f_auto,q_auto,c_pad,b_white,w_500,h_500/v1788349583/0485_V_DAY_12.png",,lifestyle,,detail,,scale,,alternate,1,0485_,https://mb1advancedsolutions.github.io/mb1-catalog/index.html?design=0485,
0486,MB1-0486,V DAY 13,seasonal and holiday,"https://res.cloudinary.com/oxygre42/image/upload/f_auto,q_auto,c_pad,b_white,w_1200,h_1200/v1788349585/0486_V_DAY_13.png","https://res.cloudinary.com/oxygre42/image/upload/f_auto,q_auto,c_pad,b_white,w_500,h_500/v1788349585/0486_V_DAY_13.png",,lifestyle,,detail,,scale,,alternate,1,0486_,https://mb1advancedsolutions.github.io/mb1-catalog/index.html?design=0486,
0487,MB1-0487,V DAY 14,seasonal and holiday,"https://res.cloudinary.com/oxygre42/image/upload/f_auto,q_auto,c_pad,b_white,w_1200,h_1200/v1788349587/0487_V_DAY_14.png","https://res.cloudinary.com/oxygre42/image/upload/f_auto,q_auto,c_pad,b_white,w_500,h_500/v1788349587/0487_V_DAY_14.png",,lifestyle,,detail,,scale,,alternate,1,0487_,https://mb1advancedsolutions.github.io/mb1-catalog/index.html?design=0487,
0488,MB1-0488,V DAY 15,seasonal and holiday,"https://res.cloudinary.com/oxygre42/image/upload/f_auto,q_auto,c_pad,b_white,w_1200,h_1200/v1788349588/0488_V_DAY_15.png","https://res.cloudinary.com/oxygre42/image/upload/f_auto,q_auto,c_pad,b_white,w_500,h_500/v1788349588/0488_V_DAY_15.png",,lifestyle,,detail,,scale,,alternate,1,0488_,https://mb1advancedsolutions.github.io/mb1-catalog/index.html?design=0488,
0489,MB1-0489,V DAY 16,seasonal and holiday,"https://res.cloudinary.com/oxygre42/image/upload/f_auto,q_auto,c_pad,b_white,w_1200,h_1200/v1788349590/0489_V_DAY_16.png","https://res.cloudinary.com/oxygre42/image/upload/f_auto,q_auto,c_pad,b_white,w_500,h_500/v1788349590/0489_V_DAY_16.png",,lifestyle,,detail,,scale,,alternate,1,0489_,https://mb1advancedsolutions.github.io/mb1-catalog/index.html?design=0489,
0490,MB1-0490,V DAY 17,seasonal and holiday,"https://res.cloudinary.com/oxygre42/image/upload/f_auto,q_auto,c_pad,b_white,w_1200,h_1200/v1788349592/0490_V_DAY_17.png","https://res.cloudinary.com/oxygre42/image/upload/f_auto,q_auto,c_pad,b_white,w_500,h_500/v1788349592/0490_V_DAY_17.png",,lifestyle,,detail,,scale,,alternate,1,0490_,https://mb1advancedsolutions.github.io/mb1-catalog/index.html?design=0490,
0491,MB1-0491,V DAY 2,seasonal and holiday,"https://res.cloudinary.com/oxygre42/image/upload/f_auto,q_auto,c_pad,b_white,w_1200,h_1200/v1788349594/0491_V_DAY_2.png","https://res.cloudinary.com/oxygre42/image/upload/f_auto,q_auto,c_pad,b_white,w_500,h_500/v1788349594/0491_V_DAY_2.png",,lifestyle,,detail,,scale,,alternate,1,0491_,https://mb1advancedsolutions.github.io/mb1-catalog/index.html?design=0491,
0492,MB1-0492,V DAY 3,seasonal and holiday,"https://res.cloudinary.com/oxygre42/image/upload/f_auto,q_auto,c_pad,b_white,w_1200,h_1200/v1788349596/0492_V_DAY_3.png","https://res.cloudinary.com/oxygre42/image/upload/f_auto,q_auto,c_pad,b_white,w_500,h_500/v1788349596/0492_V_DAY_3.png",,lifestyle,,detail,,scale,,alternate,1,0492_,https://mb1advancedsolutions.github.io/mb1-catalog/index.html?design=0492,
0493,MB1-0493,V DAY 4,seasonal and holiday,"https://res.cloudinary.com/oxygre42/image/upload/f_auto,q_auto,c_pad,b_white,w_1200,h_1200/v1788349598/0493_V_DAY_4.png","https://res.cloudinary.com/oxygre42/image/upload/f_auto,q_auto,c_pad,b_white,w_500,h_500/v1788349598/0493_V_DAY_4.png",,lifestyle,,detail,,scale,,alternate,1,0493_,https://mb1advancedsolutions.github.io/mb1-catalog/index.html?design=0493,
0494,MB1-0494,V DAY 5,seasonal and holiday,"https://res.cloudinary.com/oxygre42/image/upload/f_auto,q_auto,c_pad,b_white,w_1200,h_1200/v1788349600/0494_V_DAY_5.png","https://res.cloudinary.com/oxygre42/image/upload/f_auto,q_auto,c_pad,b_white,w_500,h_500/v1788349600/0494_V_DAY_5.png",,lifestyle,,detail,,scale,,alternate,1,0494_,https://mb1advancedsolutions.github.io/mb1-catalog/index.html?design=0494,
0495,MB1-0495,V DAY 6,seasonal and holiday,"https://res.cloudinary.com/oxygre42/image/upload/f_auto,q_auto,c_pad,b_white,w_1200,h_1200/v1788349601/0495_V_DAY_6.png","https://res.cloudinary.com/oxygre42/image/upload/f_auto,q_auto,c_pad,b_white,w_500,h_500/v1788349601/0495_V_DAY_6.png",,lifestyle,,detail,,scale,,alternate,1,0495_,https://mb1advancedsolutions.github.io/mb1-catalog/index.html?design=0495,
0496,MB1-0496,V DAY 7,seasonal and holiday,"https://res.cloudinary.com/oxygre42/image/upload/f_auto,q_auto,c_pad,b_white,w_1200,h_1200/v1788349603/0496_V_DAY_7.png","https://res.cloudinary.com/oxygre42/image/upload/f_auto,q_auto,c_pad,b_white,w_500,h_500/v1788349603/0496_V_DAY_7.png",,lifestyle,,detail,,scale,,alternate,1,0496_,https://mb1advancedsolutions.github.io/mb1-catalog/index.html?design=0496,
0497,MB1-0497,V DAY 8,seasonal and holiday,"https://res.cloudinary.com/oxygre42/image/upload/f_auto,q_auto,c_pad,b_white,w_1200,h_1200/v1788349605/0497_V_DAY_8.png","https://res.cloudinary.com/oxygre42/image/upload/f_auto,q_auto,c_pad,b_white,w_500,h_500/v1788349605/0497_V_DAY_8.png",,lifestyle,,detail,,scale,,alternate,1,0497_,https://mb1advancedsolutions.github.io/mb1-catalog/index.html?design=0497,
0498,MB1-0498,V DAY 9,seasonal and holiday,"https://res.cloudinary.com/oxygre42/image/upload/f_auto,q_auto,c_pad,b_white,w_1200,h_1200/v1788349607/0498_V_DAY_9.png","https://res.cloudinary.com/oxygre42/image/upload/f_auto,q_auto,c_pad,b_white,w_500,h_500/v1788349607/0498_V_DAY_9.png",,lifestyle,,detail,,scale,,alternate,1,0498_,https://mb1advancedsolutions.github.io/mb1-catalog/index.html?design=0498,
0499,MB1-0499,flag map,seasonal and holiday,"https://res.cloudinary.com/oxygre42/image/upload/f_auto,q_auto,c_pad,b_white,w_1200,h_1200/v1788349609/0499_flag_map.png","https://res.cloudinary.com/oxygre42/image/upload/f_auto,q_auto,c_pad,b_white,w_500,h_500/v1788349609/0499_flag_map.png",,lifestyle,,detail,,scale,,alternate,1,0499_,https://mb1advancedsolutions.github.io/mb1-catalog/index.html?design=0499,
0500,MB1-0500,get some flag map,seasonal and holiday,"https://res.cloudinary.com/oxygre42/image/upload/f_auto,q_auto,c_pad,b_white,w_1200,h_1200/v1788349611/0500_get_some_flag_map.png","https://res.cloudinary.com/oxygre42/image/upload/f_auto,q_auto,c_pad,b_white,w_500,h_500/v1788349611/0500_get_some_flag_map.png",,lifestyle,,detail,,scale,,alternate,1,0500_,https://mb1advancedsolutions.github.io/mb1-catalog/index.html?design=0500,
0501,MB1-0501,merica 2 flag map,seasonal and holiday,"https://res.cloudinary.com/oxygre42/image/upload/f_auto,q_auto,c_pad,b_white,w_1200,h_1200/v1788349613/0501_merica_2_flag_map.png","https://res.cloudinary.com/oxygre42/image/upload/f_auto,q_auto,c_pad,b_white,w_500,h_500/v1788349613/0501_merica_2_flag_map.png",,lifestyle,,detail,,scale,,alternate,1,0501_,https://mb1advancedsolutions.github.io/mb1-catalog/index.html?design=0501,
0502,MB1-0502,merica flag map,seasonal and holiday,"https://res.cloudinary.com/oxygre42/image/upload/f_auto,q_auto,c_pad,b_white,w_1200,h_1200/v1788349615/0502_merica_flag_map.png","https://res.cloudinary.com/oxygre42/image/upload/f_auto,q_auto,c_pad,b_white,w_500,h_500/v1788349615/0502_merica_flag_map.png",,lifestyle,,detail,,scale,,alternate,1,0502_,https://mb1advancedsolutions.github.io/mb1-catalog/index.html?design=0502,
0503,MB1-0503,MONOGRAM 1,family & name,"https://res.cloudinary.com/oxygre42/image/upload/f_auto,q_auto,c_pad,b_white,w_1200,h_1200/v1788349617/0503_MONOGRAM_1.png","https://res.cloudinary.com/oxygre42/image/upload/f_auto,q_auto,c_pad,b_white,w_500,h_500/v1788349617/0503_MONOGRAM_1.png",,lifestyle,,detail,,scale,,alternate,1,0503_,https://mb1advancedsolutions.github.io/mb1-catalog/index.html?design=0503,
0504,MB1-0504,MONOGRAM 10,family & name,"https://res.cloudinary.com/oxygre42/image/upload/f_auto,q_auto,c_pad,b_white,w_1200,h_1200/v1788349618/0504_MONOGRAM_10.png","https://res.cloudinary.com/oxygre42/image/upload/f_auto,q_auto,c_pad,b_white,w_500,h_500/v1788349618/0504_MONOGRAM_10.png",,lifestyle,,detail,,scale,,alternate,1,0504_,https://mb1advancedsolutions.github.io/mb1-catalog/index.html?design=0504,
0505,MB1-0505,MONOGRAM 11,family & name,"https://res.cloudinary.com/oxygre42/image/upload/f_auto,q_auto,c_pad,b_white,w_1200,h_1200/v1788349620/0505_MONOGRAM_11.png","https://res.cloudinary.com/oxygre42/image/upload/f_auto,q_auto,c_pad,b_white,w_500,h_500/v1788349620/0505_MONOGRAM_11.png",,lifestyle,,detail,,scale,,alternate,1,0505_,https://mb1advancedsolutions.github.io/mb1-catalog/index.html?design=0505,
0506,MB1-0506,MONOGRAM 12,family & name,"https://res.cloudinary.com/oxygre42/image/upload/f_auto,q_auto,c_pad,b_white,w_1200,h_1200/v1788349622/0506_MONOGRAM_12.png","https://res.cloudinary.com/oxygre42/image/upload/f_auto,q_auto,c_pad,b_white,w_500,h_500/v1788349622/0506_MONOGRAM_12.png",,lifestyle,,detail,,scale,,alternate,1,0506_,https://mb1advancedsolutions.github.io/mb1-catalog/index.html?design=0506,
0507,MB1-0507,MONOGRAM 13,family & name,"https://res.cloudinary.com/oxygre42/image/upload/f_auto,q_auto,c_pad,b_white,w_1200,h_1200/v1788349624/0507_MONOGRAM_13.png","https://res.cloudinary.com/oxygre42/image/upload/f_auto,q_auto,c_pad,b_white,w_500,h_500/v1788349624/0507_MONOGRAM_13.png",,lifestyle,,detail,,scale,,alternate,1,0507_,https://mb1advancedsolutions.github.io/mb1-catalog/index.html?design=0507,
0508,MB1-0508,MONOGRAM 14,family & name,"https://res.cloudinary.com/oxygre42/image/upload/f_auto,q_auto,c_pad,b_white,w_1200,h_1200/v1788349626/0508_MONOGRAM_14.png","https://res.cloudinary.com/oxygre42/image/upload/f_auto,q_auto,c_pad,b_white,w_500,h_500/v1788349626/0508_MONOGRAM_14.png",,lifestyle,,detail,,scale,,alternate,1,0508_,https://mb1advancedsolutions.github.io/mb1-catalog/index.html?design=0508,
0509,MB1-0509,MONOGRAM 15,family & name,"https://res.cloudinary.com/oxygre42/image/upload/f_auto,q_auto,c_pad,b_white,w_1200,h_1200/v1788349628/0509_MONOGRAM_15.png","https://res.cloudinary.com/oxygre42/image/upload/f_auto,q_auto,c_pad,b_white,w_500,h_500/v1788349628/0509_MONOGRAM_15.png",,lifestyle,,detail,,scale,,alternate,1,0509_,https://mb1advancedsolutions.github.io/mb1-catalog/index.html?design=0509,
0510,MB1-0510,MONOGRAM 16,family & name,"https://res.cloudinary.com/oxygre42/image/upload/f_auto,q_auto,c_pad,b_white,w_1200,h_1200/v1788349630/0510_MONOGRAM_16.png","https://res.cloudinary.com/oxygre42/image/upload/f_auto,q_auto,c_pad,b_white,w_500,h_500/v1788349630/0510_MONOGRAM_16.png",,lifestyle,,detail,,scale,,alternate,1,0510_,https://mb1advancedsolutions.github.io/mb1-catalog/index.html?design=0510,
0511,MB1-0511,MONOGRAM 17,family & name,"https://res.cloudinary.com/oxygre42/image/upload/f_auto,q_auto,c_pad,b_white,w_1200,h_1200/v1788349632/0511_MONOGRAM_17.png","https://res.cloudinary.com/oxygre42/image/upload/f_auto,q_auto,c_pad,b_white,w_500,h_500/v1788349632/0511_MONOGRAM_17.png",,lifestyle,,detail,,scale,,alternate,1,0511_,https://mb1advancedsolutions.github.io/mb1-catalog/index.html?design=0511,
0512,MB1-0512,MONOGRAM 2,family & name,"https://res.cloudinary.com/oxygre42/image/upload/f_auto,q_auto,c_pad,b_white,w_1200,h_1200/v1788349633/0512_MONOGRAM_2.png","https://res.cloudinary.com/oxygre42/image/upload/f_auto,q_auto,c_pad,b_white,w_500,h_500/v1788349633/0512_MONOGRAM_2.png",,lifestyle,,detail,,scale,,alternate,1,0512_,https://mb1advancedsolutions.github.io/mb1-catalog/index.html?design=0512,
0513,MB1-0513,MONOGRAM 3,family & name,"https://res.cloudinary.com/oxygre42/image/upload/f_auto,q_auto,c_pad,b_white,w_1200,h_1200/v1788349635/0513_MONOGRAM_3.png","https://res.cloudinary.com/oxygre42/image/upload/f_auto,q_auto,c_pad,b_white,w_500,h_500/v1788349635/0513_MONOGRAM_3.png",,lifestyle,,detail,,scale,,alternate,1,0513_,https://mb1advancedsolutions.github.io/mb1-catalog/index.html?design=0513,
0514,MB1-0514,MONOGRAM 4,family & name,"https://res.cloudinary.com/oxygre42/image/upload/f_auto,q_auto,c_pad,b_white,w_1200,h_1200/v1788349637/0514_MONOGRAM_4.png","https://res.cloudinary.com/oxygre42/image/upload/f_auto,q_auto,c_pad,b_white,w_500,h_500/v1788349637/0514_MONOGRAM_4.png",,lifestyle,,detail,,scale,,alternate,1,0514_,https://mb1advancedsolutions.github.io/mb1-catalog/index.html?design=0514,
0515,MB1-0515,MONOGRAM 5,family & name,"https://res.cloudinary.com/oxygre42/image/upload/f_auto,q_auto,c_pad,b_white,w_1200,h_1200/v1788349639/0515_MONOGRAM_5.png","https://res.cloudinary.com/oxygre42/image/upload/f_auto,q_auto,c_pad,b_white,w_500,h_500/v1788349639/0515_MONOGRAM_5.png",,lifestyle,,detail,,scale,,alternate,1,0515_,https://mb1advancedsolutions.github.io/mb1-catalog/index.html?design=0515,
0516,MB1-0516,MONOGRAM 6,family & name,"https://res.cloudinary.com/oxygre42/image/upload/f_auto,q_auto,c_pad,b_white,w_1200,h_1200/v1788349641/0516_MONOGRAM_6.png","https://res.cloudinary.com/oxygre42/image/upload/f_auto,q_auto,c_pad,b_white,w_500,h_500/v1788349641/0516_MONOGRAM_6.png",,lifestyle,,detail,,scale,,alternate,1,0516_,https://mb1advancedsolutions.github.io/mb1-catalog/index.html?design=0516,
0517,MB1-0517,MONOGRAM 7,family & name,"https://res.cloudinary.com/oxygre42/image/upload/f_auto,q_auto,c_pad,b_white,w_1200,h_1200/v1788349643/0517_MONOGRAM_7.png","https://res.cloudinary.com/oxygre42/image/upload/f_auto,q_auto,c_pad,b_white,w_500,h_500/v1788349643/0517_MONOGRAM_7.png",,lifestyle,,detail,,scale,,alternate,1,0517_,https://mb1advancedsolutions.github.io/mb1-catalog/index.html?design=0517,
0518,MB1-0518,MONOGRAM 8,family & name,"https://res.cloudinary.com/oxygre42/image/upload/f_auto,q_auto,c_pad,b_white,w_1200,h_1200/v1788349645/0518_MONOGRAM_8.png","https://res.cloudinary.com/oxygre42/image/upload/f_auto,q_auto,c_pad,b_white,w_500,h_500/v1788349645/0518_MONOGRAM_8.png",,lifestyle,,detail,,scale,,alternate,1,0518_,https://mb1advancedsolutions.github.io/mb1-catalog/index.html?design=0518,
0519,MB1-0519,MONOGRAM 9,family & name,"https://res.cloudinary.com/oxygre42/image/upload/f_auto,q_auto,c_pad,b_white,w_1200,h_1200/v1788349647/0519_MONOGRAM_9.png","https://res.cloudinary.com/oxygre42/image/upload/f_auto,q_auto,c_pad,b_white,w_500,h_500/v1788349647/0519_MONOGRAM_9.png",,lifestyle,,detail,,scale,,alternate,1,0519_,https://mb1advancedsolutions.github.io/mb1-catalog/index.html?design=0519,
0520,MB1-0520,MOMOGRAM 23,family & name,"https://res.cloudinary.com/oxygre42/image/upload/f_auto,q_auto,c_pad,b_white,w_1200,h_1200/v1788349648/0520_MOMOGRAM_23.png","https://res.cloudinary.com/oxygre42/image/upload/f_auto,q_auto,c_pad,b_white,w_500,h_500/v1788349648/0520_MOMOGRAM_23.png",,lifestyle,,detail,,scale,,alternate,1,0520_,https://mb1advancedsolutions.github.io/mb1-catalog/index.html?design=0520,
0521,MB1-0521,MONOGRAM 18,family & name,"https://res.cloudinary.com/oxygre42/image/upload/f_auto,q_auto,c_pad,b_white,w_1200,h_1200/v1788349651/0521_MONOGRAM_18.png","https://res.cloudinary.com/oxygre42/image/upload/f_auto,q_auto,c_pad,b_white,w_500,h_500/v1788349651/0521_MONOGRAM_18.png",,lifestyle,,detail,,scale,,alternate,1,0521_,https://mb1advancedsolutions.github.io/mb1-catalog/index.html?design=0521,
0522,MB1-0522,MONOGRAM 19,family & name,"https://res.cloudinary.com/oxygre42/image/upload/f_auto,q_auto,c_pad,b_white,w_1200,h_1200/v1788349652/0522_MONOGRAM_19.png","https://res.cloudinary.com/oxygre42/image/upload/f_auto,q_auto,c_pad,b_white,w_500,h_500/v1788349652/0522_MONOGRAM_19.png",,lifestyle,,detail,,scale,,alternate,1,0522_,https://mb1advancedsolutions.github.io/mb1-catalog/index.html?design=0522,
0523,MB1-0523,MONOGRAM 20,family & name,"https://res.cloudinary.com/oxygre42/image/upload/f_auto,q_auto,c_pad,b_white,w_1200,h_1200/v1788349654/0523_MONOGRAM_20.png","https://res.cloudinary.com/oxygre42/image/upload/f_auto,q_auto,c_pad,b_white,w_500,h_500/v1788349654/0523_MONOGRAM_20.png",,lifestyle,,detail,,scale,,alternate,1,0523_,https://mb1advancedsolutions.github.io/mb1-catalog/index.html?design=0523,
0524,MB1-0524,MONOGRAM 21,family & name,"https://res.cloudinary.com/oxygre42/image/upload/f_auto,q_auto,c_pad,b_white,w_1200,h_1200/v1788349656/0524_MONOGRAM_21.png","https://res.cloudinary.com/oxygre42/image/upload/f_auto,q_auto,c_pad,b_white,w_500,h_500/v1788349656/0524_MONOGRAM_21.png",,lifestyle,,detail,,scale,,alternate,1,0524_,https://mb1advancedsolutions.github.io/mb1-catalog/index.html?design=0524,
0525,MB1-0525,MONOGRAM 22,family & name,"https://res.cloudinary.com/oxygre42/image/upload/f_auto,q_auto,c_pad,b_white,w_1200,h_1200/v1788349658/0525_MONOGRAM_22.png","https://res.cloudinary.com/oxygre42/image/upload/f_auto,q_auto,c_pad,b_white,w_500,h_500/v1788349658/0525_MONOGRAM_22.png",,lifestyle,,detail,,scale,,alternate,1,0525_,https://mb1advancedsolutions.github.io/mb1-catalog/index.html?design=0525,
0541,MB1-0541,AntlerBaseA,home decor and inspirational,"https://res.cloudinary.com/oxygre42/image/upload/f_auto,q_auto,c_pad,b_white,w_1200,h_1200/v1788349660/0541_AntlerBaseA.jpg","https://res.cloudinary.com/oxygre42/image/upload/f_auto,q_auto,c_pad,b_white,w_500,h_500/v1788349660/0541_AntlerBaseA.jpg",,lifestyle,,detail,,scale,,alternate,1,0541_,https://mb1advancedsolutions.github.io/mb1-catalog/index.html?design=0541,
0542,MB1-0542,AntlerBaseB,home decor and inspirational,"https://res.cloudinary.com/oxygre42/image/upload/f_auto,q_auto,c_pad,b_white,w_1200,h_1200/v1788349662/0542_AntlerBaseB.jpg","https://res.cloudinary.com/oxygre42/image/upload/f_auto,q_auto,c_pad,b_white,w_500,h_500/v1788349662/0542_AntlerBaseB.jpg",,lifestyle,,detail,,scale,,alternate,1,0542_,https://mb1advancedsolutions.github.io/mb1-catalog/index.html?design=0542,
0543,MB1-0543,AntlerBaseC,home decor and inspirational,"https://res.cloudinary.com/oxygre42/image/upload/f_auto,q_auto,c_pad,b_white,w_1200,h_1200/v1788349663/0543_AntlerBaseC.jpg","https://res.cloudinary.com/oxygre42/image/upload/f_auto,q_auto,c_pad,b_white,w_500,h_500/v1788349663/0543_AntlerBaseC.jpg",,lifestyle,,detail,,scale,,alternate,1,0543_,https://mb1advancedsolutions.github.io/mb1-catalog/index.html?design=0543,
0544,MB1-0544,AntlerBaseD,home decor and inspirational,"https://res.cloudinary.com/oxygre42/image/upload/f_auto,q_auto,c_pad,b_white,w_1200,h_1200/v1788349665/0544_AntlerBaseD.jpg","https://res.cloudinary.com/oxygre42/image/upload/f_auto,q_auto,c_pad,b_white,w_500,h_500/v1788349665/0544_AntlerBaseD.jpg",,lifestyle,,detail,,scale,,alternate,1,0544_,https://mb1advancedsolutions.github.io/mb1-catalog/index.html?design=0544,
0545,MB1-0545,AntlerBaseE,home decor and inspirational,"https://res.cloudinary.com/oxygre42/image/upload/f_auto,q_auto,c_pad,b_white,w_1200,h_1200/v1788349667/0545_AntlerBaseE.jpg","https://res.cloudinary.com/oxygre42/image/upload/f_auto,q_auto,c_pad,b_white,w_500,h_500/v1788349667/0545_AntlerBaseE.jpg",,lifestyle,,detail,,scale,,alternate,1,0545_,https://mb1advancedsolutions.github.io/mb1-catalog/index.html?design=0545,
0546,MB1-0546,AntlerBaseF,home decor and inspirational,"https://res.cloudinary.com/oxygre42/image/upload/f_auto,q_auto,c_pad,b_white,w_1200,h_1200/v1788349669/0546_AntlerBaseF.jpg","https://res.cloudinary.com/oxygre42/image/upload/f_auto,q_auto,c_pad,b_white,w_500,h_500/v1788349669/0546_AntlerBaseF.jpg",,lifestyle,,detail,,scale,,alternate,1,0546_,https://mb1advancedsolutions.github.io/mb1-catalog/index.html?design=0546,
0547,MB1-0547,AntlerBaseG,home decor and inspirational,"https://res.cloudinary.com/oxygre42/image/upload/f_auto,q_auto,c_pad,b_white,w_1200,h_1200/v1788349671/0547_AntlerBaseG.jpg","https://res.cloudinary.com/oxygre42/image/upload/f_auto,q_auto,c_pad,b_white,w_500,h_500/v1788349671/0547_AntlerBaseG.jpg",,lifestyle,,detail,,scale,,alternate,1,0547_,https://mb1advancedsolutions.github.io/mb1-catalog/index.html?design=0547,
0548,MB1-0548,AntlerBaseH,home decor and inspirational,"https://res.cloudinary.com/oxygre42/image/upload/f_auto,q_auto,c_pad,b_white,w_1200,h_1200/v1788349672/0548_AntlerBaseH.jpg","https://res.cloudinary.com/oxygre42/image/upload/f_auto,q_auto,c_pad,b_white,w_500,h_500/v1788349672/0548_AntlerBaseH.jpg",,lifestyle,,detail,,scale,,alternate,1,0548_,https://mb1advancedsolutions.github.io/mb1-catalog/index.html?design=0548,
0549,MB1-0549,AntlerBaseI,home decor and inspirational,"https://res.cloudinary.com/oxygre42/image/upload/f_auto,q_auto,c_pad,b_white,w_1200,h_1200/v1788349674/0549_AntlerBaseI.jpg","https://res.cloudinary.com/oxygre42/image/upload/f_auto,q_auto,c_pad,b_white,w_500,h_500/v1788349674/0549_AntlerBaseI.jpg",,lifestyle,,detail,,scale,,alternate,1,0549_,https://mb1advancedsolutions.github.io/mb1-catalog/index.html?design=0549,
0550,MB1-0550,AntlerBaseJ,home decor and inspirational,"https://res.cloudinary.com/oxygre42/image/upload/f_auto,q_auto,c_pad,b_white,w_1200,h_1200/v1788349676/0550_AntlerBaseJ.jpg","https://res.cloudinary.com/oxygre42/image/upload/f_auto,q_auto,c_pad,b_white,w_500,h_500/v1788349676/0550_AntlerBaseJ.jpg",,lifestyle,,detail,,scale,,alternate,1,0550_,https://mb1advancedsolutions.github.io/mb1-catalog/index.html?design=0550,
0551,MB1-0551,AntlerBaseK,home decor and inspirational,"https://res.cloudinary.com/oxygre42/image/upload/f_auto,q_auto,c_pad,b_white,w_1200,h_1200/v1788349678/0551_AntlerBaseK.jpg","https://res.cloudinary.com/oxygre42/image/upload/f_auto,q_auto,c_pad,b_white,w_500,h_500/v1788349678/0551_AntlerBaseK.jpg",,lifestyle,,detail,,scale,,alternate,1,0551_,https://mb1advancedsolutions.github.io/mb1-catalog/index.html?design=0551,
0552,MB1-0552,AntlerBaseL,home decor and inspirational,"https://res.cloudinary.com/oxygre42/image/upload/f_auto,q_auto,c_pad,b_white,w_1200,h_1200/v1788349680/0552_AntlerBaseL.jpg","https://res.cloudinary.com/oxygre42/image/upload/f_auto,q_auto,c_pad,b_white,w_500,h_500/v1788349680/0552_AntlerBaseL.jpg",,lifestyle,,detail,,scale,,alternate,1,0552_,https://mb1advancedsolutions.github.io/mb1-catalog/index.html?design=0552,
0553,MB1-0553,AntlerBaseM,home decor and inspirational,"https://res.cloudinary.com/oxygre42/image/upload/f_auto,q_auto,c_pad,b_white,w_1200,h_1200/v1788349682/0553_AntlerBaseM.jpg","https://res.cloudinary.com/oxygre42/image/upload/f_auto,q_auto,c_pad,b_white,w_500,h_500/v1788349682/0553_AntlerBaseM.jpg",,lifestyle,,detail,,scale,,alternate,1,0553_,https://mb1advancedsolutions.github.io/mb1-catalog/index.html?design=0553,
0554,MB1-0554,AntlerBaseN,home decor and inspirational,"https://res.cloudinary.com/oxygre42/image/upload/f_auto,q_auto,c_pad,b_white,w_1200,h_1200/v1788349683/0554_AntlerBaseN.jpg","https://res.cloudinary.com/oxygre42/image/upload/f_auto,q_auto,c_pad,b_white,w_500,h_500/v1788349683/0554_AntlerBaseN.jpg",,lifestyle,,detail,,scale,,alternate,1,0554_,https://mb1advancedsolutions.github.io/mb1-catalog/index.html?design=0554,
0555,MB1-0555,AntlerBaseO,home decor and inspirational,"https://res.cloudinary.com/oxygre42/image/upload/f_auto,q_auto,c_pad,b_white,w_1200,h_1200/v1788349685/0555_AntlerBaseO.jpg","https://res.cloudinary.com/oxygre42/image/upload/f_auto,q_auto,c_pad,b_white,w_500,h_500/v1788349685/0555_AntlerBaseO.jpg",,lifestyle,,detail,,scale,,alternate,1,0555_,https://mb1advancedsolutions.github.io/mb1-catalog/index.html?design=0555,
0556,MB1-0556,AntlerBaseP,home decor and inspirational,"https://res.cloudinary.com/oxygre42/image/upload/f_auto,q_auto,c_pad,b_white,w_1200,h_1200/v1788349687/0556_AntlerBaseP.jpg","https://res.cloudinary.com/oxygre42/image/upload/f_auto,q_auto,c_pad,b_white,w_500,h_500/v1788349687/0556_AntlerBaseP.jpg",,lifestyle,,detail,,scale,,alternate,1,0556_,https://mb1advancedsolutions.github.io/mb1-catalog/index.html?design=0556,
0557,MB1-0557,AntlerBaseQ,home decor and inspirational,"https://res.cloudinary.com/oxygre42/image/upload/f_auto,q_auto,c_pad,b_white,w_1200,h_1200/v1788349689/0557_AntlerBaseQ.jpg","https://res.cloudinary.com/oxygre42/image/upload/f_auto,q_auto,c_pad,b_white,w_500,h_500/v1788349689/0557_AntlerBaseQ.jpg",,lifestyle,,detail,,scale,,alternate,1,0557_,https://mb1advancedsolutions.github.io/mb1-catalog/index.html?design=0557,
0558,MB1-0558,AntlerBaseR,home decor and inspirational,"https://res.cloudinary.com/oxygre42/image/upload/f_auto,q_auto,c_pad,b_white,w_1200,h_1200/v1788349691/0558_AntlerBaseR.jpg","https://res.cloudinary.com/oxygre42/image/upload/f_auto,q_auto,c_pad,b_white,w_500,h_500/v1788349691/0558_AntlerBaseR.jpg",,lifestyle,,detail,,scale,,alternate,1,0558_,https://mb1advancedsolutions.github.io/mb1-catalog/index.html?design=0558,
0559,MB1-0559,AntlerBaseS,home decor and inspirational,"https://res.cloudinary.com/oxygre42/image/upload/f_auto,q_auto,c_pad,b_white,w_1200,h_1200/v1788349693/0559_AntlerBaseS.jpg","https://res.cloudinary.com/oxygre42/image/upload/f_auto,q_auto,c_pad,b_white,w_500,h_500/v1788349693/0559_AntlerBaseS.jpg",,lifestyle,,detail,,scale,,alternate,1,0559_,https://mb1advancedsolutions.github.io/mb1-catalog/index.html?design=0559,
0560,MB1-0560,AntlerBaseT,home decor and inspirational,"https://res.cloudinary.com/oxygre42/image/upload/f_auto,q_auto,c_pad,b_white,w_1200,h_1200/v1788349694/0560_AntlerBaseT.jpg","https://res.cloudinary.com/oxygre42/image/upload/f_auto,q_auto,c_pad,b_white,w_500,h_500/v1788349694/0560_AntlerBaseT.jpg",,lifestyle,,detail,,scale,,alternate,1,0560_,https://mb1advancedsolutions.github.io/mb1-catalog/index.html?design=0560,
0561,MB1-0561,AntlerBaseU,home decor and inspirational,"https://res.cloudinary.com/oxygre42/image/upload/f_auto,q_auto,c_pad,b_white,w_1200,h_1200/v1788349696/0561_AntlerBaseU.jpg","https://res.cloudinary.com/oxygre42/image/upload/f_auto,q_auto,c_pad,b_white,w_500,h_500/v1788349696/0561_AntlerBaseU.jpg",,lifestyle,,detail,,scale,,alternate,1,0561_,https://mb1advancedsolutions.github.io/mb1-catalog/index.html?design=0561,
0562,MB1-0562,AntlerBaseV,home decor and inspirational,"https://res.cloudinary.com/oxygre42/image/upload/f_auto,q_auto,c_pad,b_white,w_1200,h_1200/v1788349698/0562_AntlerBaseV.jpg","https://res.cloudinary.com/oxygre42/image/upload/f_auto,q_auto,c_pad,b_white,w_500,h_500/v1788349698/0562_AntlerBaseV.jpg",,lifestyle,,detail,,scale,,alternate,1,0562_,https://mb1advancedsolutions.github.io/mb1-catalog/index.html?design=0562,
0563,MB1-0563,AntlerBaseW,home decor and inspirational,"https://res.cloudinary.com/oxygre42/image/upload/f_auto,q_auto,c_pad,b_white,w_1200,h_1200/v1788349700/0563_AntlerBaseW.jpg","https://res.cloudinary.com/oxygre42/image/upload/f_auto,q_auto,c_pad,b_white,w_500,h_500/v1788349700/0563_AntlerBaseW.jpg",,lifestyle,,detail,,scale,,alternate,1,0563_,https://mb1advancedsolutions.github.io/mb1-catalog/index.html?design=0563,
0564,MB1-0564,AntlerBaseX,home decor and inspirational,"https://res.cloudinary.com/oxygre42/image/upload/f_auto,q_auto,c_pad,b_white,w_1200,h_1200/v1788349702/0564_AntlerBaseX.jpg","https://res.cloudinary.com/oxygre42/image/upload/f_auto,q_auto,c_pad,b_white,w_500,h_500/v1788349702/0564_AntlerBaseX.jpg",,lifestyle,,detail,,scale,,alternate,1,0564_,https://mb1advancedsolutions.github.io/mb1-catalog/index.html?design=0564,
0565,MB1-0565,AntlerBaseY,home decor and inspirational,"https://res.cloudinary.com/oxygre42/image/upload/f_auto,q_auto,c_pad,b_white,w_1200,h_1200/v1788349704/0565_AntlerBaseY.jpg","https://res.cloudinary.com/oxygre42/image/upload/f_auto,q_auto,c_pad,b_white,w_500,h_500/v1788349704/0565_AntlerBaseY.jpg",,lifestyle,,detail,,scale,,alternate,1,0565_,https://mb1advancedsolutions.github.io/mb1-catalog/index.html?design=0565,
0566,MB1-0566,AntlerBaseZ,home decor and inspirational,"https://res.cloudinary.com/oxygre42/image/upload/f_auto,q_auto,c_pad,b_white,w_1200,h_1200/v1788349705/0566_AntlerBaseZ.jpg","https://res.cloudinary.com/oxygre42/image/upload/f_auto,q_auto,c_pad,b_white,w_500,h_500/v1788349705/0566_AntlerBaseZ.jpg",,lifestyle,,detail,,scale,,alternate,1,0566_,https://mb1advancedsolutions.github.io/mb1-catalog/index.html?design=0566,
0567,MB1-0567,Antler Monogram A,wildlife and outdoors,"https://res.cloudinary.com/oxygre42/image/upload/f_auto,q_auto,c_pad,b_white,w_1200,h_1200/v1788349707/0567_Antler_Monogram_A.png","https://res.cloudinary.com/oxygre42/image/upload/f_auto,q_auto,c_pad,b_white,w_500,h_500/v1788349707/0567_Antler_Monogram_A.png",,lifestyle,,detail,,scale,,alternate,1,0567_,https://mb1advancedsolutions.github.io/mb1-catalog/index.html?design=0567,
0568,MB1-0568,Antler Monogram B,wildlife and outdoors,"https://res.cloudinary.com/oxygre42/image/upload/f_auto,q_auto,c_pad,b_white,w_1200,h_1200/v1788349709/0568_Antler_Monogram_B.png","https://res.cloudinary.com/oxygre42/image/upload/f_auto,q_auto,c_pad,b_white,w_500,h_500/v1788349709/0568_Antler_Monogram_B.png",,lifestyle,,detail,,scale,,alternate,1,0568_,https://mb1advancedsolutions.github.io/mb1-catalog/index.html?design=0568,
0569,MB1-0569,Antler Monogram C,wildlife and outdoors,"https://res.cloudinary.com/oxygre42/image/upload/f_auto,q_auto,c_pad,b_white,w_1200,h_1200/v1788349711/0569_Antler_Monogram_C.png","https://res.cloudinary.com/oxygre42/image/upload/f_auto,q_auto,c_pad,b_white,w_500,h_500/v1788349711/0569_Antler_Monogram_C.png",,lifestyle,,detail,,scale,,alternate,1,0569_,https://mb1advancedsolutions.github.io/mb1-catalog/index.html?design=0569,
0570,MB1-0570,Antler Monogram D,wildlife and outdoors,"https://res.cloudinary.com/oxygre42/image/upload/f_auto,q_auto,c_pad,b_white,w_1200,h_1200/v1788349713/0570_Antler_Monogram_D.png","https://res.cloudinary.com/oxygre42/image/upload/f_auto,q_auto,c_pad,b_white,w_500,h_500/v1788349713/0570_Antler_Monogram_D.png",,lifestyle,,detail,,scale,,alternate,1,0570_,https://mb1advancedsolutions.github.io/mb1-catalog/index.html?design=0570,
0571,MB1-0571,Antler Monogram E,wildlife and outdoors,"https://res.cloudinary.com/oxygre42/image/upload/f_auto,q_auto,c_pad,b_white,w_1200,h_1200/v1788349714/0571_Antler_Monogram_E.png","https://res.cloudinary.com/oxygre42/image/upload/f_auto,q_auto,c_pad,b_white,w_500,h_500/v1788349714/0571_Antler_Monogram_E.png",,lifestyle,,detail,,scale,,alternate,1,0571_,https://mb1advancedsolutions.github.io/mb1-catalog/index.html?design=0571,
0572,MB1-0572,Antler Monogram F,wildlife and outdoors,"https://res.cloudinary.com/oxygre42/image/upload/f_auto,q_auto,c_pad,b_white,w_1200,h_1200/v1788349716/0572_Antler_Monogram_F.png","https://res.cloudinary.com/oxygre42/image/upload/f_auto,q_auto,c_pad,b_white,w_500,h_500/v1788349716/0572_Antler_Monogram_F.png",,lifestyle,,detail,,scale,,alternate,1,0572_,https://mb1advancedsolutions.github.io/mb1-catalog/index.html?design=0572,
0573,MB1-0573,Antler Monogram G,wildlife and outdoors,"https://res.cloudinary.com/oxygre42/image/upload/f_auto,q_auto,c_pad,b_white,w_1200,h_1200/v1788349718/0573_Antler_Monogram_G.png","https://res.cloudinary.com/oxygre42/image/upload/f_auto,q_auto,c_pad,b_white,w_500,h_500/v1788349718/0573_Antler_Monogram_G.png",,lifestyle,,detail,,scale,,alternate,1,0573_,https://mb1advancedsolutions.github.io/mb1-catalog/index.html?design=0573,
0574,MB1-0574,Antler Monogram H,wildlife and outdoors,"https://res.cloudinary.com/oxygre42/image/upload/f_auto,q_auto,c_pad,b_white,w_1200,h_1200/v1788349720/0574_Antler_Monogram_H.png","https://res.cloudinary.com/oxygre42/image/upload/f_auto,q_auto,c_pad,b_white,w_500,h_500/v1788349720/0574_Antler_Monogram_H.png",,lifestyle,,detail,,scale,,alternate,1,0574_,https://mb1advancedsolutions.github.io/mb1-catalog/index.html?design=0574,
0575,MB1-0575,Antler Monogram I,wildlife and outdoors,"https://res.cloudinary.com/oxygre42/image/upload/f_auto,q_auto,c_pad,b_white,w_1200,h_1200/v1788349722/0575_Antler_Monogram_I.png","https://res.cloudinary.com/oxygre42/image/upload/f_auto,q_auto,c_pad,b_white,w_500,h_500/v1788349722/0575_Antler_Monogram_I.png",,lifestyle,,detail,,scale,,alternate,1,0575_,https://mb1advancedsolutions.github.io/mb1-catalog/index.html?design=0575,
0576,MB1-0576,Antler Monogram J,wildlife and outdoors,"https://res.cloudinary.com/oxygre42/image/upload/f_auto,q_auto,c_pad,b_white,w_1200,h_1200/v1788349724/0576_Antler_Monogram_J.png","https://res.cloudinary.com/oxygre42/image/upload/f_auto,q_auto,c_pad,b_white,w_500,h_500/v1788349724/0576_Antler_Monogram_J.png",,lifestyle,,detail,,scale,,alternate,1,0576_,https://mb1advancedsolutions.github.io/mb1-catalog/index.html?design=0576,
0577,MB1-0577,Antler Monogram K,wildlife and outdoors,"https://res.cloudinary.com/oxygre42/image/upload/f_auto,q_auto,c_pad,b_white,w_1200,h_1200/v1788349726/0577_Antler_Monogram_K.png","https://res.cloudinary.com/oxygre42/image/upload/f_auto,q_auto,c_pad,b_white,w_500,h_500/v1788349726/0577_Antler_Monogram_K.png",,lifestyle,,detail,,scale,,alternate,1,0577_,https://mb1advancedsolutions.github.io/mb1-catalog/index.html?design=0577,
0578,MB1-0578,Antler Monogram L,wildlife and outdoors,"https://res.cloudinary.com/oxygre42/image/upload/f_auto,q_auto,c_pad,b_white,w_1200,h_1200/v1788349727/0578_Antler_Monogram_L.png","https://res.cloudinary.com/oxygre42/image/upload/f_auto,q_auto,c_pad,b_white,w_500,h_500/v1788349727/0578_Antler_Monogram_L.png",,lifestyle,,detail,,scale,,alternate,1,0578_,https://mb1advancedsolutions.github.io/mb1-catalog/index.html?design=0578,
0579,MB1-0579,Antler Monogram M,wildlife and outdoors,"https://res.cloudinary.com/oxygre42/image/upload/f_auto,q_auto,c_pad,b_white,w_1200,h_1200/v1788349729/0579_Antler_Monogram_M.png","https://res.cloudinary.com/oxygre42/image/upload/f_auto,q_auto,c_pad,b_white,w_500,h_500/v1788349729/0579_Antler_Monogram_M.png",,lifestyle,,detail,,scale,,alternate,1,0579_,https://mb1advancedsolutions.github.io/mb1-catalog/index.html?design=0579,
0580,MB1-0580,Antler Monogram N,wildlife and outdoors,"https://res.cloudinary.com/oxygre42/image/upload/f_auto,q_auto,c_pad,b_white,w_1200,h_1200/v1788349731/0580_Antler_Monogram_N.png","https://res.cloudinary.com/oxygre42/image/upload/f_auto,q_auto,c_pad,b_white,w_500,h_500/v1788349731/0580_Antler_Monogram_N.png",,lifestyle,,detail,,scale,,alternate,1,0580_,https://mb1advancedsolutions.github.io/mb1-catalog/index.html?design=0580,
0581,MB1-0581,Antler Monogram O,wildlife and outdoors,"https://res.cloudinary.com/oxygre42/image/upload/f_auto,q_auto,c_pad,b_white,w_1200,h_1200/v1788349733/0581_Antler_Monogram_O.png","https://res.cloudinary.com/oxygre42/image/upload/f_auto,q_auto,c_pad,b_white,w_500,h_500/v1788349733/0581_Antler_Monogram_O.png",,lifestyle,,detail,,scale,,alternate,1,0581_,https://mb1advancedsolutions.github.io/mb1-catalog/index.html?design=0581,
0582,MB1-0582,Antler Monogram P,wildlife and outdoors,"https://res.cloudinary.com/oxygre42/image/upload/f_auto,q_auto,c_pad,b_white,w_1200,h_1200/v1788349735/0582_Antler_Monogram_P.png","https://res.cloudinary.com/oxygre42/image/upload/f_auto,q_auto,c_pad,b_white,w_500,h_500/v1788349735/0582_Antler_Monogram_P.png",,lifestyle,,detail,,scale,,alternate,1,0582_,https://mb1advancedsolutions.github.io/mb1-catalog/index.html?design=0582,
0583,MB1-0583,Antler Monogram Q,wildlife and outdoors,"https://res.cloudinary.com/oxygre42/image/upload/f_auto,q_auto,c_pad,b_white,w_1200,h_1200/v1788349737/0583_Antler_Monogram_Q.png","https://res.cloudinary.com/oxygre42/image/upload/f_auto,q_auto,c_pad,b_white,w_500,h_500/v1788349737/0583_Antler_Monogram_Q.png",,lifestyle,,detail,,scale,,alternate,1,0583_,https://mb1advancedsolutions.github.io/mb1-catalog/index.html?design=0583,
0584,MB1-0584,Antler Monogram R,wildlife and outdoors,"https://res.cloudinary.com/oxygre42/image/upload/f_auto,q_auto,c_pad,b_white,w_1200,h_1200/v1788349739/0584_Antler_Monogram_R.png","https://res.cloudinary.com/oxygre42/image/upload/f_auto,q_auto,c_pad,b_white,w_500,h_500/v1788349739/0584_Antler_Monogram_R.png",,lifestyle,,detail,,scale,,alternate,1,0584_,https://mb1advancedsolutions.github.io/mb1-catalog/index.html?design=0584,
0585,MB1-0585,Antler Monogram S,wildlife and outdoors,"https://res.cloudinary.com/oxygre42/image/upload/f_auto,q_auto,c_pad,b_white,w_1200,h_1200/v1788349741/0585_Antler_Monogram_S.png","https://res.cloudinary.com/oxygre42/image/upload/f_auto,q_auto,c_pad,b_white,w_500,h_500/v1788349741/0585_Antler_Monogram_S.png",,lifestyle,,detail,,scale,,alternate,1,0585_,https://mb1advancedsolutions.github.io/mb1-catalog/index.html?design=0585,
0586,MB1-0586,Antler Monogram T,wildlife and outdoors,"https://res.cloudinary.com/oxygre42/image/upload/f_auto,q_auto,c_pad,b_white,w_1200,h_1200/v1788349743/0586_Antler_Monogram_T.png","https://res.cloudinary.com/oxygre42/image/upload/f_auto,q_auto,c_pad,b_white,w_500,h_500/v1788349743/0586_Antler_Monogram_T.png",,lifestyle,,detail,,scale,,alternate,1,0586_,https://mb1advancedsolutions.github.io/mb1-catalog/index.html?design=0586,
0587,MB1-0587,Antler Monogram U,wildlife and outdoors,"https://res.cloudinary.com/oxygre42/image/upload/f_auto,q_auto,c_pad,b_white,w_1200,h_1200/v1788349744/0587_Antler_Monogram_U.png","https://res.cloudinary.com/oxygre42/image/upload/f_auto,q_auto,c_pad,b_white,w_500,h_500/v1788349744/0587_Antler_Monogram_U.png",,lifestyle,,detail,,scale,,alternate,1,0587_,https://mb1advancedsolutions.github.io/mb1-catalog/index.html?design=0587,
0588,MB1-0588,Antler Monogram V,wildlife and outdoors,"https://res.cloudinary.com/oxygre42/image/upload/f_auto,q_auto,c_pad,b_white,w_1200,h_1200/v1788349746/0588_Antler_Monogram_V.png","https://res.cloudinary.com/oxygre42/image/upload/f_auto,q_auto,c_pad,b_white,w_500,h_500/v1788349746/0588_Antler_Monogram_V.png",,lifestyle,,detail,,scale,,alternate,1,0588_,https://mb1advancedsolutions.github.io/mb1-catalog/index.html?design=0588,
0589,MB1-0589,Antler Monogram W,wildlife and outdoors,"https://res.cloudinary.com/oxygre42/image/upload/f_auto,q_auto,c_pad,b_white,w_1200,h_1200/v1788349748/0589_Antler_Monogram_W.png","https://res.cloudinary.com/oxygre42/image/upload/f_auto,q_auto,c_pad,b_white,w_500,h_500/v1788349748/0589_Antler_Monogram_W.png",,lifestyle,,detail,,scale,,alternate,1,0589_,https://mb1advancedsolutions.github.io/mb1-catalog/index.html?design=0589,
0590,MB1-0590,Antler Monogram X,wildlife and outdoors,"https://res.cloudinary.com/oxygre42/image/upload/f_auto,q_auto,c_pad,b_white,w_1200,h_1200/v1788349750/0590_Antler_Monogram_X.png","https://res.cloudinary.com/oxygre42/image/upload/f_auto,q_auto,c_pad,b_white,w_500,h_500/v1788349750/0590_Antler_Monogram_X.png",,lifestyle,,detail,,scale,,alternate,1,0590_,https://mb1advancedsolutions.github.io/mb1-catalog/index.html?design=0590,
0591,MB1-0591,Antler Monogram Y,wildlife and outdoors,"https://res.cloudinary.com/oxygre42/image/upload/f_auto,q_auto,c_pad,b_white,w_1200,h_1200/v1788349752/0591_Antler_Monogram_Y.png","https://res.cloudinary.com/oxygre42/image/upload/f_auto,q_auto,c_pad,b_white,w_500,h_500/v1788349752/0591_Antler_Monogram_Y.png",,lifestyle,,detail,,scale,,alternate,1,0591_,https://mb1advancedsolutions.github.io/mb1-catalog/index.html?design=0591,
0592,MB1-0592,Antler Monogram Z,wildlife and outdoors,"https://res.cloudinary.com/oxygre42/image/upload/f_auto,q_auto,c_pad,b_white,w_1200,h_1200/v1788349754/0592_Antler_Monogram_Z.png","https://res.cloudinary.com/oxygre42/image/upload/f_auto,q_auto,c_pad,b_white,w_500,h_500/v1788349754/0592_Antler_Monogram_Z.png",,lifestyle,,detail,,scale,,alternate,1,0592_,https://mb1advancedsolutions.github.io/mb1-catalog/index.html?design=0592,
0619,MB1-0619,Monogram Fleur A,family & name,"https://res.cloudinary.com/oxygre42/image/upload/f_auto,q_auto,c_pad,b_white,w_1200,h_1200/v1788349756/0619_Monogram_Fleur_A.png","https://res.cloudinary.com/oxygre42/image/upload/f_auto,q_auto,c_pad,b_white,w_500,h_500/v1788349756/0619_Monogram_Fleur_A.png",,lifestyle,,detail,,scale,,alternate,1,0619_,https://mb1advancedsolutions.github.io/mb1-catalog/index.html?design=0619,
0620,MB1-0620,Monogram Fleur B,family & name,"https://res.cloudinary.com/oxygre42/image/upload/f_auto,q_auto,c_pad,b_white,w_1200,h_1200/v1788349758/0620_Monogram_Fleur_B.png","https://res.cloudinary.com/oxygre42/image/upload/f_auto,q_auto,c_pad,b_white,w_500,h_500/v1788349758/0620_Monogram_Fleur_B.png",,lifestyle,,detail,,scale,,alternate,1,0620_,https://mb1advancedsolutions.github.io/mb1-catalog/index.html?design=0620,
0621,MB1-0621,Monogram Fleur C,family & name,"https://res.cloudinary.com/oxygre42/image/upload/f_auto,q_auto,c_pad,b_white,w_1200,h_1200/v1788349759/0621_Monogram_Fleur_C.png","https://res.cloudinary.com/oxygre42/image/upload/f_auto,q_auto,c_pad,b_white,w_500,h_500/v1788349759/0621_Monogram_Fleur_C.png",,lifestyle,,detail,,scale,,alternate,1,0621_,https://mb1advancedsolutions.github.io/mb1-catalog/index.html?design=0621,
0622,MB1-0622,Monogram Fleur D,family & name,"https://res.cloudinary.com/oxygre42/image/upload/f_auto,q_auto,c_pad,b_white,w_1200,h_1200/v1788349761/0622_Monogram_Fleur_D.png","https://res.cloudinary.com/oxygre42/image/upload/f_auto,q_auto,c_pad,b_white,w_500,h_500/v1788349761/0622_Monogram_Fleur_D.png",,lifestyle,,detail,,scale,,alternate,1,0622_,https://mb1advancedsolutions.github.io/mb1-catalog/index.html?design=0622,
0623,MB1-0623,Monogram Fleur E,family & name,"https://res.cloudinary.com/oxygre42/image/upload/f_auto,q_auto,c_pad,b_white,w_1200,h_1200/v1788349767/0623_Monogram_Fleur_E.png","https://res.cloudinary.com/oxygre42/image/upload/f_auto,q_auto,c_pad,b_white,w_500,h_500/v1788349767/0623_Monogram_Fleur_E.png",,lifestyle,,detail,,scale,,alternate,1,0623_,https://mb1advancedsolutions.github.io/mb1-catalog/index.html?design=0623,
0624,MB1-0624,Monogram Fleur F,family & name,"https://res.cloudinary.com/oxygre42/image/upload/f_auto,q_auto,c_pad,b_white,w_1200,h_1200/v1788349768/0624_Monogram_Fleur_F.png","https://res.cloudinary.com/oxygre42/image/upload/f_auto,q_auto,c_pad,b_white,w_500,h_500/v1788349768/0624_Monogram_Fleur_F.png",,lifestyle,,detail,,scale,,alternate,1,0624_,https://mb1advancedsolutions.github.io/mb1-catalog/index.html?design=0624,
0625,MB1-0625,Monogram Fleur G,family & name,"https://res.cloudinary.com/oxygre42/image/upload/f_auto,q_auto,c_pad,b_white,w_1200,h_1200/v1788349768/0625_Monogram_Fleur_G.png","https://res.cloudinary.com/oxygre42/image/upload/f_auto,q_auto,c_pad,b_white,w_500,h_500/v1788349768/0625_Monogram_Fleur_G.png",,lifestyle,,detail,,scale,,alternate,1,0625_,https://mb1advancedsolutions.github.io/mb1-catalog/index.html?design=0625,
0626,MB1-0626,Monogram Fleur H,family & name,"https://res.cloudinary.com/oxygre42/image/upload/f_auto,q_auto,c_pad,b_white,w_1200,h_1200/v1788349769/0626_Monogram_Fleur_H.png","https://res.cloudinary.com/oxygre42/image/upload/f_auto,q_auto,c_pad,b_white,w_500,h_500/v1788349769/0626_Monogram_Fleur_H.png",,lifestyle,,detail,,scale,,alternate,1,0626_,https://mb1advancedsolutions.github.io/mb1-catalog/index.html?design=0626,
0627,MB1-0627,Monogram Fleur I,family & name,"https://res.cloudinary.com/oxygre42/image/upload/f_auto,q_auto,c_pad,b_white,w_1200,h_1200/v1788349771/0627_Monogram_Fleur_I.png","https://res.cloudinary.com/oxygre42/image/upload/f_auto,q_auto,c_pad,b_white,w_500,h_500/v1788349771/0627_Monogram_Fleur_I.png",,lifestyle,,detail,,scale,,alternate,1,0627_,https://mb1advancedsolutions.github.io/mb1-catalog/index.html?design=0627,
0628,MB1-0628,Monogram Fleur J,family & name,"https://res.cloudinary.com/oxygre42/image/upload/f_auto,q_auto,c_pad,b_white,w_1200,h_1200/v1788349773/0628_Monogram_Fleur_J.png","https://res.cloudinary.com/oxygre42/image/upload/f_auto,q_auto,c_pad,b_white,w_500,h_500/v1788349773/0628_Monogram_Fleur_J.png",,lifestyle,,detail,,scale,,alternate,1,0628_,https://mb1advancedsolutions.github.io/mb1-catalog/index.html?design=0628,
0629,MB1-0629,Monogram Fleur K,family & name,"https://res.cloudinary.com/oxygre42/image/upload/f_auto,q_auto,c_pad,b_white,w_1200,h_1200/v1788349774/0629_Monogram_Fleur_K.png","https://res.cloudinary.com/oxygre42/image/upload/f_auto,q_auto,c_pad,b_white,w_500,h_500/v1788349774/0629_Monogram_Fleur_K.png",,lifestyle,,detail,,scale,,alternate,1,0629_,https://mb1advancedsolutions.github.io/mb1-catalog/index.html?design=0629,
0630,MB1-0630,Monogram Fleur L,family & name,"https://res.cloudinary.com/oxygre42/image/upload/f_auto,q_auto,c_pad,b_white,w_1200,h_1200/v1788349776/0630_Monogram_Fleur_L.png","https://res.cloudinary.com/oxygre42/image/upload/f_auto,q_auto,c_pad,b_white,w_500,h_500/v1788349776/0630_Monogram_Fleur_L.png",,lifestyle,,detail,,scale,,alternate,1,0630_,https://mb1advancedsolutions.github.io/mb1-catalog/index.html?design=0630,
0631,MB1-0631,Monogram Fleur M,family & name,"https://res.cloudinary.com/oxygre42/image/upload/f_auto,q_auto,c_pad,b_white,w_1200,h_1200/v1788349778/0631_Monogram_Fleur_M.png","https://res.cloudinary.com/oxygre42/image/upload/f_auto,q_auto,c_pad,b_white,w_500,h_500/v1788349778/0631_Monogram_Fleur_M.png",,lifestyle,,detail,,scale,,alternate,1,0631_,https://mb1advancedsolutions.github.io/mb1-catalog/index.html?design=0631,
0632,MB1-0632,Monogram Fleur N,family & name,"https://res.cloudinary.com/oxygre42/image/upload/f_auto,q_auto,c_pad,b_white,w_1200,h_1200/v1788349782/0632_Monogram_Fleur_N.png","https://res.cloudinary.com/oxygre42/image/upload/f_auto,q_auto,c_pad,b_white,w_500,h_500/v1788349782/0632_Monogram_Fleur_N.png",,lifestyle,,detail,,scale,,alternate,1,0632_,https://mb1advancedsolutions.github.io/mb1-catalog/index.html?design=0632,
0633,MB1-0633,Monogram Fleur O,family & name,"https://res.cloudinary.com/oxygre42/image/upload/f_auto,q_auto,c_pad,b_white,w_1200,h_1200/v1788349782/0633_Monogram_Fleur_O.png","https://res.cloudinary.com/oxygre42/image/upload/f_auto,q_auto,c_pad,b_white,w_500,h_500/v1788349782/0633_Monogram_Fleur_O.png",,lifestyle,,detail,,scale,,alternate,1,0633_,https://mb1advancedsolutions.github.io/mb1-catalog/index.html?design=0633,
0634,MB1-0634,Monogram Fleur P,family & name,"https://res.cloudinary.com/oxygre42/image/upload/f_auto,q_auto,c_pad,b_white,w_1200,h_1200/v1788349784/0634_Monogram_Fleur_P.png","https://res.cloudinary.com/oxygre42/image/upload/f_auto,q_auto,c_pad,b_white,w_500,h_500/v1788349784/0634_Monogram_Fleur_P.png",,lifestyle,,detail,,scale,,alternate,1,0634_,https://mb1advancedsolutions.github.io/mb1-catalog/index.html?design=0634,
0635,MB1-0635,Monogram Fleur Q,family & name,"https://res.cloudinary.com/oxygre42/image/upload/f_auto,q_auto,c_pad,b_white,w_1200,h_1200/v1788349786/0635_Monogram_Fleur_Q.png","https://res.cloudinary.com/oxygre42/image/upload/f_auto,q_auto,c_pad,b_white,w_500,h_500/v1788349786/0635_Monogram_Fleur_Q.png",,lifestyle,,detail,,scale,,alternate,1,0635_,https://mb1advancedsolutions.github.io/mb1-catalog/index.html?design=0635,
0636,MB1-0636,Monogram Fleur R,family & name,"https://res.cloudinary.com/oxygre42/image/upload/f_auto,q_auto,c_pad,b_white,w_1200,h_1200/v1788349788/0636_Monogram_Fleur_R.png","https://res.cloudinary.com/oxygre42/image/upload/f_auto,q_auto,c_pad,b_white,w_500,h_500/v1788349788/0636_Monogram_Fleur_R.png",,lifestyle,,detail,,scale,,alternate,1,0636_,https://mb1advancedsolutions.github.io/mb1-catalog/index.html?design=0636,
0637,MB1-0637,Monogram Fleur S,family & name,"https://res.cloudinary.com/oxygre42/image/upload/f_auto,q_auto,c_pad,b_white,w_1200,h_1200/v1788349789/0637_Monogram_Fleur_S.png","https://res.cloudinary.com/oxygre42/image/upload/f_auto,q_auto,c_pad,b_white,w_500,h_500/v1788349789/0637_Monogram_Fleur_S.png",,lifestyle,,detail,,scale,,alternate,1,0637_,https://mb1advancedsolutions.github.io/mb1-catalog/index.html?design=0637,
0638,MB1-0638,Monogram Fleur T,family & name,"https://res.cloudinary.com/oxygre42/image/upload/f_auto,q_auto,c_pad,b_white,w_1200,h_1200/v1788349791/0638_Monogram_Fleur_T.png","https://res.cloudinary.com/oxygre42/image/upload/f_auto,q_auto,c_pad,b_white,w_500,h_500/v1788349791/0638_Monogram_Fleur_T.png",,lifestyle,,detail,,scale,,alternate,1,0638_,https://mb1advancedsolutions.github.io/mb1-catalog/index.html?design=0638,
0639,MB1-0639,Monogram Fleur U,family & name,"https://res.cloudinary.com/oxygre42/image/upload/f_auto,q_auto,c_pad,b_white,w_1200,h_1200/v1788349793/0639_Monogram_Fleur_U.png","https://res.cloudinary.com/oxygre42/image/upload/f_auto,q_auto,c_pad,b_white,w_500,h_500/v1788349793/0639_Monogram_Fleur_U.png",,lifestyle,,detail,,scale,,alternate,1,0639_,https://mb1advancedsolutions.github.io/mb1-catalog/index.html?design=0639,
0640,MB1-0640,Monogram Fleur V,family & name,"https://res.cloudinary.com/oxygre42/image/upload/f_auto,q_auto,c_pad,b_white,w_1200,h_1200/v1788349795/0640_Monogram_Fleur_V.png","https://res.cloudinary.com/oxygre42/image/upload/f_auto,q_auto,c_pad,b_white,w_500,h_500/v1788349795/0640_Monogram_Fleur_V.png",,lifestyle,,detail,,scale,,alternate,1,0640_,https://mb1advancedsolutions.github.io/mb1-catalog/index.html?design=0640,
0641,MB1-0641,Monogram Fleur W,family & name,"https://res.cloudinary.com/oxygre42/image/upload/f_auto,q_auto,c_pad,b_white,w_1200,h_1200/v1788349797/0641_Monogram_Fleur_W.png","https://res.cloudinary.com/oxygre42/image/upload/f_auto,q_auto,c_pad,b_white,w_500,h_500/v1788349797/0641_Monogram_Fleur_W.png",,lifestyle,,detail,,scale,,alternate,1,0641_,https://mb1advancedsolutions.github.io/mb1-catalog/index.html?design=0641,
0642,MB1-0642,Monogram Fleur X,family & name,"https://res.cloudinary.com/oxygre42/image/upload/f_auto,q_auto,c_pad,b_white,w_1200,h_1200/v1788349799/0642_Monogram_Fleur_X.png","https://res.cloudinary.com/oxygre42/image/upload/f_auto,q_auto,c_pad,b_white,w_500,h_500/v1788349799/0642_Monogram_Fleur_X.png",,lifestyle,,detail,,scale,,alternate,1,0642_,https://mb1advancedsolutions.github.io/mb1-catalog/index.html?design=0642,
0643,MB1-0643,Monogram Fleur Y,family & name,"https://res.cloudinary.com/oxygre42/image/upload/f_auto,q_auto,c_pad,b_white,w_1200,h_1200/v1788349801/0643_Monogram_Fleur_Y.png","https://res.cloudinary.com/oxygre42/image/upload/f_auto,q_auto,c_pad,b_white,w_500,h_500/v1788349801/0643_Monogram_Fleur_Y.png",,lifestyle,,detail,,scale,,alternate,1,0643_,https://mb1advancedsolutions.github.io/mb1-catalog/index.html?design=0643,
0644,MB1-0644,Monogram Fleur Z,family & name,"https://res.cloudinary.com/oxygre42/image/upload/f_auto,q_auto,c_pad,b_white,w_1200,h_1200/v1788349803/0644_Monogram_Fleur_Z.png","https://res.cloudinary.com/oxygre42/image/upload/f_auto,q_auto,c_pad,b_white,w_500,h_500/v1788349803/0644_Monogram_Fleur_Z.png",,lifestyle,,detail,,scale,,alternate,1,0644_,https://mb1advancedsolutions.github.io/mb1-catalog/index.html?design=0644,
0645,MB1-0645,Script Vine Split Alphabet-A,family & name,"https://res.cloudinary.com/oxygre42/image/upload/f_auto,q_auto,c_pad,b_white,w_1200,h_1200/v1788349804/0645_Script_Vine_Split_Alphabet-A.png","https://res.cloudinary.com/oxygre42/image/upload/f_auto,q_auto,c_pad,b_white,w_500,h_500/v1788349804/0645_Script_Vine_Split_Alphabet-A.png",,lifestyle,,detail,,scale,,alternate,1,0645_,https://mb1advancedsolutions.github.io/mb1-catalog/index.html?design=0645,
0646,MB1-0646,Script Vine Split Alphabet-B,family & name,"https://res.cloudinary.com/oxygre42/image/upload/f_auto,q_auto,c_pad,b_white,w_1200,h_1200/v1788349806/0646_Script_Vine_Split_Alphabet-B.png","https://res.cloudinary.com/oxygre42/image/upload/f_auto,q_auto,c_pad,b_white,w_500,h_500/v1788349806/0646_Script_Vine_Split_Alphabet-B.png",,lifestyle,,detail,,scale,,alternate,1,0646_,https://mb1advancedsolutions.github.io/mb1-catalog/index.html?design=0646,
0647,MB1-0647,Script Vine Split Alphabet-C,family & name,"https://res.cloudinary.com/oxygre42/image/upload/f_auto,q_auto,c_pad,b_white,w_1200,h_1200/v1788349808/0647_Script_Vine_Split_Alphabet-C.png","https://res.cloudinary.com/oxygre42/image/upload/f_auto,q_auto,c_pad,b_white,w_500,h_500/v1788349808/0647_Script_Vine_Split_Alphabet-C.png",,lifestyle,,detail,,scale,,alternate,1,0647_,https://mb1advancedsolutions.github.io/mb1-catalog/index.html?design=0647,
0648,MB1-0648,Script Vine Split Alphabet-D,family & name,"https://res.cloudinary.com/oxygre42/image/upload/f_auto,q_auto,c_pad,b_white,w_1200,h_1200/v1788349810/0648_Script_Vine_Split_Alphabet-D.png","https://res.cloudinary.com/oxygre42/image/upload/f_auto,q_auto,c_pad,b_white,w_500,h_500/v1788349810/0648_Script_Vine_Split_Alphabet-D.png",,lifestyle,,detail,,scale,,alternate,1,0648_,https://mb1advancedsolutions.github.io/mb1-catalog/index.html?design=0648,
0649,MB1-0649,Script Vine Split Alphabet-E,family & name,"https://res.cloudinary.com/oxygre42/image/upload/f_auto,q_auto,c_pad,b_white,w_1200,h_1200/v1788349812/0649_Script_Vine_Split_Alphabet-E.png","https://res.cloudinary.com/oxygre42/image/upload/f_auto,q_auto,c_pad,b_white,w_500,h_500/v1788349812/0649_Script_Vine_Split_Alphabet-E.png",,lifestyle,,detail,,scale,,alternate,1,0649_,https://mb1advancedsolutions.github.io/mb1-catalog/index.html?design=0649,
0650,MB1-0650,Script Vine Split Alphabet-F,family & name,"https://res.cloudinary.com/oxygre42/image/upload/f_auto,q_auto,c_pad,b_white,w_1200,h_1200/v1788349814/0650_Script_Vine_Split_Alphabet-F.png","https://res.cloudinary.com/oxygre42/image/upload/f_auto,q_auto,c_pad,b_white,w_500,h_500/v1788349814/0650_Script_Vine_Split_Alphabet-F.png",,lifestyle,,detail,,scale,,alternate,1,0650_,https://mb1advancedsolutions.github.io/mb1-catalog/index.html?design=0650,
0651,MB1-0651,Script Vine Split Alphabet-G,family & name,"https://res.cloudinary.com/oxygre42/image/upload/f_auto,q_auto,c_pad,b_white,w_1200,h_1200/v1788349816/0651_Script_Vine_Split_Alphabet-G.png","https://res.cloudinary.com/oxygre42/image/upload/f_auto,q_auto,c_pad,b_white,w_500,h_500/v1788349816/0651_Script_Vine_Split_Alphabet-G.png",,lifestyle,,detail,,scale,,alternate,1,0651_,https://mb1advancedsolutions.github.io/mb1-catalog/index.html?design=0651,
0652,MB1-0652,Script Vine Split Alphabet-H,family & name,"https://res.cloudinary.com/oxygre42/image/upload/f_auto,q_auto,c_pad,b_white,w_1200,h_1200/v1788349817/0652_Script_Vine_Split_Alphabet-H.png","https://res.cloudinary.com/oxygre42/image/upload/f_auto,q_auto,c_pad,b_white,w_500,h_500/v1788349817/0652_Script_Vine_Split_Alphabet-H.png",,lifestyle,,detail,,scale,,alternate,1,0652_,https://mb1advancedsolutions.github.io/mb1-catalog/index.html?design=0652,
0653,MB1-0653,Script Vine Split Alphabet-I,family & name,"https://res.cloudinary.com/oxygre42/image/upload/f_auto,q_auto,c_pad,b_white,w_1200,h_1200/v1788349819/0653_Script_Vine_Split_Alphabet-I.png","https://res.cloudinary.com/oxygre42/image/upload/f_auto,q_auto,c_pad,b_white,w_500,h_500/v1788349819/0653_Script_Vine_Split_Alphabet-I.png",,lifestyle,,detail,,scale,,alternate,1,0653_,https://mb1advancedsolutions.github.io/mb1-catalog/index.html?design=0653,
0654,MB1-0654,Script Vine Split Alphabet-J,family & name,"https://res.cloudinary.com/oxygre42/image/upload/f_auto,q_auto,c_pad,b_white,w_1200,h_1200/v1788349821/0654_Script_Vine_Split_Alphabet-J.png","https://res.cloudinary.com/oxygre42/image/upload/f_auto,q_auto,c_pad,b_white,w_500,h_500/v1788349821/0654_Script_Vine_Split_Alphabet-J.png",,lifestyle,,detail,,scale,,alternate,1,0654_,https://mb1advancedsolutions.github.io/mb1-catalog/index.html?design=0654,
0655,MB1-0655,Script Vine Split Alphabet-K,family & name,"https://res.cloudinary.com/oxygre42/image/upload/f_auto,q_auto,c_pad,b_white,w_1200,h_1200/v1788349823/0655_Script_Vine_Split_Alphabet-K.png","https://res.cloudinary.com/oxygre42/image/upload/f_auto,q_auto,c_pad,b_white,w_500,h_500/v1788349823/0655_Script_Vine_Split_Alphabet-K.png",,lifestyle,,detail,,scale,,alternate,1,0655_,https://mb1advancedsolutions.github.io/mb1-catalog/index.html?design=0655,
0656,MB1-0656,Script Vine Split Alphabet-L,family & name,"https://res.cloudinary.com/oxygre42/image/upload/f_auto,q_auto,c_pad,b_white,w_1200,h_1200/v1788349825/0656_Script_Vine_Split_Alphabet-L.png","https://res.cloudinary.com/oxygre42/image/upload/f_auto,q_auto,c_pad,b_white,w_500,h_500/v1788349825/0656_Script_Vine_Split_Alphabet-L.png",,lifestyle,,detail,,scale,,alternate,1,0656_,https://mb1advancedsolutions.github.io/mb1-catalog/index.html?design=0656,
0657,MB1-0657,Script Vine Split Alphabet-M,family & name,"https://res.cloudinary.com/oxygre42/image/upload/f_auto,q_auto,c_pad,b_white,w_1200,h_1200/v1788349827/0657_Script_Vine_Split_Alphabet-M.png","https://res.cloudinary.com/oxygre42/image/upload/f_auto,q_auto,c_pad,b_white,w_500,h_500/v1788349827/0657_Script_Vine_Split_Alphabet-M.png",,lifestyle,,detail,,scale,,alternate,1,0657_,https://mb1advancedsolutions.github.io/mb1-catalog/index.html?design=0657,
0658,MB1-0658,Script Vine Split Alphabet-N,family & name,"https://res.cloudinary.com/oxygre42/image/upload/f_auto,q_auto,c_pad,b_white,w_1200,h_1200/v1788349829/0658_Script_Vine_Split_Alphabet-N.png","https://res.cloudinary.com/oxygre42/image/upload/f_auto,q_auto,c_pad,b_white,w_500,h_500/v1788349829/0658_Script_Vine_Split_Alphabet-N.png",,lifestyle,,detail,,scale,,alternate,1,0658_,https://mb1advancedsolutions.github.io/mb1-catalog/index.html?design=0658,
0659,MB1-0659,Script Vine Split Alphabet-O,family & name,"https://res.cloudinary.com/oxygre42/image/upload/f_auto,q_auto,c_pad,b_white,w_1200,h_1200/v1788349831/0659_Script_Vine_Split_Alphabet-O.png","https://res.cloudinary.com/oxygre42/image/upload/f_auto,q_auto,c_pad,b_white,w_500,h_500/v1788349831/0659_Script_Vine_Split_Alphabet-O.png",,lifestyle,,detail,,scale,,alternate,1,0659_,https://mb1advancedsolutions.github.io/mb1-catalog/index.html?design=0659,
0660,MB1-0660,Script Vine Split Alphabet-P,family & name,"https://res.cloudinary.com/oxygre42/image/upload/f_auto,q_auto,c_pad,b_white,w_1200,h_1200/v1788349832/0660_Script_Vine_Split_Alphabet-P.png","https://res.cloudinary.com/oxygre42/image/upload/f_auto,q_auto,c_pad,b_white,w_500,h_500/v1788349832/0660_Script_Vine_Split_Alphabet-P.png",,lifestyle,,detail,,scale,,alternate,1,0660_,https://mb1advancedsolutions.github.io/mb1-catalog/index.html?design=0660,
0661,MB1-0661,Script Vine Split Alphabet-Q,family & name,"https://res.cloudinary.com/oxygre42/image/upload/f_auto,q_auto,c_pad,b_white,w_1200,h_1200/v1788349834/0661_Script_Vine_Split_Alphabet-Q.png","https://res.cloudinary.com/oxygre42/image/upload/f_auto,q_auto,c_pad,b_white,w_500,h_500/v1788349834/0661_Script_Vine_Split_Alphabet-Q.png",,lifestyle,,detail,,scale,,alternate,1,0661_,https://mb1advancedsolutions.github.io/mb1-catalog/index.html?design=0661,
0662,MB1-0662,Script Vine Split Alphabet-R,family & name,"https://res.cloudinary.com/oxygre42/image/upload/f_auto,q_auto,c_pad,b_white,w_1200,h_1200/v1788349836/0662_Script_Vine_Split_Alphabet-R.png","https://res.cloudinary.com/oxygre42/image/upload/f_auto,q_auto,c_pad,b_white,w_500,h_500/v1788349836/0662_Script_Vine_Split_Alphabet-R.png",,lifestyle,,detail,,scale,,alternate,1,0662_,https://mb1advancedsolutions.github.io/mb1-catalog/index.html?design=0662,
0663,MB1-0663,Script Vine Split Alphabet-S,family & name,"https://res.cloudinary.com/oxygre42/image/upload/f_auto,q_auto,c_pad,b_white,w_1200,h_1200/v1788349838/0663_Script_Vine_Split_Alphabet-S.png","https://res.cloudinary.com/oxygre42/image/upload/f_auto,q_auto,c_pad,b_white,w_500,h_500/v1788349838/0663_Script_Vine_Split_Alphabet-S.png",,lifestyle,,detail,,scale,,alternate,1,0663_,https://mb1advancedsolutions.github.io/mb1-catalog/index.html?design=0663,
0664,MB1-0664,Script Vine Split Alphabet-T,family & name,"https://res.cloudinary.com/oxygre42/image/upload/f_auto,q_auto,c_pad,b_white,w_1200,h_1200/v1788349840/0664_Script_Vine_Split_Alphabet-T.png","https://res.cloudinary.com/oxygre42/image/upload/f_auto,q_auto,c_pad,b_white,w_500,h_500/v1788349840/0664_Script_Vine_Split_Alphabet-T.png",,lifestyle,,detail,,scale,,alternate,1,0664_,https://mb1advancedsolutions.github.io/mb1-catalog/index.html?design=0664,
0665,MB1-0665,Script Vine Split Alphabet-U,family & name,"https://res.cloudinary.com/oxygre42/image/upload/f_auto,q_auto,c_pad,b_white,w_1200,h_1200/v1788349842/0665_Script_Vine_Split_Alphabet-U.png","https://res.cloudinary.com/oxygre42/image/upload/f_auto,q_auto,c_pad,b_white,w_500,h_500/v1788349842/0665_Script_Vine_Split_Alphabet-U.png",,lifestyle,,detail,,scale,,alternate,1,0665_,https://mb1advancedsolutions.github.io/mb1-catalog/index.html?design=0665,
0666,MB1-0666,Script Vine Split Alphabet-V,family & name,"https://res.cloudinary.com/oxygre42/image/upload/f_auto,q_auto,c_pad,b_white,w_1200,h_1200/v1788349844/0666_Script_Vine_Split_Alphabet-V.png","https://res.cloudinary.com/oxygre42/image/upload/f_auto,q_auto,c_pad,b_white,w_500,h_500/v1788349844/0666_Script_Vine_Split_Alphabet-V.png",,lifestyle,,detail,,scale,,alternate,1,0666_,https://mb1advancedsolutions.github.io/mb1-catalog/index.html?design=0666,
0667,MB1-0667,Script Vine Split Alphabet-W,family & name,"https://res.cloudinary.com/oxygre42/image/upload/f_auto,q_auto,c_pad,b_white,w_1200,h_1200/v1788349846/0667_Script_Vine_Split_Alphabet-W.png","https://res.cloudinary.com/oxygre42/image/upload/f_auto,q_auto,c_pad,b_white,w_500,h_500/v1788349846/0667_Script_Vine_Split_Alphabet-W.png",,lifestyle,,detail,,scale,,alternate,1,0667_,https://mb1advancedsolutions.github.io/mb1-catalog/index.html?design=0667,
0668,MB1-0668,Script Vine Split Alphabet-X,family & name,"https://res.cloudinary.com/oxygre42/image/upload/f_auto,q_auto,c_pad,b_white,w_1200,h_1200/v1788349847/0668_Script_Vine_Split_Alphabet-X.png","https://res.cloudinary.com/oxygre42/image/upload/f_auto,q_auto,c_pad,b_white,w_500,h_500/v1788349847/0668_Script_Vine_Split_Alphabet-X.png",,lifestyle,,detail,,scale,,alternate,1,0668_,https://mb1advancedsolutions.github.io/mb1-catalog/index.html?design=0668,
0669,MB1-0669,Script Vine Split Alphabet-Y,family & name,"https://res.cloudinary.com/oxygre42/image/upload/f_auto,q_auto,c_pad,b_white,w_1200,h_1200/v1788349849/0669_Script_Vine_Split_Alphabet-Y.png","https://res.cloudinary.com/oxygre42/image/upload/f_auto,q_auto,c_pad,b_white,w_500,h_500/v1788349849/0669_Script_Vine_Split_Alphabet-Y.png",,lifestyle,,detail,,scale,,alternate,1,0669_,https://mb1advancedsolutions.github.io/mb1-catalog/index.html?design=0669,
0670,MB1-0670,Script Vine Split Alphabet-Z,family & name,"https://res.cloudinary.com/oxygre42/image/upload/f_auto,q_auto,c_pad,b_white,w_1200,h_1200/v1788349851/0670_Script_Vine_Split_Alphabet-Z.png","https://res.cloudinary.com/oxygre42/image/upload/f_auto,q_auto,c_pad,b_white,w_500,h_500/v1788349851/0670_Script_Vine_Split_Alphabet-Z.png",,lifestyle,,detail,,scale,,alternate,1,0670_,https://mb1advancedsolutions.github.io/mb1-catalog/index.html?design=0670,
0671,MB1-0671,Monogram A,family & name,"https://res.cloudinary.com/oxygre42/image/upload/f_auto,q_auto,c_pad,b_white,w_1200,h_1200/v1788349853/0671_Monogram_A.png","https://res.cloudinary.com/oxygre42/image/upload/f_auto,q_auto,c_pad,b_white,w_500,h_500/v1788349853/0671_Monogram_A.png",,lifestyle,,detail,,scale,,alternate,1,0671_,https://mb1advancedsolutions.github.io/mb1-catalog/index.html?design=0671,
0672,MB1-0672,Monogram B,family & name,"https://res.cloudinary.com/oxygre42/image/upload/f_auto,q_auto,c_pad,b_white,w_1200,h_1200/v1788349855/0672_Monogram_B.png","https://res.cloudinary.com/oxygre42/image/upload/f_auto,q_auto,c_pad,b_white,w_500,h_500/v1788349855/0672_Monogram_B.png",,lifestyle,,detail,,scale,,alternate,1,0672_,https://mb1advancedsolutions.github.io/mb1-catalog/index.html?design=0672,
0673,MB1-0673,Monogram C,family & name,"https://res.cloudinary.com/oxygre42/image/upload/f_auto,q_auto,c_pad,b_white,w_1200,h_1200/v1788349857/0673_Monogram_C.png","https://res.cloudinary.com/oxygre42/image/upload/f_auto,q_auto,c_pad,b_white,w_500,h_500/v1788349857/0673_Monogram_C.png",,lifestyle,,detail,,scale,,alternate,1,0673_,https://mb1advancedsolutions.github.io/mb1-catalog/index.html?design=0673,
0674,MB1-0674,Monogram D,family & name,"https://res.cloudinary.com/oxygre42/image/upload/f_auto,q_auto,c_pad,b_white,w_1200,h_1200/v1788349859/0674_Monogram_D.png","https://res.cloudinary.com/oxygre42/image/upload/f_auto,q_auto,c_pad,b_white,w_500,h_500/v1788349859/0674_Monogram_D.png",,lifestyle,,detail,,scale,,alternate,1,0674_,https://mb1advancedsolutions.github.io/mb1-catalog/index.html?design=0674,
0675,MB1-0675,Monogram E,family & name,"https://res.cloudinary.com/oxygre42/image/upload/f_auto,q_auto,c_pad,b_white,w_1200,h_1200/v1788349861/0675_Monogram_E.png","https://res.cloudinary.com/oxygre42/image/upload/f_auto,q_auto,c_pad,b_white,w_500,h_500/v1788349861/0675_Monogram_E.png",,lifestyle,,detail,,scale,,alternate,1,0675_,https://mb1advancedsolutions.github.io/mb1-catalog/index.html?design=0675,
0676,MB1-0676,Monogram F,family & name,"https://res.cloudinary.com/oxygre42/image/upload/f_auto,q_auto,c_pad,b_white,w_1200,h_1200/v1788349863/0676_Monogram_F.png","https://res.cloudinary.com/oxygre42/image/upload/f_auto,q_auto,c_pad,b_white,w_500,h_500/v1788349863/0676_Monogram_F.png",,lifestyle,,detail,,scale,,alternate,1,0676_,https://mb1advancedsolutions.github.io/mb1-catalog/index.html?design=0676,
0677,MB1-0677,Monogram G,family & name,"https://res.cloudinary.com/oxygre42/image/upload/f_auto,q_auto,c_pad,b_white,w_1200,h_1200/v1788349864/0677_Monogram_G.png","https://res.cloudinary.com/oxygre42/image/upload/f_auto,q_auto,c_pad,b_white,w_500,h_500/v1788349864/0677_Monogram_G.png",,lifestyle,,detail,,scale,,alternate,1,0677_,https://mb1advancedsolutions.github.io/mb1-catalog/index.html?design=0677,
0678,MB1-0678,Monogram H,family & name,"https://res.cloudinary.com/oxygre42/image/upload/f_auto,q_auto,c_pad,b_white,w_1200,h_1200/v1788349866/0678_Monogram_H.png","https://res.cloudinary.com/oxygre42/image/upload/f_auto,q_auto,c_pad,b_white,w_500,h_500/v1788349866/0678_Monogram_H.png",,lifestyle,,detail,,scale,,alternate,1,0678_,https://mb1advancedsolutions.github.io/mb1-catalog/index.html?design=0678,
0679,MB1-0679,Monogram I,family & name,"https://res.cloudinary.com/oxygre42/image/upload/f_auto,q_auto,c_pad,b_white,w_1200,h_1200/v1788349868/0679_Monogram_I.png","https://res.cloudinary.com/oxygre42/image/upload/f_auto,q_auto,c_pad,b_white,w_500,h_500/v1788349868/0679_Monogram_I.png",,lifestyle,,detail,,scale,,alternate,1,0679_,https://mb1advancedsolutions.github.io/mb1-catalog/index.html?design=0679,
0680,MB1-0680,Monogram J,family & name,"https://res.cloudinary.com/oxygre42/image/upload/f_auto,q_auto,c_pad,b_white,w_1200,h_1200/v1788349870/0680_Monogram_J.png","https://res.cloudinary.com/oxygre42/image/upload/f_auto,q_auto,c_pad,b_white,w_500,h_500/v1788349870/0680_Monogram_J.png",,lifestyle,,detail,,scale,,alternate,1,0680_,https://mb1advancedsolutions.github.io/mb1-catalog/index.html?design=0680,
0681,MB1-0681,Monogram K,family & name,"https://res.cloudinary.com/oxygre42/image/upload/f_auto,q_auto,c_pad,b_white,w_1200,h_1200/v1788349872/0681_Monogram_K.png","https://res.cloudinary.com/oxygre42/image/upload/f_auto,q_auto,c_pad,b_white,w_500,h_500/v1788349872/0681_Monogram_K.png",,lifestyle,,detail,,scale,,alternate,1,0681_,https://mb1advancedsolutions.github.io/mb1-catalog/index.html?design=0681,
0682,MB1-0682,Monogram L,family & name,"https://res.cloudinary.com/oxygre42/image/upload/f_auto,q_auto,c_pad,b_white,w_1200,h_1200/v1788349874/0682_Monogram_L.png","https://res.cloudinary.com/oxygre42/image/upload/f_auto,q_auto,c_pad,b_white,w_500,h_500/v1788349874/0682_Monogram_L.png",,lifestyle,,detail,,scale,,alternate,1,0682_,https://mb1advancedsolutions.github.io/mb1-catalog/index.html?design=0682,
0683,MB1-0683,Monogram M,family & name,"https://res.cloudinary.com/oxygre42/image/upload/f_auto,q_auto,c_pad,b_white,w_1200,h_1200/v1788349876/0683_Monogram_M.png","https://res.cloudinary.com/oxygre42/image/upload/f_auto,q_auto,c_pad,b_white,w_500,h_500/v1788349876/0683_Monogram_M.png",,lifestyle,,detail,,scale,,alternate,1,0683_,https://mb1advancedsolutions.github.io/mb1-catalog/index.html?design=0683,
0684,MB1-0684,Monogram N,family & name,"https://res.cloudinary.com/oxygre42/image/upload/f_auto,q_auto,c_pad,b_white,w_1200,h_1200/v1788349877/0684_Monogram_N.png","https://res.cloudinary.com/oxygre42/image/upload/f_auto,q_auto,c_pad,b_white,w_500,h_500/v1788349877/0684_Monogram_N.png",,lifestyle,,detail,,scale,,alternate,1,0684_,https://mb1advancedsolutions.github.io/mb1-catalog/index.html?design=0684,
0685,MB1-0685,Monogram O,family & name,"https://res.cloudinary.com/oxygre42/image/upload/f_auto,q_auto,c_pad,b_white,w_1200,h_1200/v1788349879/0685_Monogram_O.png","https://res.cloudinary.com/oxygre42/image/upload/f_auto,q_auto,c_pad,b_white,w_500,h_500/v1788349879/0685_Monogram_O.png",,lifestyle,,detail,,scale,,alternate,1,0685_,https://mb1advancedsolutions.github.io/mb1-catalog/index.html?design=0685,
0686,MB1-0686,Monogram P,family & name,"https://res.cloudinary.com/oxygre42/image/upload/f_auto,q_auto,c_pad,b_white,w_1200,h_1200/v1788349881/0686_Monogram_P.png","https://res.cloudinary.com/oxygre42/image/upload/f_auto,q_auto,c_pad,b_white,w_500,h_500/v1788349881/0686_Monogram_P.png",,lifestyle,,detail,,scale,,alternate,1,0686_,https://mb1advancedsolutions.github.io/mb1-catalog/index.html?design=0686,
0687,MB1-0687,Monogram Q,family & name,"https://res.cloudinary.com/oxygre42/image/upload/f_auto,q_auto,c_pad,b_white,w_1200,h_1200/v1788349883/0687_Monogram_Q.png","https://res.cloudinary.com/oxygre42/image/upload/f_auto,q_auto,c_pad,b_white,w_500,h_500/v1788349883/0687_Monogram_Q.png",,lifestyle,,detail,,scale,,alternate,1,0687_,https://mb1advancedsolutions.github.io/mb1-catalog/index.html?design=0687,
0688,MB1-0688,Monogram R,family & name,"https://res.cloudinary.com/oxygre42/image/upload/f_auto,q_auto,c_pad,b_white,w_1200,h_1200/v1788349885/0688_Monogram_R.png","https://res.cloudinary.com/oxygre42/image/upload/f_auto,q_auto,c_pad,b_white,w_500,h_500/v1788349885/0688_Monogram_R.png",,lifestyle,,detail,,scale,,alternate,1,0688_,https://mb1advancedsolutions.github.io/mb1-catalog/index.html?design=0688,
0689,MB1-0689,Monogram S,family & name,"https://res.cloudinary.com/oxygre42/image/upload/f_auto,q_auto,c_pad,b_white,w_1200,h_1200/v1788349887/0689_Monogram_S.png","https://res.cloudinary.com/oxygre42/image/upload/f_auto,q_auto,c_pad,b_white,w_500,h_500/v1788349887/0689_Monogram_S.png",,lifestyle,,detail,,scale,,alternate,1,0689_,https://mb1advancedsolutions.github.io/mb1-catalog/index.html?design=0689,
0690,MB1-0690,Monogram T,family & name,"https://res.cloudinary.com/oxygre42/image/upload/f_auto,q_auto,c_pad,b_white,w_1200,h_1200/v1788349889/0690_Monogram_T.png","https://res.cloudinary.com/oxygre42/image/upload/f_auto,q_auto,c_pad,b_white,w_500,h_500/v1788349889/0690_Monogram_T.png",,lifestyle,,detail,,scale,,alternate,1,0690_,https://mb1advancedsolutions.github.io/mb1-catalog/index.html?design=0690,
0691,MB1-0691,Monogram U,family & name,"https://res.cloudinary.com/oxygre42/image/upload/f_auto,q_auto,c_pad,b_white,w_1200,h_1200/v1788349891/0691_Monogram_U.png","https://res.cloudinary.com/oxygre42/image/upload/f_auto,q_auto,c_pad,b_white,w_500,h_500/v1788349891/0691_Monogram_U.png",,lifestyle,,detail,,scale,,alternate,1,0691_,https://mb1advancedsolutions.github.io/mb1-catalog/index.html?design=0691,
0692,MB1-0692,Monogram V,family & name,"https://res.cloudinary.com/oxygre42/image/upload/f_auto,q_auto,c_pad,b_white,w_1200,h_1200/v1788349892/0692_Monogram_V.png","https://res.cloudinary.com/oxygre42/image/upload/f_auto,q_auto,c_pad,b_white,w_500,h_500/v1788349892/0692_Monogram_V.png",,lifestyle,,detail,,scale,,alternate,1,0692_,https://mb1advancedsolutions.github.io/mb1-catalog/index.html?design=0692,
0693,MB1-0693,Monogram W,family & name,"https://res.cloudinary.com/oxygre42/image/upload/f_auto,q_auto,c_pad,b_white,w_1200,h_1200/v1788349894/0693_Monogram_W.png","https://res.cloudinary.com/oxygre42/image/upload/f_auto,q_auto,c_pad,b_white,w_500,h_500/v1788349894/0693_Monogram_W.png",,lifestyle,,detail,,scale,,alternate,1,0693_,https://mb1advancedsolutions.github.io/mb1-catalog/index.html?design=0693,
0694,MB1-0694,Monogram X,family & name,"https://res.cloudinary.com/oxygre42/image/upload/f_auto,q_auto,c_pad,b_white,w_1200,h_1200/v1788349896/0694_Monogram_X.png","https://res.cloudinary.com/oxygre42/image/upload/f_auto,q_auto,c_pad,b_white,w_500,h_500/v1788349896/0694_Monogram_X.png",,lifestyle,,detail,,scale,,alternate,1,0694_,https://mb1advancedsolutions.github.io/mb1-catalog/index.html?design=0694,
0695,MB1-0695,Monogram Y,family & name,"https://res.cloudinary.com/oxygre42/image/upload/f_auto,q_auto,c_pad,b_white,w_1200,h_1200/v1788349898/0695_Monogram_Y.png","https://res.cloudinary.com/oxygre42/image/upload/f_auto,q_auto,c_pad,b_white,w_500,h_500/v1788349898/0695_Monogram_Y.png",,lifestyle,,detail,,scale,,alternate,1,0695_,https://mb1advancedsolutions.github.io/mb1-catalog/index.html?design=0695,
0696,MB1-0696,Monogram Z,family & name,"https://res.cloudinary.com/oxygre42/image/upload/f_auto,q_auto,c_pad,b_white,w_1200,h_1200/v1788349900/0696_Monogram_Z.png","https://res.cloudinary.com/oxygre42/image/upload/f_auto,q_auto,c_pad,b_white,w_500,h_500/v1788349900/0696_Monogram_Z.png",,lifestyle,,detail,,scale,,alternate,1,0696_,https://mb1advancedsolutions.github.io/mb1-catalog/index.html?design=0696,
0697,MB1-0697,Split scroll A,family & name,"https://res.cloudinary.com/oxygre42/image/upload/f_auto,q_auto,c_pad,b_white,w_1200,h_1200/v1788349902/0697_Split_scroll_A.png","https://res.cloudinary.com/oxygre42/image/upload/f_auto,q_auto,c_pad,b_white,w_500,h_500/v1788349902/0697_Split_scroll_A.png",,lifestyle,,detail,,scale,,alternate,1,0697_,https://mb1advancedsolutions.github.io/mb1-catalog/index.html?design=0697,
0698,MB1-0698,Split scroll B,family & name,"https://res.cloudinary.com/oxygre42/image/upload/f_auto,q_auto,c_pad,b_white,w_1200,h_1200/v1788349904/0698_Split_scroll_B.png","https://res.cloudinary.com/oxygre42/image/upload/f_auto,q_auto,c_pad,b_white,w_500,h_500/v1788349904/0698_Split_scroll_B.png",,lifestyle,,detail,,scale,,alternate,1,0698_,https://mb1advancedsolutions.github.io/mb1-catalog/index.html?design=0698,
0699,MB1-0699,Split scroll C,family & name,"https://res.cloudinary.com/oxygre42/image/upload/f_auto,q_auto,c_pad,b_white,w_1200,h_1200/v1788349906/0699_Split_scroll_C.png","https://res.cloudinary.com/oxygre42/image/upload/f_auto,q_auto,c_pad,b_white,w_500,h_500/v1788349906/0699_Split_scroll_C.png",,lifestyle,,detail,,scale,,alternate,1,0699_,https://mb1advancedsolutions.github.io/mb1-catalog/index.html?design=0699,
0700,MB1-0700,Split scroll D,family & name,"https://res.cloudinary.com/oxygre42/image/upload/f_auto,q_auto,c_pad,b_white,w_1200,h_1200/v1788349907/0700_Split_scroll_D.png","https://res.cloudinary.com/oxygre42/image/upload/f_auto,q_auto,c_pad,b_white,w_500,h_500/v1788349907/0700_Split_scroll_D.png",,lifestyle,,detail,,scale,,alternate,1,0700_,https://mb1advancedsolutions.github.io/mb1-catalog/index.html?design=0700,
0701,MB1-0701,Split scroll E,family & name,"https://res.cloudinary.com/oxygre42/image/upload/f_auto,q_auto,c_pad,b_white,w_1200,h_1200/v1788349909/0701_Split_scroll_E.png","https://res.cloudinary.com/oxygre42/image/upload/f_auto,q_auto,c_pad,b_white,w_500,h_500/v1788349909/0701_Split_scroll_E.png",,lifestyle,,detail,,scale,,alternate,1,0701_,https://mb1advancedsolutions.github.io/mb1-catalog/index.html?design=0701,
0702,MB1-0702,Split scroll F,family & name,"https://res.cloudinary.com/oxygre42/image/upload/f_auto,q_auto,c_pad,b_white,w_1200,h_1200/v1788349911/0702_Split_scroll_F.png","https://res.cloudinary.com/oxygre42/image/upload/f_auto,q_auto,c_pad,b_white,w_500,h_500/v1788349911/0702_Split_scroll_F.png",,lifestyle,,detail,,scale,,alternate,1,0702_,https://mb1advancedsolutions.github.io/mb1-catalog/index.html?design=0702,
0703,MB1-0703,Split scroll G,family & name,"https://res.cloudinary.com/oxygre42/image/upload/f_auto,q_auto,c_pad,b_white,w_1200,h_1200/v1788349913/0703_Split_scroll_G.png","https://res.cloudinary.com/oxygre42/image/upload/f_auto,q_auto,c_pad,b_white,w_500,h_500/v1788349913/0703_Split_scroll_G.png",,lifestyle,,detail,,scale,,alternate,1,0703_,https://mb1advancedsolutions.github.io/mb1-catalog/index.html?design=0703,
0704,MB1-0704,Split scroll H,family & name,"https://res.cloudinary.com/oxygre42/image/upload/f_auto,q_auto,c_pad,b_white,w_1200,h_1200/v1788349915/0704_Split_scroll_H.png","https://res.cloudinary.com/oxygre42/image/upload/f_auto,q_auto,c_pad,b_white,w_500,h_500/v1788349915/0704_Split_scroll_H.png",,lifestyle,,detail,,scale,,alternate,1,0704_,https://mb1advancedsolutions.github.io/mb1-catalog/index.html?design=0704,
0705,MB1-0705,Split scroll I,family & name,"https://res.cloudinary.com/oxygre42/image/upload/f_auto,q_auto,c_pad,b_white,w_1200,h_1200/v1788349917/0705_Split_scroll_I.png","https://res.cloudinary.com/oxygre42/image/upload/f_auto,q_auto,c_pad,b_white,w_500,h_500/v1788349917/0705_Split_scroll_I.png",,lifestyle,,detail,,scale,,alternate,1,0705_,https://mb1advancedsolutions.github.io/mb1-catalog/index.html?design=0705,
0706,MB1-0706,Split scroll J,family & name,"https://res.cloudinary.com/oxygre42/image/upload/f_auto,q_auto,c_pad,b_white,w_1200,h_1200/v1788349919/0706_Split_scroll_J.png","https://res.cloudinary.com/oxygre42/image/upload/f_auto,q_auto,c_pad,b_white,w_500,h_500/v1788349919/0706_Split_scroll_J.png",,lifestyle,,detail,,scale,,alternate,1,0706_,https://mb1advancedsolutions.github.io/mb1-catalog/index.html?design=0706,
0707,MB1-0707,Split scroll K,family & name,"https://res.cloudinary.com/oxygre42/image/upload/f_auto,q_auto,c_pad,b_white,w_1200,h_1200/v1788349921/0707_Split_scroll_K.png","https://res.cloudinary.com/oxygre42/image/upload/f_auto,q_auto,c_pad,b_white,w_500,h_500/v1788349921/0707_Split_scroll_K.png",,lifestyle,,detail,,scale,,alternate,1,0707_,https://mb1advancedsolutions.github.io/mb1-catalog/index.html?design=0707,
0708,MB1-0708,Split scroll L,family & name,"https://res.cloudinary.com/oxygre42/image/upload/f_auto,q_auto,c_pad,b_white,w_1200,h_1200/v1788349922/0708_Split_scroll_L.png","https://res.cloudinary.com/oxygre42/image/upload/f_auto,q_auto,c_pad,b_white,w_500,h_500/v1788349922/0708_Split_scroll_L.png",,lifestyle,,detail,,scale,,alternate,1,0708_,https://mb1advancedsolutions.github.io/mb1-catalog/index.html?design=0708,
0709,MB1-0709,Split scroll M,family & name,"https://res.cloudinary.com/oxygre42/image/upload/f_auto,q_auto,c_pad,b_white,w_1200,h_1200/v1788349924/0709_Split_scroll_M.png","https://res.cloudinary.com/oxygre42/image/upload/f_auto,q_auto,c_pad,b_white,w_500,h_500/v1788349924/0709_Split_scroll_M.png",,lifestyle,,detail,,scale,,alternate,1,0709_,https://mb1advancedsolutions.github.io/mb1-catalog/index.html?design=0709,
0710,MB1-0710,Split scroll N,family & name,"https://res.cloudinary.com/oxygre42/image/upload/f_auto,q_auto,c_pad,b_white,w_1200,h_1200/v1788349926/0710_Split_scroll_N.png","https://res.cloudinary.com/oxygre42/image/upload/f_auto,q_auto,c_pad,b_white,w_500,h_500/v1788349926/0710_Split_scroll_N.png",,lifestyle,,detail,,scale,,alternate,1,0710_,https://mb1advancedsolutions.github.io/mb1-catalog/index.html?design=0710,
0711,MB1-0711,Split scroll O,family & name,"https://res.cloudinary.com/oxygre42/image/upload/f_auto,q_auto,c_pad,b_white,w_1200,h_1200/v1788349928/0711_Split_scroll_O.png","https://res.cloudinary.com/oxygre42/image/upload/f_auto,q_auto,c_pad,b_white,w_500,h_500/v1788349928/0711_Split_scroll_O.png",,lifestyle,,detail,,scale,,alternate,1,0711_,https://mb1advancedsolutions.github.io/mb1-catalog/index.html?design=0711,
0712,MB1-0712,Split scroll P,family & name,"https://res.cloudinary.com/oxygre42/image/upload/f_auto,q_auto,c_pad,b_white,w_1200,h_1200/v1788349930/0712_Split_scroll_P.png","https://res.cloudinary.com/oxygre42/image/upload/f_auto,q_auto,c_pad,b_white,w_500,h_500/v1788349930/0712_Split_scroll_P.png",,lifestyle,,detail,,scale,,alternate,1,0712_,https://mb1advancedsolutions.github.io/mb1-catalog/index.html?design=0712,
0713,MB1-0713,Split scroll Q,family & name,"https://res.cloudinary.com/oxygre42/image/upload/f_auto,q_auto,c_pad,b_white,w_1200,h_1200/v1788349932/0713_Split_scroll_Q.png","https://res.cloudinary.com/oxygre42/image/upload/f_auto,q_auto,c_pad,b_white,w_500,h_500/v1788349932/0713_Split_scroll_Q.png",,lifestyle,,detail,,scale,,alternate,1,0713_,https://mb1advancedsolutions.github.io/mb1-catalog/index.html?design=0713,
0714,MB1-0714,Split scroll R,family & name,"https://res.cloudinary.com/oxygre42/image/upload/f_auto,q_auto,c_pad,b_white,w_1200,h_1200/v1788349934/0714_Split_scroll_R.png","https://res.cloudinary.com/oxygre42/image/upload/f_auto,q_auto,c_pad,b_white,w_500,h_500/v1788349934/0714_Split_scroll_R.png",,lifestyle,,detail,,scale,,alternate,1,0714_,https://mb1advancedsolutions.github.io/mb1-catalog/index.html?design=0714,
0715,MB1-0715,Split scroll S,family & name,"https://res.cloudinary.com/oxygre42/image/upload/f_auto,q_auto,c_pad,b_white,w_1200,h_1200/v1788349936/0715_Split_scroll_S.png","https://res.cloudinary.com/oxygre42/image/upload/f_auto,q_auto,c_pad,b_white,w_500,h_500/v1788349936/0715_Split_scroll_S.png",,lifestyle,,detail,,scale,,alternate,1,0715_,https://mb1advancedsolutions.github.io/mb1-catalog/index.html?design=0715,
0716,MB1-0716,Split scroll T,family & name,"https://res.cloudinary.com/oxygre42/image/upload/f_auto,q_auto,c_pad,b_white,w_1200,h_1200/v1788349937/0716_Split_scroll_T.png","https://res.cloudinary.com/oxygre42/image/upload/f_auto,q_auto,c_pad,b_white,w_500,h_500/v1788349937/0716_Split_scroll_T.png",,lifestyle,,detail,,scale,,alternate,1,0716_,https://mb1advancedsolutions.github.io/mb1-catalog/index.html?design=0716,
0717,MB1-0717,Split scroll U,family & name,"https://res.cloudinary.com/oxygre42/image/upload/f_auto,q_auto,c_pad,b_white,w_1200,h_1200/v1788349939/0717_Split_scroll_U.png","https://res.cloudinary.com/oxygre42/image/upload/f_auto,q_auto,c_pad,b_white,w_500,h_500/v1788349939/0717_Split_scroll_U.png",,lifestyle,,detail,,scale,,alternate,1,0717_,https://mb1advancedsolutions.github.io/mb1-catalog/index.html?design=0717,
0718,MB1-0718,Split scroll V,family & name,"https://res.cloudinary.com/oxygre42/image/upload/f_auto,q_auto,c_pad,b_white,w_1200,h_1200/v1788349941/0718_Split_scroll_V.png","https://res.cloudinary.com/oxygre42/image/upload/f_auto,q_auto,c_pad,b_white,w_500,h_500/v1788349941/0718_Split_scroll_V.png",,lifestyle,,detail,,scale,,alternate,1,0718_,https://mb1advancedsolutions.github.io/mb1-catalog/index.html?design=0718,
0719,MB1-0719,Split scroll W,family & name,"https://res.cloudinary.com/oxygre42/image/upload/f_auto,q_auto,c_pad,b_white,w_1200,h_1200/v1788349943/0719_Split_scroll_W.png","https://res.cloudinary.com/oxygre42/image/upload/f_auto,q_auto,c_pad,b_white,w_500,h_500/v1788349943/0719_Split_scroll_W.png",,lifestyle,,detail,,scale,,alternate,1,0719_,https://mb1advancedsolutions.github.io/mb1-catalog/index.html?design=0719,
0720,MB1-0720,Split scroll X,family & name,"https://res.cloudinary.com/oxygre42/image/upload/f_auto,q_auto,c_pad,b_white,w_1200,h_1200/v1788349945/0720_Split_scroll_X.png","https://res.cloudinary.com/oxygre42/image/upload/f_auto,q_auto,c_pad,b_white,w_500,h_500/v1788349945/0720_Split_scroll_X.png",,lifestyle,,detail,,scale,,alternate,1,0720_,https://mb1advancedsolutions.github.io/mb1-catalog/index.html?design=0720,
0721,MB1-0721,Split scroll Y,family & name,"https://res.cloudinary.com/oxygre42/image/upload/f_auto,q_auto,c_pad,b_white,w_1200,h_1200/v1788349947/0721_Split_scroll_Y.png","https://res.cloudinary.com/oxygre42/image/upload/f_auto,q_auto,c_pad,b_white,w_500,h_500/v1788349947/0721_Split_scroll_Y.png",,lifestyle,,detail,,scale,,alternate,1,0721_,https://mb1advancedsolutions.github.io/mb1-catalog/index.html?design=0721,
0722,MB1-0722,Split scroll Z,family & name,"https://res.cloudinary.com/oxygre42/image/upload/f_auto,q_auto,c_pad,b_white,w_1200,h_1200/v1788349949/0722_Split_scroll_Z.png","https://res.cloudinary.com/oxygre42/image/upload/f_auto,q_auto,c_pad,b_white,w_500,h_500/v1788349949/0722_Split_scroll_Z.png",,lifestyle,,detail,,scale,,alternate,1,0722_,https://mb1advancedsolutions.github.io/mb1-catalog/index.html?design=0722,
0723,MB1-0723,Steampunk A,family & name,"https://res.cloudinary.com/oxygre42/image/upload/f_auto,q_auto,c_pad,b_white,w_1200,h_1200/v1788349951/0723_Steampunk_A.png","https://res.cloudinary.com/oxygre42/image/upload/f_auto,q_auto,c_pad,b_white,w_500,h_500/v1788349951/0723_Steampunk_A.png",,lifestyle,,detail,,scale,,alternate,1,0723_,https://mb1advancedsolutions.github.io/mb1-catalog/index.html?design=0723,
0724,MB1-0724,Steampunk B,family & name,"https://res.cloudinary.com/oxygre42/image/upload/f_auto,q_auto,c_pad,b_white,w_1200,h_1200/v1788349953/0724_Steampunk_B.png","https://res.cloudinary.com/oxygre42/image/upload/f_auto,q_auto,c_pad,b_white,w_500,h_500/v1788349953/0724_Steampunk_B.png",,lifestyle,,detail,,scale,,alternate,1,0724_,https://mb1advancedsolutions.github.io/mb1-catalog/index.html?design=0724,
0725,MB1-0725,Steampunk C,family & name,"https://res.cloudinary.com/oxygre42/image/upload/f_auto,q_auto,c_pad,b_white,w_1200,h_1200/v1788349954/0725_Steampunk_C.png","https://res.cloudinary.com/oxygre42/image/upload/f_auto,q_auto,c_pad,b_white,w_500,h_500/v1788349954/0725_Steampunk_C.png",,lifestyle,,detail,,scale,,alternate,1,0725_,https://mb1advancedsolutions.github.io/mb1-catalog/index.html?design=0725,
0726,MB1-0726,Steampunk D,family & name,"https://res.cloudinary.com/oxygre42/image/upload/f_auto,q_auto,c_pad,b_white,w_1200,h_1200/v1788349956/0726_Steampunk_D.png","https://res.cloudinary.com/oxygre42/image/upload/f_auto,q_auto,c_pad,b_white,w_500,h_500/v1788349956/0726_Steampunk_D.png",,lifestyle,,detail,,scale,,alternate,1,0726_,https://mb1advancedsolutions.github.io/mb1-catalog/index.html?design=0726,
0727,MB1-0727,Steampunk E,family & name,"https://res.cloudinary.com/oxygre42/image/upload/f_auto,q_auto,c_pad,b_white,w_1200,h_1200/v1788349958/0727_Steampunk_E.png","https://res.cloudinary.com/oxygre42/image/upload/f_auto,q_auto,c_pad,b_white,w_500,h_500/v1788349958/0727_Steampunk_E.png",,lifestyle,,detail,,scale,,alternate,1,0727_,https://mb1advancedsolutions.github.io/mb1-catalog/index.html?design=0727,
0728,MB1-0728,Steampunk F,family & name,"https://res.cloudinary.com/oxygre42/image/upload/f_auto,q_auto,c_pad,b_white,w_1200,h_1200/v1788349960/0728_Steampunk_F.png","https://res.cloudinary.com/oxygre42/image/upload/f_auto,q_auto,c_pad,b_white,w_500,h_500/v1788349960/0728_Steampunk_F.png",,lifestyle,,detail,,scale,,alternate,1,0728_,https://mb1advancedsolutions.github.io/mb1-catalog/index.html?design=0728,
0729,MB1-0729,Steampunk G,family & name,"https://res.cloudinary.com/oxygre42/image/upload/f_auto,q_auto,c_pad,b_white,w_1200,h_1200/v1788349962/0729_Steampunk_G.png","https://res.cloudinary.com/oxygre42/image/upload/f_auto,q_auto,c_pad,b_white,w_500,h_500/v1788349962/0729_Steampunk_G.png",,lifestyle,,detail,,scale,,alternate,1,0729_,https://mb1advancedsolutions.github.io/mb1-catalog/index.html?design=0729,
0730,MB1-0730,Steampunk H,family & name,"https://res.cloudinary.com/oxygre42/image/upload/f_auto,q_auto,c_pad,b_white,w_1200,h_1200/v1788349964/0730_Steampunk_H.png","https://res.cloudinary.com/oxygre42/image/upload/f_auto,q_auto,c_pad,b_white,w_500,h_500/v1788349964/0730_Steampunk_H.png",,lifestyle,,detail,,scale,,alternate,1,0730_,https://mb1advancedsolutions.github.io/mb1-catalog/index.html?design=0730,
0731,MB1-0731,Steampunk I,family & name,"https://res.cloudinary.com/oxygre42/image/upload/f_auto,q_auto,c_pad,b_white,w_1200,h_1200/v1788349966/0731_Steampunk_I.png","https://res.cloudinary.com/oxygre42/image/upload/f_auto,q_auto,c_pad,b_white,w_500,h_500/v1788349966/0731_Steampunk_I.png",,lifestyle,,detail,,scale,,alternate,1,0731_,https://mb1advancedsolutions.github.io/mb1-catalog/index.html?design=0731,
0732,MB1-0732,Steampunk J,family & name,"https://res.cloudinary.com/oxygre42/image/upload/f_auto,q_auto,c_pad,b_white,w_1200,h_1200/v1788349968/0732_Steampunk_J.png","https://res.cloudinary.com/oxygre42/image/upload/f_auto,q_auto,c_pad,b_white,w_500,h_500/v1788349968/0732_Steampunk_J.png",,lifestyle,,detail,,scale,,alternate,1,0732_,https://mb1advancedsolutions.github.io/mb1-catalog/index.html?design=0732,
0733,MB1-0733,Steampunk K,family & name,"https://res.cloudinary.com/oxygre42/image/upload/f_auto,q_auto,c_pad,b_white,w_1200,h_1200/v1788349969/0733_Steampunk_K.png","https://res.cloudinary.com/oxygre42/image/upload/f_auto,q_auto,c_pad,b_white,w_500,h_500/v1788349969/0733_Steampunk_K.png",,lifestyle,,detail,,scale,,alternate,1,0733_,https://mb1advancedsolutions.github.io/mb1-catalog/index.html?design=0733,
0734,MB1-0734,Steampunk L,family & name,"https://res.cloudinary.com/oxygre42/image/upload/f_auto,q_auto,c_pad,b_white,w_1200,h_1200/v1788349971/0734_Steampunk_L.png","https://res.cloudinary.com/oxygre42/image/upload/f_auto,q_auto,c_pad,b_white,w_500,h_500/v1788349971/0734_Steampunk_L.png",,lifestyle,,detail,,scale,,alternate,1,0734_,https://mb1advancedsolutions.github.io/mb1-catalog/index.html?design=0734,
0735,MB1-0735,Steampunk M,family & name,"https://res.cloudinary.com/oxygre42/image/upload/f_auto,q_auto,c_pad,b_white,w_1200,h_1200/v1788349973/0735_Steampunk_M.png","https://res.cloudinary.com/oxygre42/image/upload/f_auto,q_auto,c_pad,b_white,w_500,h_500/v1788349973/0735_Steampunk_M.png",,lifestyle,,detail,,scale,,alternate,1,0735_,https://mb1advancedsolutions.github.io/mb1-catalog/index.html?design=0735,
0736,MB1-0736,Steampunk Mr and Mrs,wedding and events,"https://res.cloudinary.com/oxygre42/image/upload/f_auto,q_auto,c_pad,b_white,w_1200,h_1200/v1788349975/0736_Steampunk_Mr_and_Mrs.png","https://res.cloudinary.com/oxygre42/image/upload/f_auto,q_auto,c_pad,b_white,w_500,h_500/v1788349975/0736_Steampunk_Mr_and_Mrs.png",,lifestyle,,detail,,scale,,alternate,1,0736_,https://mb1advancedsolutions.github.io/mb1-catalog/index.html?design=0736,
0737,MB1-0737,Steampunk N,family & name,"https://res.cloudinary.com/oxygre42/image/upload/f_auto,q_auto,c_pad,b_white,w_1200,h_1200/v1788349977/0737_Steampunk_N.png","https://res.cloudinary.com/oxygre42/image/upload/f_auto,q_auto,c_pad,b_white,w_500,h_500/v1788349977/0737_Steampunk_N.png",,lifestyle,,detail,,scale,,alternate,1,0737_,https://mb1advancedsolutions.github.io/mb1-catalog/index.html?design=0737,
0738,MB1-0738,Steampunk O,family & name,"https://res.cloudinary.com/oxygre42/image/upload/f_auto,q_auto,c_pad,b_white,w_1200,h_1200/v1788349979/0738_Steampunk_O.png","https://res.cloudinary.com/oxygre42/image/upload/f_auto,q_auto,c_pad,b_white,w_500,h_500/v1788349979/0738_Steampunk_O.png",,lifestyle,,detail,,scale,,alternate,1,0738_,https://mb1advancedsolutions.github.io/mb1-catalog/index.html?design=0738,
0739,MB1-0739,Steampunk P,family & name,"https://res.cloudinary.com/oxygre42/image/upload/f_auto,q_auto,c_pad,b_white,w_1200,h_1200/v1788349981/0739_Steampunk_P.png","https://res.cloudinary.com/oxygre42/image/upload/f_auto,q_auto,c_pad,b_white,w_500,h_500/v1788349981/0739_Steampunk_P.png",,lifestyle,,detail,,scale,,alternate,1,0739_,https://mb1advancedsolutions.github.io/mb1-catalog/index.html?design=0739,
0740,MB1-0740,Steampunk Q,family & name,"https://res.cloudinary.com/oxygre42/image/upload/f_auto,q_auto,c_pad,b_white,w_1200,h_1200/v1788349983/0740_Steampunk_Q.png","https://res.cloudinary.com/oxygre42/image/upload/f_auto,q_auto,c_pad,b_white,w_500,h_500/v1788349983/0740_Steampunk_Q.png",,lifestyle,,detail,,scale,,alternate,1,0740_,https://mb1advancedsolutions.github.io/mb1-catalog/index.html?design=0740,
0741,MB1-0741,Steampunk R,family & name,"https://res.cloudinary.com/oxygre42/image/upload/f_auto,q_auto,c_pad,b_white,w_1200,h_1200/v1788349984/0741_Steampunk_R.png","https://res.cloudinary.com/oxygre42/image/upload/f_auto,q_auto,c_pad,b_white,w_500,h_500/v1788349984/0741_Steampunk_R.png",,lifestyle,,detail,,scale,,alternate,1,0741_,https://mb1advancedsolutions.github.io/mb1-catalog/index.html?design=0741,
0742,MB1-0742,Steampunk S,family & name,"https://res.cloudinary.com/oxygre42/image/upload/f_auto,q_auto,c_pad,b_white,w_1200,h_1200/v1788349986/0742_Steampunk_S.png","https://res.cloudinary.com/oxygre42/image/upload/f_auto,q_auto,c_pad,b_white,w_500,h_500/v1788349986/0742_Steampunk_S.png",,lifestyle,,detail,,scale,,alternate,1,0742_,https://mb1advancedsolutions.github.io/mb1-catalog/index.html?design=0742,
0743,MB1-0743,Steampunk T,family & name,"https://res.cloudinary.com/oxygre42/image/upload/f_auto,q_auto,c_pad,b_white,w_1200,h_1200/v1788349988/0743_Steampunk_T.png","https://res.cloudinary.com/oxygre42/image/upload/f_auto,q_auto,c_pad,b_white,w_500,h_500/v1788349988/0743_Steampunk_T.png",,lifestyle,,detail,,scale,,alternate,1,0743_,https://mb1advancedsolutions.github.io/mb1-catalog/index.html?design=0743,
0744,MB1-0744,Steampunk U,family & name,"https://res.cloudinary.com/oxygre42/image/upload/f_auto,q_auto,c_pad,b_white,w_1200,h_1200/v1788349990/0744_Steampunk_U.png","https://res.cloudinary.com/oxygre42/image/upload/f_auto,q_auto,c_pad,b_white,w_500,h_500/v1788349990/0744_Steampunk_U.png",,lifestyle,,detail,,scale,,alternate,1,0744_,https://mb1advancedsolutions.github.io/mb1-catalog/index.html?design=0744,
0745,MB1-0745,Steampunk V,family & name,"https://res.cloudinary.com/oxygre42/image/upload/f_auto,q_auto,c_pad,b_white,w_1200,h_1200/v1788349992/0745_Steampunk_V.png","https://res.cloudinary.com/oxygre42/image/upload/f_auto,q_auto,c_pad,b_white,w_500,h_500/v1788349992/0745_Steampunk_V.png",,lifestyle,,detail,,scale,,alternate,1,0745_,https://mb1advancedsolutions.github.io/mb1-catalog/index.html?design=0745,
0746,MB1-0746,Steampunk W,family & name,"https://res.cloudinary.com/oxygre42/image/upload/f_auto,q_auto,c_pad,b_white,w_1200,h_1200/v1788349994/0746_Steampunk_W.png","https://res.cloudinary.com/oxygre42/image/upload/f_auto,q_auto,c_pad,b_white,w_500,h_500/v1788349994/0746_Steampunk_W.png",,lifestyle,,detail,,scale,,alternate,1,0746_,https://mb1advancedsolutions.github.io/mb1-catalog/index.html?design=0746,
0747,MB1-0747,Steampunk X,family & name,"https://res.cloudinary.com/oxygre42/image/upload/f_auto,q_auto,c_pad,b_white,w_1200,h_1200/v1788349996/0747_Steampunk_X.png","https://res.cloudinary.com/oxygre42/image/upload/f_auto,q_auto,c_pad,b_white,w_500,h_500/v1788349996/0747_Steampunk_X.png",,lifestyle,,detail,,scale,,alternate,1,0747_,https://mb1advancedsolutions.github.io/mb1-catalog/index.html?design=0747,
0748,MB1-0748,Steampunk Y,family & name,"https://res.cloudinary.com/oxygre42/image/upload/f_auto,q_auto,c_pad,b_white,w_1200,h_1200/v1788349998/0748_Steampunk_Y.png","https://res.cloudinary.com/oxygre42/image/upload/f_auto,q_auto,c_pad,b_white,w_500,h_500/v1788349998/0748_Steampunk_Y.png",,lifestyle,,detail,,scale,,alternate,1,0748_,https://mb1advancedsolutions.github.io/mb1-catalog/index.html?design=0748,
0749,MB1-0749,Steampunk Z,family & name,"https://res.cloudinary.com/oxygre42/image/upload/f_auto,q_auto,c_pad,b_white,w_1200,h_1200/v1788349999/0749_Steampunk_Z.png","https://res.cloudinary.com/oxygre42/image/upload/f_auto,q_auto,c_pad,b_white,w_500,h_500/v1788349999/0749_Steampunk_Z.png",,lifestyle,,detail,,scale,,alternate,1,0749_,https://mb1advancedsolutions.github.io/mb1-catalog/index.html?design=0749,
0750,MB1-0750,Alphabet Snowman,seasonal and holiday,"https://res.cloudinary.com/oxygre42/image/upload/f_auto,q_auto,c_pad,b_white,w_1200,h_1200/v1788350001/0750_Alphabet_Snowman.png","https://res.cloudinary.com/oxygre42/image/upload/f_auto,q_auto,c_pad,b_white,w_500,h_500/v1788350001/0750_Alphabet_Snowman.png",,lifestyle,,detail,,scale,,alternate,1,0750_,https://mb1advancedsolutions.github.io/mb1-catalog/index.html?design=0750,
0751,MB1-0751,Alphabet split model 1,family & name,"https://res.cloudinary.com/oxygre42/image/upload/f_auto,q_auto,c_pad,b_white,w_1200,h_1200/v1788350003/0751_Alphabet_split_model_1.png","https://res.cloudinary.com/oxygre42/image/upload/f_auto,q_auto,c_pad,b_white,w_500,h_500/v1788350003/0751_Alphabet_split_model_1.png",,lifestyle,,detail,,scale,,alternate,1,0751_,https://mb1advancedsolutions.github.io/mb1-catalog/index.html?design=0751,
0752,MB1-0752,Alphabet split model 10,family & name,"https://res.cloudinary.com/oxygre42/image/upload/f_auto,q_auto,c_pad,b_white,w_1200,h_1200/v1788350005/0752_Alphabet_split_model_10.png","https://res.cloudinary.com/oxygre42/image/upload/f_auto,q_auto,c_pad,b_white,w_500,h_500/v1788350005/0752_Alphabet_split_model_10.png",,lifestyle,,detail,,scale,,alternate,1,0752_,https://mb1advancedsolutions.github.io/mb1-catalog/index.html?design=0752,
0753,MB1-0753,Alphabet split model 11,family & name,"https://res.cloudinary.com/oxygre42/image/upload/f_auto,q_auto,c_pad,b_white,w_1200,h_1200/v1788350007/0753_Alphabet_split_model_11.png","https://res.cloudinary.com/oxygre42/image/upload/f_auto,q_auto,c_pad,b_white,w_500,h_500/v1788350007/0753_Alphabet_split_model_11.png",,lifestyle,,detail,,scale,,alternate,1,0753_,https://mb1advancedsolutions.github.io/mb1-catalog/index.html?design=0753,
0754,MB1-0754,Alphabet split model 12,family & name,"https://res.cloudinary.com/oxygre42/image/upload/f_auto,q_auto,c_pad,b_white,w_1200,h_1200/v1788350009/0754_Alphabet_split_model_12.png","https://res.cloudinary.com/oxygre42/image/upload/f_auto,q_auto,c_pad,b_white,w_500,h_500/v1788350009/0754_Alphabet_split_model_12.png",,lifestyle,,detail,,scale,,alternate,1,0754_,https://mb1advancedsolutions.github.io/mb1-catalog/index.html?design=0754,
0755,MB1-0755,Alphabet split model 13,family & name,"https://res.cloudinary.com/oxygre42/image/upload/f_auto,q_auto,c_pad,b_white,w_1200,h_1200/v1788350011/0755_Alphabet_split_model_13.png","https://res.cloudinary.com/oxygre42/image/upload/f_auto,q_auto,c_pad,b_white,w_500,h_500/v1788350011/0755_Alphabet_split_model_13.png",,lifestyle,,detail,,scale,,alternate,1,0755_,https://mb1advancedsolutions.github.io/mb1-catalog/index.html?design=0755,
0756,MB1-0756,Alphabet split model 14,family & name,"https://res.cloudinary.com/oxygre42/image/upload/f_auto,q_auto,c_pad,b_white,w_1200,h_1200/v1788350013/0756_Alphabet_split_model_14.png","https://res.cloudinary.com/oxygre42/image/upload/f_auto,q_auto,c_pad,b_white,w_500,h_500/v1788350013/0756_Alphabet_split_model_14.png",,lifestyle,,detail,,scale,,alternate,1,0756_,https://mb1advancedsolutions.github.io/mb1-catalog/index.html?design=0756,
0757,MB1-0757,Alphabet Split Model 15,family & name,"https://res.cloudinary.com/oxygre42/image/upload/f_auto,q_auto,c_pad,b_white,w_1200,h_1200/v1788350014/0757_Alphabet_Split_Model_15.png","https://res.cloudinary.com/oxygre42/image/upload/f_auto,q_auto,c_pad,b_white,w_500,h_500/v1788350014/0757_Alphabet_Split_Model_15.png",,lifestyle,,detail,,scale,,alternate,1,0757_,https://mb1advancedsolutions.github.io/mb1-catalog/index.html?design=0757,
0758,MB1-0758,Alphabet Split Model 16,family & name,"https://res.cloudinary.com/oxygre42/image/upload/f_auto,q_auto,c_pad,b_white,w_1200,h_1200/v1788350016/0758_Alphabet_Split_Model_16.png","https://res.cloudinary.com/oxygre42/image/upload/f_auto,q_auto,c_pad,b_white,w_500,h_500/v1788350016/0758_Alphabet_Split_Model_16.png",,lifestyle,,detail,,scale,,alternate,1,0758_,https://mb1advancedsolutions.github.io/mb1-catalog/index.html?design=0758,
0759,MB1-0759,Alphabet Split Model 17,family & name,"https://res.cloudinary.com/oxygre42/image/upload/f_auto,q_auto,c_pad,b_white,w_1200,h_1200/v1788350018/0759_Alphabet_Split_Model_17.png","https://res.cloudinary.com/oxygre42/image/upload/f_auto,q_auto,c_pad,b_white,w_500,h_500/v1788350018/0759_Alphabet_Split_Model_17.png",,lifestyle,,detail,,scale,,alternate,1,0759_,https://mb1advancedsolutions.github.io/mb1-catalog/index.html?design=0759,
0760,MB1-0760,Alphabet Split Model 19,family & name,"https://res.cloudinary.com/oxygre42/image/upload/f_auto,q_auto,c_pad,b_white,w_1200,h_1200/v1788350020/0760_Alphabet_Split_Model_19.png","https://res.cloudinary.com/oxygre42/image/upload/f_auto,q_auto,c_pad,b_white,w_500,h_500/v1788350020/0760_Alphabet_Split_Model_19.png",,lifestyle,,detail,,scale,,alternate,1,0760_,https://mb1advancedsolutions.github.io/mb1-catalog/index.html?design=0760,
0761,MB1-0761,Alphabet split model 2,family & name,"https://res.cloudinary.com/oxygre42/image/upload/f_auto,q_auto,c_pad,b_white,w_1200,h_1200/v1788350022/0761_Alphabet_split_model_2.png","https://res.cloudinary.com/oxygre42/image/upload/f_auto,q_auto,c_pad,b_white,w_500,h_500/v1788350022/0761_Alphabet_split_model_2.png",,lifestyle,,detail,,scale,,alternate,1,0761_,https://mb1advancedsolutions.github.io/mb1-catalog/index.html?design=0761,
0762,MB1-0762,Alphabet split model 3,family & name,"https://res.cloudinary.com/oxygre42/image/upload/f_auto,q_auto,c_pad,b_white,w_1200,h_1200/v1788350024/0762_Alphabet_split_model_3.png","https://res.cloudinary.com/oxygre42/image/upload/f_auto,q_auto,c_pad,b_white,w_500,h_500/v1788350024/0762_Alphabet_split_model_3.png",,lifestyle,,detail,,scale,,alternate,1,0762_,https://mb1advancedsolutions.github.io/mb1-catalog/index.html?design=0762,
0763,MB1-0763,Alphabet split model 4,family & name,"https://res.cloudinary.com/oxygre42/image/upload/f_auto,q_auto,c_pad,b_white,w_1200,h_1200/v1788350026/0763_Alphabet_split_model_4.png","https://res.cloudinary.com/oxygre42/image/upload/f_auto,q_auto,c_pad,b_white,w_500,h_500/v1788350026/0763_Alphabet_split_model_4.png",,lifestyle,,detail,,scale,,alternate,1,0763_,https://mb1advancedsolutions.github.io/mb1-catalog/index.html?design=0763,
0764,MB1-0764,Alphabet split model 5,family & name,"https://res.cloudinary.com/oxygre42/image/upload/f_auto,q_auto,c_pad,b_white,w_1200,h_1200/v1788350028/0764_Alphabet_split_model_5.png","https://res.cloudinary.com/oxygre42/image/upload/f_auto,q_auto,c_pad,b_white,w_500,h_500/v1788350028/0764_Alphabet_split_model_5.png",,lifestyle,,detail,,scale,,alternate,1,0764_,https://mb1advancedsolutions.github.io/mb1-catalog/index.html?design=0764,
0765,MB1-0765,Alphabet split model 6,family & name,"https://res.cloudinary.com/oxygre42/image/upload/f_auto,q_auto,c_pad,b_white,w_1200,h_1200/v1788350030/0765_Alphabet_split_model_6.png","https://res.cloudinary.com/oxygre42/image/upload/f_auto,q_auto,c_pad,b_white,w_500,h_500/v1788350030/0765_Alphabet_split_model_6.png",,lifestyle,,detail,,scale,,alternate,1,0765_,https://mb1advancedsolutions.github.io/mb1-catalog/index.html?design=0765,
0766,MB1-0766,Alphabet split model 7,family & name,"https://res.cloudinary.com/oxygre42/image/upload/f_auto,q_auto,c_pad,b_white,w_1200,h_1200/v1788350031/0766_Alphabet_split_model_7.png","https://res.cloudinary.com/oxygre42/image/upload/f_auto,q_auto,c_pad,b_white,w_500,h_500/v1788350031/0766_Alphabet_split_model_7.png",,lifestyle,,detail,,scale,,alternate,1,0766_,https://mb1advancedsolutions.github.io/mb1-catalog/index.html?design=0766,
0767,MB1-0767,Alphabet split model 8,family & name,"https://res.cloudinary.com/oxygre42/image/upload/f_auto,q_auto,c_pad,b_white,w_1200,h_1200/v1788350033/0767_Alphabet_split_model_8.png","https://res.cloudinary.com/oxygre42/image/upload/f_auto,q_auto,c_pad,b_white,w_500,h_500/v1788350033/0767_Alphabet_split_model_8.png",,lifestyle,,detail,,scale,,alternate,1,0767_,https://mb1advancedsolutions.github.io/mb1-catalog/index.html?design=0767,
0768,MB1-0768,Alphabet split model 9,family & name,"https://res.cloudinary.com/oxygre42/image/upload/f_auto,q_auto,c_pad,b_white,w_1200,h_1200/v1788350035/0768_Alphabet_split_model_9.png","https://res.cloudinary.com/oxygre42/image/upload/f_auto,q_auto,c_pad,b_white,w_500,h_500/v1788350035/0768_Alphabet_split_model_9.png",,lifestyle,,detail,,scale,,alternate,1,0768_,https://mb1advancedsolutions.github.io/mb1-catalog/index.html?design=0768,
0769,MB1-0769,Alphabet Turquey,family & name,"https://res.cloudinary.com/oxygre42/image/upload/f_auto,q_auto,c_pad,b_white,w_1200,h_1200/v1788350037/0769_Alphabet_Turquey.png","https://res.cloudinary.com/oxygre42/image/upload/f_auto,q_auto,c_pad,b_white,w_500,h_500/v1788350037/0769_Alphabet_Turquey.png",,lifestyle,,detail,,scale,,alternate,1,0769_,https://mb1advancedsolutions.github.io/mb1-catalog/index.html?design=0769,
0770,MB1-0770,Snow Monogram Letter 1,family & name,"https://res.cloudinary.com/oxygre42/image/upload/f_auto,q_auto,c_pad,b_white,w_1200,h_1200/v1788350039/0770_Snow_Monogram_Letter_1.png","https://res.cloudinary.com/oxygre42/image/upload/f_auto,q_auto,c_pad,b_white,w_500,h_500/v1788350039/0770_Snow_Monogram_Letter_1.png",,lifestyle,,detail,,scale,,alternate,1,0770_,https://mb1advancedsolutions.github.io/mb1-catalog/index.html?design=0770,
0771,MB1-0771,Snow Monogram Letter 2,family & name,"https://res.cloudinary.com/oxygre42/image/upload/f_auto,q_auto,c_pad,b_white,w_1200,h_1200/v1788350041/0771_Snow_Monogram_Letter_2.png","https://res.cloudinary.com/oxygre42/image/upload/f_auto,q_auto,c_pad,b_white,w_500,h_500/v1788350041/0771_Snow_Monogram_Letter_2.png",,lifestyle,,detail,,scale,,alternate,1,0771_,https://mb1advancedsolutions.github.io/mb1-catalog/index.html?design=0771,
0772,MB1-0772,Snow Monogram Letter 3,family & name,"https://res.cloudinary.com/oxygre42/image/upload/f_auto,q_auto,c_pad,b_white,w_1200,h_1200/v1788350043/0772_Snow_Monogram_Letter_3.png","https://res.cloudinary.com/oxygre42/image/upload/f_auto,q_auto,c_pad,b_white,w_500,h_500/v1788350043/0772_Snow_Monogram_Letter_3.png",,lifestyle,,detail,,scale,,alternate,1,0772_,https://mb1advancedsolutions.github.io/mb1-catalog/index.html?design=0772,
0773,MB1-0773,Snow Monogram Letter 4,family & name,"https://res.cloudinary.com/oxygre42/image/upload/f_auto,q_auto,c_pad,b_white,w_1200,h_1200/v1788350045/0773_Snow_Monogram_Letter_4.png","https://res.cloudinary.com/oxygre42/image/upload/f_auto,q_auto,c_pad,b_white,w_500,h_500/v1788350045/0773_Snow_Monogram_Letter_4.png",,lifestyle,,detail,,scale,,alternate,1,0773_,https://mb1advancedsolutions.github.io/mb1-catalog/index.html?design=0773,
0774,MB1-0774,Snow Split Monogram 1,family & name,"https://res.cloudinary.com/oxygre42/image/upload/f_auto,q_auto,c_pad,b_white,w_1200,h_1200/v1788350046/0774_Snow_Split_Monogram_1.png","https://res.cloudinary.com/oxygre42/image/upload/f_auto,q_auto,c_pad,b_white,w_500,h_500/v1788350046/0774_Snow_Split_Monogram_1.png",,lifestyle,,detail,,scale,,alternate,1,0774_,https://mb1advancedsolutions.github.io/mb1-catalog/index.html?design=0774,
0775,MB1-0775,Split Letter Monogram 1,family & name,"https://res.cloudinary.com/oxygre42/image/upload/f_auto,q_auto,c_pad,b_white,w_1200,h_1200/v1788350048/0775_Split_Letter_Monogram_1.png","https://res.cloudinary.com/oxygre42/image/upload/f_auto,q_auto,c_pad,b_white,w_500,h_500/v1788350048/0775_Split_Letter_Monogram_1.png",,lifestyle,,detail,,scale,,alternate,1,0775_,https://mb1advancedsolutions.github.io/mb1-catalog/index.html?design=0775,
0776,MB1-0776,Split Letter Monogram 10,family & name,"https://res.cloudinary.com/oxygre42/image/upload/f_auto,q_auto,c_pad,b_white,w_1200,h_1200/v1788350050/0776_Split_Letter_Monogram_10.png","https://res.cloudinary.com/oxygre42/image/upload/f_auto,q_auto,c_pad,b_white,w_500,h_500/v1788350050/0776_Split_Letter_Monogram_10.png",,lifestyle,,detail,,scale,,alternate,1,0776_,https://mb1advancedsolutions.github.io/mb1-catalog/index.html?design=0776,
0777,MB1-0777,Split Letter Monogram 11,family & name,"https://res.cloudinary.com/oxygre42/image/upload/f_auto,q_auto,c_pad,b_white,w_1200,h_1200/v1788350052/0777_Split_Letter_Monogram_11.png","https://res.cloudinary.com/oxygre42/image/upload/f_auto,q_auto,c_pad,b_white,w_500,h_500/v1788350052/0777_Split_Letter_Monogram_11.png",,lifestyle,,detail,,scale,,alternate,1,0777_,https://mb1advancedsolutions.github.io/mb1-catalog/index.html?design=0777,
0778,MB1-0778,Split Letter Monogram 12,family & name,"https://res.cloudinary.com/oxygre42/image/upload/f_auto,q_auto,c_pad,b_white,w_1200,h_1200/v1788350054/0778_Split_Letter_Monogram_12.png","https://res.cloudinary.com/oxygre42/image/upload/f_auto,q_auto,c_pad,b_white,w_500,h_500/v1788350054/0778_Split_Letter_Monogram_12.png",,lifestyle,,detail,,scale,,alternate,1,0778_,https://mb1advancedsolutions.github.io/mb1-catalog/index.html?design=0778,
0779,MB1-0779,Split Letter Monogram 13,family & name,"https://res.cloudinary.com/oxygre42/image/upload/f_auto,q_auto,c_pad,b_white,w_1200,h_1200/v1788350056/0779_Split_Letter_Monogram_13.png","https://res.cloudinary.com/oxygre42/image/upload/f_auto,q_auto,c_pad,b_white,w_500,h_500/v1788350056/0779_Split_Letter_Monogram_13.png",,lifestyle,,detail,,scale,,alternate,1,0779_,https://mb1advancedsolutions.github.io/mb1-catalog/index.html?design=0779,
0780,MB1-0780,Split Letter Monogram 14,family & name,"https://res.cloudinary.com/oxygre42/image/upload/f_auto,q_auto,c_pad,b_white,w_1200,h_1200/v1788350058/0780_Split_Letter_Monogram_14.png","https://res.cloudinary.com/oxygre42/image/upload/f_auto,q_auto,c_pad,b_white,w_500,h_500/v1788350058/0780_Split_Letter_Monogram_14.png",,lifestyle,,detail,,scale,,alternate,1,0780_,https://mb1advancedsolutions.github.io/mb1-catalog/index.html?design=0780,
0781,MB1-0781,Split Letter Monogram 15,family & name,"https://res.cloudinary.com/oxygre42/image/upload/f_auto,q_auto,c_pad,b_white,w_1200,h_1200/v1788350060/0781_Split_Letter_Monogram_15.png","https://res.cloudinary.com/oxygre42/image/upload/f_auto,q_auto,c_pad,b_white,w_500,h_500/v1788350060/0781_Split_Letter_Monogram_15.png",,lifestyle,,detail,,scale,,alternate,1,0781_,https://mb1advancedsolutions.github.io/mb1-catalog/index.html?design=0781,
0782,MB1-0782,Split Letter Monogram 16,family & name,"https://res.cloudinary.com/oxygre42/image/upload/f_auto,q_auto,c_pad,b_white,w_1200,h_1200/v1788350061/0782_Split_Letter_Monogram_16.png","https://res.cloudinary.com/oxygre42/image/upload/f_auto,q_auto,c_pad,b_white,w_500,h_500/v1788350061/0782_Split_Letter_Monogram_16.png",,lifestyle,,detail,,scale,,alternate,1,0782_,https://mb1advancedsolutions.github.io/mb1-catalog/index.html?design=0782,
0783,MB1-0783,Split Letter Monogram 17,family & name,"https://res.cloudinary.com/oxygre42/image/upload/f_auto,q_auto,c_pad,b_white,w_1200,h_1200/v1788350063/0783_Split_Letter_Monogram_17.png","https://res.cloudinary.com/oxygre42/image/upload/f_auto,q_auto,c_pad,b_white,w_500,h_500/v1788350063/0783_Split_Letter_Monogram_17.png",,lifestyle,,detail,,scale,,alternate,1,0783_,https://mb1advancedsolutions.github.io/mb1-catalog/index.html?design=0783,
0784,MB1-0784,Split Letter Monogram 18,family & name,"https://res.cloudinary.com/oxygre42/image/upload/f_auto,q_auto,c_pad,b_white,w_1200,h_1200/v1788350065/0784_Split_Letter_Monogram_18.png","https://res.cloudinary.com/oxygre42/image/upload/f_auto,q_auto,c_pad,b_white,w_500,h_500/v1788350065/0784_Split_Letter_Monogram_18.png",,lifestyle,,detail,,scale,,alternate,1,0784_,https://mb1advancedsolutions.github.io/mb1-catalog/index.html?design=0784,
0785,MB1-0785,Split Letter Monogram 19,family & name,"https://res.cloudinary.com/oxygre42/image/upload/f_auto,q_auto,c_pad,b_white,w_1200,h_1200/v1788350067/0785_Split_Letter_Monogram_19.png","https://res.cloudinary.com/oxygre42/image/upload/f_auto,q_auto,c_pad,b_white,w_500,h_500/v1788350067/0785_Split_Letter_Monogram_19.png",,lifestyle,,detail,,scale,,alternate,1,0785_,https://mb1advancedsolutions.github.io/mb1-catalog/index.html?design=0785,
0786,MB1-0786,Split Letter Monogram 2,family & name,"https://res.cloudinary.com/oxygre42/image/upload/f_auto,q_auto,c_pad,b_white,w_1200,h_1200/v1788350069/0786_Split_Letter_Monogram_2.png","https://res.cloudinary.com/oxygre42/image/upload/f_auto,q_auto,c_pad,b_white,w_500,h_500/v1788350069/0786_Split_Letter_Monogram_2.png",,lifestyle,,detail,,scale,,alternate,1,0786_,https://mb1advancedsolutions.github.io/mb1-catalog/index.html?design=0786,
0787,MB1-0787,Split Letter Monogram 20,family & name,"https://res.cloudinary.com/oxygre42/image/upload/f_auto,q_auto,c_pad,b_white,w_1200,h_1200/v1788350071/0787_Split_Letter_Monogram_20.png","https://res.cloudinary.com/oxygre42/image/upload/f_auto,q_auto,c_pad,b_white,w_500,h_500/v1788350071/0787_Split_Letter_Monogram_20.png",,lifestyle,,detail,,scale,,alternate,1,0787_,https://mb1advancedsolutions.github.io/mb1-catalog/index.html?design=0787,
0788,MB1-0788,Split Letter Monogram 21,family & name,"https://res.cloudinary.com/oxygre42/image/upload/f_auto,q_auto,c_pad,b_white,w_1200,h_1200/v1788350073/0788_Split_Letter_Monogram_21.png","https://res.cloudinary.com/oxygre42/image/upload/f_auto,q_auto,c_pad,b_white,w_500,h_500/v1788350073/0788_Split_Letter_Monogram_21.png",,lifestyle,,detail,,scale,,alternate,1,0788_,https://mb1advancedsolutions.github.io/mb1-catalog/index.html?design=0788,
0789,MB1-0789,Split Letter Monogram 22,family & name,"https://res.cloudinary.com/oxygre42/image/upload/f_auto,q_auto,c_pad,b_white,w_1200,h_1200/v1788350075/0789_Split_Letter_Monogram_22.png","https://res.cloudinary.com/oxygre42/image/upload/f_auto,q_auto,c_pad,b_white,w_500,h_500/v1788350075/0789_Split_Letter_Monogram_22.png",,lifestyle,,detail,,scale,,alternate,1,0789_,https://mb1advancedsolutions.github.io/mb1-catalog/index.html?design=0789,
0790,MB1-0790,Split Letter Monogram 23,family & name,"https://res.cloudinary.com/oxygre42/image/upload/f_auto,q_auto,c_pad,b_white,w_1200,h_1200/v1788350077/0790_Split_Letter_Monogram_23.png","https://res.cloudinary.com/oxygre42/image/upload/f_auto,q_auto,c_pad,b_white,w_500,h_500/v1788350077/0790_Split_Letter_Monogram_23.png",,lifestyle,,detail,,scale,,alternate,1,0790_,https://mb1advancedsolutions.github.io/mb1-catalog/index.html?design=0790,
0791,MB1-0791,Split Letter Monogram 24,family & name,"https://res.cloudinary.com/oxygre42/image/upload/f_auto,q_auto,c_pad,b_white,w_1200,h_1200/v1788350078/0791_Split_Letter_Monogram_24.png","https://res.cloudinary.com/oxygre42/image/upload/f_auto,q_auto,c_pad,b_white,w_500,h_500/v1788350078/0791_Split_Letter_Monogram_24.png",,lifestyle,,detail,,scale,,alternate,1,0791_,https://mb1advancedsolutions.github.io/mb1-catalog/index.html?design=0791,
0792,MB1-0792,Split Letter Monogram 25,family & name,"https://res.cloudinary.com/oxygre42/image/upload/f_auto,q_auto,c_pad,b_white,w_1200,h_1200/v1788350080/0792_Split_Letter_Monogram_25.png","https://res.cloudinary.com/oxygre42/image/upload/f_auto,q_auto,c_pad,b_white,w_500,h_500/v1788350080/0792_Split_Letter_Monogram_25.png",,lifestyle,,detail,,scale,,alternate,1,0792_,https://mb1advancedsolutions.github.io/mb1-catalog/index.html?design=0792,
0793,MB1-0793,Split Letter Monogram 3,family & name,"https://res.cloudinary.com/oxygre42/image/upload/f_auto,q_auto,c_pad,b_white,w_1200,h_1200/v1788350082/0793_Split_Letter_Monogram_3.png","https://res.cloudinary.com/oxygre42/image/upload/f_auto,q_auto,c_pad,b_white,w_500,h_500/v1788350082/0793_Split_Letter_Monogram_3.png",,lifestyle,,detail,,scale,,alternate,1,0793_,https://mb1advancedsolutions.github.io/mb1-catalog/index.html?design=0793,
0794,MB1-0794,Split Letter Monogram 4,family & name,"https://res.cloudinary.com/oxygre42/image/upload/f_auto,q_auto,c_pad,b_white,w_1200,h_1200/v1788350084/0794_Split_Letter_Monogram_4.png","https://res.cloudinary.com/oxygre42/image/upload/f_auto,q_auto,c_pad,b_white,w_500,h_500/v1788350084/0794_Split_Letter_Monogram_4.png",,lifestyle,,detail,,scale,,alternate,1,0794_,https://mb1advancedsolutions.github.io/mb1-catalog/index.html?design=0794,
0795,MB1-0795,Split Letter Monogram 5,family & name,"https://res.cloudinary.com/oxygre42/image/upload/f_auto,q_auto,c_pad,b_white,w_1200,h_1200/v1788350086/0795_Split_Letter_Monogram_5.png","https://res.cloudinary.com/oxygre42/image/upload/f_auto,q_auto,c_pad,b_white,w_500,h_500/v1788350086/0795_Split_Letter_Monogram_5.png",,lifestyle,,detail,,scale,,alternate,1,0795_,https://mb1advancedsolutions.github.io/mb1-catalog/index.html?design=0795,
0796,MB1-0796,Split Letter Monogram 6,family & name,"https://res.cloudinary.com/oxygre42/image/upload/f_auto,q_auto,c_pad,b_white,w_1200,h_1200/v1788350088/0796_Split_Letter_Monogram_6.png","https://res.cloudinary.com/oxygre42/image/upload/f_auto,q_auto,c_pad,b_white,w_500,h_500/v1788350088/0796_Split_Letter_Monogram_6.png",,lifestyle,,detail,,scale,,alternate,1,0796_,https://mb1advancedsolutions.github.io/mb1-catalog/index.html?design=0796,
0797,MB1-0797,Split Letter Monogram 7,family & name,"https://res.cloudinary.com/oxygre42/image/upload/f_auto,q_auto,c_pad,b_white,w_1200,h_1200/v1788350090/0797_Split_Letter_Monogram_7.png","https://res.cloudinary.com/oxygre42/image/upload/f_auto,q_auto,c_pad,b_white,w_500,h_500/v1788350090/0797_Split_Letter_Monogram_7.png",,lifestyle,,detail,,scale,,alternate,1,0797_,https://mb1advancedsolutions.github.io/mb1-catalog/index.html?design=0797,
0798,MB1-0798,Split Letter Monogram 8,family & name,"https://res.cloudinary.com/oxygre42/image/upload/f_auto,q_auto,c_pad,b_white,w_1200,h_1200/v1788350092/0798_Split_Letter_Monogram_8.png","https://res.cloudinary.com/oxygre42/image/upload/f_auto,q_auto,c_pad,b_white,w_500,h_500/v1788350092/0798_Split_Letter_Monogram_8.png",,lifestyle,,detail,,scale,,alternate,1,0798_,https://mb1advancedsolutions.github.io/mb1-catalog/index.html?design=0798,
0799,MB1-0799,Split Letter Monogram 9,family & name,"https://res.cloudinary.com/oxygre42/image/upload/f_auto,q_auto,c_pad,b_white,w_1200,h_1200/v1788350093/0799_Split_Letter_Monogram_9.png","https://res.cloudinary.com/oxygre42/image/upload/f_auto,q_auto,c_pad,b_white,w_500,h_500/v1788350093/0799_Split_Letter_Monogram_9.png",,lifestyle,,detail,,scale,,alternate,1,0799_,https://mb1advancedsolutions.github.io/mb1-catalog/index.html?design=0799,
0800,MB1-0800,moon and back 1,home decor and inspirational,"https://res.cloudinary.com/oxygre42/image/upload/f_auto,q_auto,c_pad,b_white,w_1200,h_1200/v1788350095/0800_moon_and_back_1.png","https://res.cloudinary.com/oxygre42/image/upload/f_auto,q_auto,c_pad,b_white,w_500,h_500/v1788350095/0800_moon_and_back_1.png",,lifestyle,,detail,,scale,,alternate,1,0800_,https://mb1advancedsolutions.github.io/mb1-catalog/index.html?design=0800,
0801,MB1-0801,moon and back 2,home decor and inspirational,"https://res.cloudinary.com/oxygre42/image/upload/f_auto,q_auto,c_pad,b_white,w_1200,h_1200/v1788350097/0801_moon_and_back_2.png","https://res.cloudinary.com/oxygre42/image/upload/f_auto,q_auto,c_pad,b_white,w_500,h_500/v1788350097/0801_moon_and_back_2.png",,lifestyle,,detail,,scale,,alternate,1,0801_,https://mb1advancedsolutions.github.io/mb1-catalog/index.html?design=0801,
0802,MB1-0802,moon and back 3,home decor and inspirational,"https://res.cloudinary.com/oxygre42/image/upload/f_auto,q_auto,c_pad,b_white,w_1200,h_1200/v1788350099/0802_moon_and_back_3.png","https://res.cloudinary.com/oxygre42/image/upload/f_auto,q_auto,c_pad,b_white,w_500,h_500/v1788350099/0802_moon_and_back_3.png",,lifestyle,,detail,,scale,,alternate,1,0802_,https://mb1advancedsolutions.github.io/mb1-catalog/index.html?design=0802,
0803,MB1-0803,moon and back 4,home decor and inspirational,"https://res.cloudinary.com/oxygre42/image/upload/f_auto,q_auto,c_pad,b_white,w_1200,h_1200/v1788350101/0803_moon_and_back_4.png","https://res.cloudinary.com/oxygre42/image/upload/f_auto,q_auto,c_pad,b_white,w_500,h_500/v1788350101/0803_moon_and_back_4.png",,lifestyle,,detail,,scale,,alternate,1,0803_,https://mb1advancedsolutions.github.io/mb1-catalog/index.html?design=0803,
0804,MB1-0804,moon and back 5,home decor and inspirational,"https://res.cloudinary.com/oxygre42/image/upload/f_auto,q_auto,c_pad,b_white,w_1200,h_1200/v1788350103/0804_moon_and_back_5.png","https://res.cloudinary.com/oxygre42/image/upload/f_auto,q_auto,c_pad,b_white,w_500,h_500/v1788350103/0804_moon_and_back_5.png",,lifestyle,,detail,,scale,,alternate,1,0804_,https://mb1advancedsolutions.github.io/mb1-catalog/index.html?design=0804,
0805,MB1-0805,moon and back 6,home decor and inspirational,"https://res.cloudinary.com/oxygre42/image/upload/f_auto,q_auto,c_pad,b_white,w_1200,h_1200/v1788350105/0805_moon_and_back_6.png","https://res.cloudinary.com/oxygre42/image/upload/f_auto,q_auto,c_pad,b_white,w_500,h_500/v1788350105/0805_moon_and_back_6.png",,lifestyle,,detail,,scale,,alternate,1,0805_,https://mb1advancedsolutions.github.io/mb1-catalog/index.html?design=0805,
0806,MB1-0806,moon and back 7,home decor and inspirational,"https://res.cloudinary.com/oxygre42/image/upload/f_auto,q_auto,c_pad,b_white,w_1200,h_1200/v1788350107/0806_moon_and_back_7.png","https://res.cloudinary.com/oxygre42/image/upload/f_auto,q_auto,c_pad,b_white,w_500,h_500/v1788350107/0806_moon_and_back_7.png",,lifestyle,,detail,,scale,,alternate,1,0806_,https://mb1advancedsolutions.github.io/mb1-catalog/index.html?design=0806,
0807,MB1-0807,moon and back 8,home decor and inspirational,"https://res.cloudinary.com/oxygre42/image/upload/f_auto,q_auto,c_pad,b_white,w_1200,h_1200/v1788350108/0807_moon_and_back_8.png","https://res.cloudinary.com/oxygre42/image/upload/f_auto,q_auto,c_pad,b_white,w_500,h_500/v1788350108/0807_moon_and_back_8.png",,lifestyle,,detail,,scale,,alternate,1,0807_,https://mb1advancedsolutions.github.io/mb1-catalog/index.html?design=0807,
0808,MB1-0808,MOTHER 1,family & name,"https://res.cloudinary.com/oxygre42/image/upload/f_auto,q_auto,c_pad,b_white,w_1200,h_1200/v1788350110/0808_MOTHER_1.png","https://res.cloudinary.com/oxygre42/image/upload/f_auto,q_auto,c_pad,b_white,w_500,h_500/v1788350110/0808_MOTHER_1.png",,lifestyle,,detail,,scale,,alternate,1,0808_,https://mb1advancedsolutions.github.io/mb1-catalog/index.html?design=0808,
0809,MB1-0809,MOTHER 10,family & name,"https://res.cloudinary.com/oxygre42/image/upload/f_auto,q_auto,c_pad,b_white,w_1200,h_1200/v1788350112/0809_MOTHER_10.png","https://res.cloudinary.com/oxygre42/image/upload/f_auto,q_auto,c_pad,b_white,w_500,h_500/v1788350112/0809_MOTHER_10.png",,lifestyle,,detail,,scale,,alternate,1,0809_,https://mb1advancedsolutions.github.io/mb1-catalog/index.html?design=0809,
0810,MB1-0810,MOTHER 11,family & name,"https://res.cloudinary.com/oxygre42/image/upload/f_auto,q_auto,c_pad,b_white,w_1200,h_1200/v1788350114/0810_MOTHER_11.png","https://res.cloudinary.com/oxygre42/image/upload/f_auto,q_auto,c_pad,b_white,w_500,h_500/v1788350114/0810_MOTHER_11.png",,lifestyle,,detail,,scale,,alternate,1,0810_,https://mb1advancedsolutions.github.io/mb1-catalog/index.html?design=0810,
0811,MB1-0811,MOTHER 12,family & name,"https://res.cloudinary.com/oxygre42/image/upload/f_auto,q_auto,c_pad,b_white,w_1200,h_1200/v1788350116/0811_MOTHER_12.png","https://res.cloudinary.com/oxygre42/image/upload/f_auto,q_auto,c_pad,b_white,w_500,h_500/v1788350116/0811_MOTHER_12.png",,lifestyle,,detail,,scale,,alternate,1,0811_,https://mb1advancedsolutions.github.io/mb1-catalog/index.html?design=0811,
0812,MB1-0812,MOTHER 13,family & name,"https://res.cloudinary.com/oxygre42/image/upload/f_auto,q_auto,c_pad,b_white,w_1200,h_1200/v1788350118/0812_MOTHER_13.png","https://res.cloudinary.com/oxygre42/image/upload/f_auto,q_auto,c_pad,b_white,w_500,h_500/v1788350118/0812_MOTHER_13.png",,lifestyle,,detail,,scale,,alternate,1,0812_,https://mb1advancedsolutions.github.io/mb1-catalog/index.html?design=0812,
0813,MB1-0813,MOTHER 14,family & name,"https://res.cloudinary.com/oxygre42/image/upload/f_auto,q_auto,c_pad,b_white,w_1200,h_1200/v1788350120/0813_MOTHER_14.png","https://res.cloudinary.com/oxygre42/image/upload/f_auto,q_auto,c_pad,b_white,w_500,h_500/v1788350120/0813_MOTHER_14.png",,lifestyle,,detail,,scale,,alternate,1,0813_,https://mb1advancedsolutions.github.io/mb1-catalog/index.html?design=0813,
0814,MB1-0814,MOTHER 15,family & name,"https://res.cloudinary.com/oxygre42/image/upload/f_auto,q_auto,c_pad,b_white,w_1200,h_1200/v1788350122/0814_MOTHER_15.png","https://res.cloudinary.com/oxygre42/image/upload/f_auto,q_auto,c_pad,b_white,w_500,h_500/v1788350122/0814_MOTHER_15.png",,lifestyle,,detail,,scale,,alternate,1,0814_,https://mb1advancedsolutions.github.io/mb1-catalog/index.html?design=0814,
0815,MB1-0815,MOTHER 16,family & name,"https://res.cloudinary.com/oxygre42/image/upload/f_auto,q_auto,c_pad,b_white,w_1200,h_1200/v1788350124/0815_MOTHER_16.png","https://res.cloudinary.com/oxygre42/image/upload/f_auto,q_auto,c_pad,b_white,w_500,h_500/v1788350124/0815_MOTHER_16.png",,lifestyle,,detail,,scale,,alternate,1,0815_,https://mb1advancedsolutions.github.io/mb1-catalog/index.html?design=0815,
0816,MB1-0816,MOTHER 17,family & name,"https://res.cloudinary.com/oxygre42/image/upload/f_auto,q_auto,c_pad,b_white,w_1200,h_1200/v1788350125/0816_MOTHER_17.png","https://res.cloudinary.com/oxygre42/image/upload/f_auto,q_auto,c_pad,b_white,w_500,h_500/v1788350125/0816_MOTHER_17.png",,lifestyle,,detail,,scale,,alternate,1,0816_,https://mb1advancedsolutions.github.io/mb1-catalog/index.html?design=0816,
0817,MB1-0817,MOTHER 18,family & name,"https://res.cloudinary.com/oxygre42/image/upload/f_auto,q_auto,c_pad,b_white,w_1200,h_1200/v1788350127/0817_MOTHER_18.png","https://res.cloudinary.com/oxygre42/image/upload/f_auto,q_auto,c_pad,b_white,w_500,h_500/v1788350127/0817_MOTHER_18.png",,lifestyle,,detail,,scale,,alternate,1,0817_,https://mb1advancedsolutions.github.io/mb1-catalog/index.html?design=0817,
0818,MB1-0818,MOTHER 2,family & name,"https://res.cloudinary.com/oxygre42/image/upload/f_auto,q_auto,c_pad,b_white,w_1200,h_1200/v1788350129/0818_MOTHER_2.png","https://res.cloudinary.com/oxygre42/image/upload/f_auto,q_auto,c_pad,b_white,w_500,h_500/v1788350129/0818_MOTHER_2.png",,lifestyle,,detail,,scale,,alternate,1,0818_,https://mb1advancedsolutions.github.io/mb1-catalog/index.html?design=0818,
0819,MB1-0819,MOTHER 3,family & name,"https://res.cloudinary.com/oxygre42/image/upload/f_auto,q_auto,c_pad,b_white,w_1200,h_1200/v1788350131/0819_MOTHER_3.png","https://res.cloudinary.com/oxygre42/image/upload/f_auto,q_auto,c_pad,b_white,w_500,h_500/v1788350131/0819_MOTHER_3.png",,lifestyle,,detail,,scale,,alternate,1,0819_,https://mb1advancedsolutions.github.io/mb1-catalog/index.html?design=0819,
0820,MB1-0820,MOTHER 4,family & name,"https://res.cloudinary.com/oxygre42/image/upload/f_auto,q_auto,c_pad,b_white,w_1200,h_1200/v1788350133/0820_MOTHER_4.png","https://res.cloudinary.com/oxygre42/image/upload/f_auto,q_auto,c_pad,b_white,w_500,h_500/v1788350133/0820_MOTHER_4.png",,lifestyle,,detail,,scale,,alternate,1,0820_,https://mb1advancedsolutions.github.io/mb1-catalog/index.html?design=0820,
0821,MB1-0821,MOTHER 5,family & name,"https://res.cloudinary.com/oxygre42/image/upload/f_auto,q_auto,c_pad,b_white,w_1200,h_1200/v1788350135/0821_MOTHER_5.png","https://res.cloudinary.com/oxygre42/image/upload/f_auto,q_auto,c_pad,b_white,w_500,h_500/v1788350135/0821_MOTHER_5.png",,lifestyle,,detail,,scale,,alternate,1,0821_,https://mb1advancedsolutions.github.io/mb1-catalog/index.html?design=0821,
0822,MB1-0822,MOTHER 6,family & name,"https://res.cloudinary.com/oxygre42/image/upload/f_auto,q_auto,c_pad,b_white,w_1200,h_1200/v1788350137/0822_MOTHER_6.png","https://res.cloudinary.com/oxygre42/image/upload/f_auto,q_auto,c_pad,b_white,w_500,h_500/v1788350137/0822_MOTHER_6.png",,lifestyle,,detail,,scale,,alternate,1,0822_,https://mb1advancedsolutions.github.io/mb1-catalog/index.html?design=0822,
0823,MB1-0823,MOTHER 7,family & name,"https://res.cloudinary.com/oxygre42/image/upload/f_auto,q_auto,c_pad,b_white,w_1200,h_1200/v1788350138/0823_MOTHER_7.png","https://res.cloudinary.com/oxygre42/image/upload/f_auto,q_auto,c_pad,b_white,w_500,h_500/v1788350138/0823_MOTHER_7.png",,lifestyle,,detail,,scale,,alternate,1,0823_,https://mb1advancedsolutions.github.io/mb1-catalog/index.html?design=0823,
0824,MB1-0824,MOTHER 8,family & name,"https://res.cloudinary.com/oxygre42/image/upload/f_auto,q_auto,c_pad,b_white,w_1200,h_1200/v1788350140/0824_MOTHER_8.png","https://res.cloudinary.com/oxygre42/image/upload/f_auto,q_auto,c_pad,b_white,w_500,h_500/v1788350140/0824_MOTHER_8.png",,lifestyle,,detail,,scale,,alternate,1,0824_,https://mb1advancedsolutions.github.io/mb1-catalog/index.html?design=0824,
0825,MB1-0825,MOTHER 9,family & name,"https://res.cloudinary.com/oxygre42/image/upload/f_auto,q_auto,c_pad,b_white,w_1200,h_1200/v1788350142/0825_MOTHER_9.png","https://res.cloudinary.com/oxygre42/image/upload/f_auto,q_auto,c_pad,b_white,w_500,h_500/v1788350142/0825_MOTHER_9.png",,lifestyle,,detail,,scale,,alternate,1,0825_,https://mb1advancedsolutions.github.io/mb1-catalog/index.html?design=0825,
0827,MB1-0827,10 mm socket memorial,memorial and tribute,"https://res.cloudinary.com/oxygre42/image/upload/f_auto,q_auto,c_pad,b_white,w_1200,h_1200/v1788350146/0827_10_mm_socket_memorial.jpg","https://res.cloudinary.com/oxygre42/image/upload/f_auto,q_auto,c_pad,b_white,w_500,h_500/v1788350146/0827_10_mm_socket_memorial.jpg",,lifestyle,,detail,,scale,,alternate,1,0827_,https://mb1advancedsolutions.github.io/mb1-catalog/index.html?design=0827,
0828,MB1-0828,2 Koi 2 Lotus soft eyes,wildlife and outdoors,"https://res.cloudinary.com/oxygre42/image/upload/f_auto,q_auto,c_pad,b_white,w_1200,h_1200/v1788350148/0828_2_Koi_2_Lotus_soft_eyes.png","https://res.cloudinary.com/oxygre42/image/upload/f_auto,q_auto,c_pad,b_white,w_500,h_500/v1788350148/0828_2_Koi_2_Lotus_soft_eyes.png",,lifestyle,,detail,,scale,,alternate,1,0828_,https://mb1advancedsolutions.github.io/mb1-catalog/index.html?design=0828,
0829,MB1-0829,2 owls in tree,home decor and inspirational,"https://res.cloudinary.com/oxygre42/image/upload/f_auto,q_auto,c_pad,b_white,w_1200,h_1200/v1788350150/0829_2_owls_in_tree.png","https://res.cloudinary.com/oxygre42/image/upload/f_auto,q_auto,c_pad,b_white,w_500,h_500/v1788350150/0829_2_owls_in_tree.png",,lifestyle,,detail,,scale,,alternate,1,0829_,https://mb1advancedsolutions.github.io/mb1-catalog/index.html?design=0829,
0830,MB1-0830,2 tattoo guns sign cut,sports and hobbies,"https://res.cloudinary.com/oxygre42/image/upload/f_auto,q_auto,c_pad,b_white,w_1200,h_1200/v1788350152/0830_2_tattoo_guns_sign_cut.png","https://res.cloudinary.com/oxygre42/image/upload/f_auto,q_auto,c_pad,b_white,w_500,h_500/v1788350152/0830_2_tattoo_guns_sign_cut.png",,lifestyle,,detail,,scale,,alternate,1,0830_,https://mb1advancedsolutions.github.io/mb1-catalog/index.html?design=0830,
0831,MB1-0831,2A Eagle,wildlife and outdoors,"https://res.cloudinary.com/oxygre42/image/upload/f_auto,q_auto,c_pad,b_white,w_1200,h_1200/v1788350154/0831_2A_Eagle.png","https://res.cloudinary.com/oxygre42/image/upload/f_auto,q_auto,c_pad,b_white,w_500,h_500/v1788350154/0831_2A_Eagle.png",,lifestyle,,detail,,scale,,alternate,1,0831_,https://mb1advancedsolutions.github.io/mb1-catalog/index.html?design=0831,
0832,MB1-0832,2A Shall Not Be Infringed,home decor and inspirational,"https://res.cloudinary.com/oxygre42/image/upload/f_auto,q_auto,c_pad,b_white,w_1200,h_1200/v1788350155/0832_2A_Shall_Not_Be_Infringed.png","https://res.cloudinary.com/oxygre42/image/upload/f_auto,q_auto,c_pad,b_white,w_500,h_500/v1788350155/0832_2A_Shall_Not_Be_Infringed.png",,lifestyle,,detail,,scale,,alternate,1,0832_,https://mb1advancedsolutions.github.io/mb1-catalog/index.html?design=0832,
0833,MB1-0833,2AShallNotBeInfringed,home decor and inspirational,"https://res.cloudinary.com/oxygre42/image/upload/f_auto,q_auto,c_pad,b_white,w_1200,h_1200/v1788350157/0833_2AShallNotBeInfringed.png","https://res.cloudinary.com/oxygre42/image/upload/f_auto,q_auto,c_pad,b_white,w_500,h_500/v1788350157/0833_2AShallNotBeInfringed.png",,lifestyle,,detail,,scale,,alternate,1,0833_,https://mb1advancedsolutions.github.io/mb1-catalog/index.html?design=0833,
0834,MB1-0834,3 Hearts,home decor and inspirational,"https://res.cloudinary.com/oxygre42/image/upload/f_auto,q_auto,c_pad,b_white,w_1200,h_1200/v1788350159/0834_3_Hearts.png","https://res.cloudinary.com/oxygre42/image/upload/f_auto,q_auto,c_pad,b_white,w_500,h_500/v1788350159/0834_3_Hearts.png",,lifestyle,,detail,,scale,,alternate,1,0834_,https://mb1advancedsolutions.github.io/mb1-catalog/index.html?design=0834,
0835,MB1-0835,3 pumpkins large,seasonal and holiday,"https://res.cloudinary.com/oxygre42/image/upload/f_auto,q_auto,c_pad,b_white,w_1200,h_1200/v1788350161/0835_3_pumpkins_large.png","https://res.cloudinary.com/oxygre42/image/upload/f_auto,q_auto,c_pad,b_white,w_500,h_500/v1788350161/0835_3_pumpkins_large.png",,lifestyle,,detail,,scale,,alternate,1,0835_,https://mb1advancedsolutions.github.io/mb1-catalog/index.html?design=0835,
0836,MB1-0836,4 Arrows,home decor and inspirational,"https://res.cloudinary.com/oxygre42/image/upload/f_auto,q_auto,c_pad,b_white,w_1200,h_1200/v1788350163/0836_4_Arrows.png","https://res.cloudinary.com/oxygre42/image/upload/f_auto,q_auto,c_pad,b_white,w_500,h_500/v1788350163/0836_4_Arrows.png",,lifestyle,,detail,,scale,,alternate,1,0836_,https://mb1advancedsolutions.github.io/mb1-catalog/index.html?design=0836,
0842,MB1-0842,AR 15 rifle,sports and hobbies,"https://res.cloudinary.com/oxygre42/image/upload/f_auto,q_auto,c_pad,b_white,w_1200,h_1200/v1788350174/0842_AR_15_rifle.png","https://res.cloudinary.com/oxygre42/image/upload/f_auto,q_auto,c_pad,b_white,w_500,h_500/v1788350174/0842_AR_15_rifle.png",,lifestyle,,detail,,scale,,alternate,1,0842_,https://mb1advancedsolutions.github.io/mb1-catalog/index.html?design=0842,
0843,MB1-0843,Address Welcome Plaque,address and property,"https://res.cloudinary.com/oxygre42/image/upload/f_auto,q_auto,c_pad,b_white,w_1200,h_1200/v1788350180/0843_Address_Welcome_Plaque.png","https://res.cloudinary.com/oxygre42/image/upload/f_auto,q_auto,c_pad,b_white,w_500,h_500/v1788350180/0843_Address_Welcome_Plaque.png",,lifestyle,,detail,,scale,,alternate,1,0843_,https://mb1advancedsolutions.github.io/mb1-catalog/index.html?design=0843,
0846,MB1-0846,Always Do What You Love,home decor and inspirational,"https://res.cloudinary.com/oxygre42/image/upload/f_auto,q_auto,c_pad,b_white,w_1200,h_1200/v1788350185/0846_Always_Do_What_You_Love.png","https://res.cloudinary.com/oxygre42/image/upload/f_auto,q_auto,c_pad,b_white,w_500,h_500/v1788350185/0846_Always_Do_What_You_Love.png",,lifestyle,,detail,,scale,,alternate,1,0846_,https://mb1advancedsolutions.github.io/mb1-catalog/index.html?design=0846,
0847,MB1-0847,Always and forever infinity,home decor and inspirational,"https://res.cloudinary.com/oxygre42/image/upload/f_auto,q_auto,c_pad,b_white,w_1200,h_1200/v1788350187/0847_Always_and_forever_infinity.png","https://res.cloudinary.com/oxygre42/image/upload/f_auto,q_auto,c_pad,b_white,w_500,h_500/v1788350187/0847_Always_and_forever_infinity.png",,lifestyle,,detail,,scale,,alternate,1,0847_,https://mb1advancedsolutions.github.io/mb1-catalog/index.html?design=0847,
0848,MB1-0848,American Flag Saw,seasonal and holiday,"https://res.cloudinary.com/oxygre42/image/upload/f_auto,q_auto,c_pad,b_white,w_1200,h_1200/v1788350189/0848_American_Flag_Saw.png","https://res.cloudinary.com/oxygre42/image/upload/f_auto,q_auto,c_pad,b_white,w_500,h_500/v1788350189/0848_American_Flag_Saw.png",,lifestyle,,detail,,scale,,alternate,1,0848_,https://mb1advancedsolutions.github.io/mb1-catalog/index.html?design=0848,
0852,MB1-0852,Angel,home decor and inspirational,"https://res.cloudinary.com/oxygre42/image/upload/f_auto,q_auto,c_pad,b_white,w_1200,h_1200/v1788350191/0852_Angel.png","https://res.cloudinary.com/oxygre42/image/upload/f_auto,q_auto,c_pad,b_white,w_500,h_500/v1788350191/0852_Angel.png",,lifestyle,,detail,,scale,,alternate,1,0852_,https://mb1advancedsolutions.github.io/mb1-catalog/index.html?design=0852,
0853,MB1-0853,Arcade,sports and hobbies,"https://res.cloudinary.com/oxygre42/image/upload/f_auto,q_auto,c_pad,b_white,w_1200,h_1200/v1788350193/0853_Arcade.png","https://res.cloudinary.com/oxygre42/image/upload/f_auto,q_auto,c_pad,b_white,w_500,h_500/v1788350193/0853_Arcade.png",,lifestyle,,detail,,scale,,alternate,1,0853_,https://mb1advancedsolutions.github.io/mb1-catalog/index.html?design=0853,
0854,MB1-0854,Arrow Dream catcher,home decor and inspirational,"https://res.cloudinary.com/oxygre42/image/upload/f_auto,q_auto,c_pad,b_white,w_1200,h_1200/v1788350194/0854_Arrow_Dream_catcher.png","https://res.cloudinary.com/oxygre42/image/upload/f_auto,q_auto,c_pad,b_white,w_500,h_500/v1788350194/0854_Arrow_Dream_catcher.png",,lifestyle,,detail,,scale,,alternate,1,0854_,https://mb1advancedsolutions.github.io/mb1-catalog/index.html?design=0854,
0855,MB1-0855,Atlas,home decor and inspirational,"https://res.cloudinary.com/oxygre42/image/upload/f_auto,q_auto,c_pad,b_white,w_1200,h_1200/v1788350196/0855_Atlas.png","https://res.cloudinary.com/oxygre42/image/upload/f_auto,q_auto,c_pad,b_white,w_500,h_500/v1788350196/0855_Atlas.png",,lifestyle,,detail,,scale,,alternate,1,0855_,https://mb1advancedsolutions.github.io/mb1-catalog/index.html?design=0855,
0856,MB1-0856,BBQ Pig 2,sports and hobbies,"https://res.cloudinary.com/oxygre42/image/upload/f_auto,q_auto,c_pad,b_white,w_1200,h_1200/v1788350198/0856_BBQ_Pig_2.png","https://res.cloudinary.com/oxygre42/image/upload/f_auto,q_auto,c_pad,b_white,w_500,h_500/v1788350198/0856_BBQ_Pig_2.png",,lifestyle,,detail,,scale,,alternate,1,0856_,https://mb1advancedsolutions.github.io/mb1-catalog/index.html?design=0856,
0857,MB1-0857,BBQ Pig and utensils,sports and hobbies,"https://res.cloudinary.com/oxygre42/image/upload/f_auto,q_auto,c_pad,b_white,w_1200,h_1200/v1788350200/0857_BBQ_Pig_and_utensils.png","https://res.cloudinary.com/oxygre42/image/upload/f_auto,q_auto,c_pad,b_white,w_500,h_500/v1788350200/0857_BBQ_Pig_and_utensils.png",,lifestyle,,detail,,scale,,alternate,1,0857_,https://mb1advancedsolutions.github.io/mb1-catalog/index.html?design=0857,
0858,MB1-0858,BBQ Pig,sports and hobbies,"https://res.cloudinary.com/oxygre42/image/upload/f_auto,q_auto,c_pad,b_white,w_1200,h_1200/v1788350202/0858_BBQ_Pig.png","https://res.cloudinary.com/oxygre42/image/upload/f_auto,q_auto,c_pad,b_white,w_500,h_500/v1788350202/0858_BBQ_Pig.png",,lifestyle,,detail,,scale,,alternate,1,0858_,https://mb1advancedsolutions.github.io/mb1-catalog/index.html?design=0858,
0860,MB1-0860,Bar,sports and hobbies,"https://res.cloudinary.com/oxygre42/image/upload/f_auto,q_auto,c_pad,b_white,w_1200,h_1200/v1788350206/0860_Bar.png","https://res.cloudinary.com/oxygre42/image/upload/f_auto,q_auto,c_pad,b_white,w_500,h_500/v1788350206/0860_Bar.png",,lifestyle,,detail,,scale,,alternate,1,0860_,https://mb1advancedsolutions.github.io/mb1-catalog/index.html?design=0860,
0861,MB1-0861,Barb wire framed cross,home decor and inspirational,"https://res.cloudinary.com/oxygre42/image/upload/f_auto,q_auto,c_pad,b_white,w_1200,h_1200/v1788350208/0861_Barb_wire_framed_cross.png","https://res.cloudinary.com/oxygre42/image/upload/f_auto,q_auto,c_pad,b_white,w_500,h_500/v1788350208/0861_Barb_wire_framed_cross.png",,lifestyle,,detail,,scale,,alternate,1,0861_,https://mb1advancedsolutions.github.io/mb1-catalog/index.html?design=0861,
0862,MB1-0862,Bed and Breakfast,home decor and inspirational,"https://res.cloudinary.com/oxygre42/image/upload/f_auto,q_auto,c_pad,b_white,w_1200,h_1200/v1788350209/0862_Bed_and_Breakfast.png","https://res.cloudinary.com/oxygre42/image/upload/f_auto,q_auto,c_pad,b_white,w_500,h_500/v1788350209/0862_Bed_and_Breakfast.png",,lifestyle,,detail,,scale,,alternate,1,0862_,https://mb1advancedsolutions.github.io/mb1-catalog/index.html?design=0862,
0863,MB1-0863,Beef cuts,farm and western,"https://res.cloudinary.com/oxygre42/image/upload/f_auto,q_auto,c_pad,b_white,w_1200,h_1200/v1788350211/0863_Beef_cuts.png","https://res.cloudinary.com/oxygre42/image/upload/f_auto,q_auto,c_pad,b_white,w_500,h_500/v1788350211/0863_Beef_cuts.png",,lifestyle,,detail,,scale,,alternate,1,0863_,https://mb1advancedsolutions.github.io/mb1-catalog/index.html?design=0863,
0864,MB1-0864,Beer Barrel,sports and hobbies,"https://res.cloudinary.com/oxygre42/image/upload/f_auto,q_auto,c_pad,b_white,w_1200,h_1200/v1788350213/0864_Beer_Barrel.png","https://res.cloudinary.com/oxygre42/image/upload/f_auto,q_auto,c_pad,b_white,w_500,h_500/v1788350213/0864_Beer_Barrel.png",,lifestyle,,detail,,scale,,alternate,1,0864_,https://mb1advancedsolutions.github.io/mb1-catalog/index.html?design=0864,
0865,MB1-0865,Beer Stein Shakespeare,sports and hobbies,"https://res.cloudinary.com/oxygre42/image/upload/f_auto,q_auto,c_pad,b_white,w_1200,h_1200/v1788350215/0865_Beer_Stein_Shakespeare.png","https://res.cloudinary.com/oxygre42/image/upload/f_auto,q_auto,c_pad,b_white,w_500,h_500/v1788350215/0865_Beer_Stein_Shakespeare.png",,lifestyle,,detail,,scale,,alternate,1,0865_,https://mb1advancedsolutions.github.io/mb1-catalog/index.html?design=0865,
0866,MB1-0866,Beer Tap Handle,sports and hobbies,"https://res.cloudinary.com/oxygre42/image/upload/f_auto,q_auto,c_pad,b_white,w_1200,h_1200/v1788350217/0866_Beer_Tap_Handle.png","https://res.cloudinary.com/oxygre42/image/upload/f_auto,q_auto,c_pad,b_white,w_500,h_500/v1788350217/0866_Beer_Tap_Handle.png",,lifestyle,,detail,,scale,,alternate,1,0866_,https://mb1advancedsolutions.github.io/mb1-catalog/index.html?design=0866,
0867,MB1-0867,Believe,home decor and inspirational,"https://res.cloudinary.com/oxygre42/image/upload/f_auto,q_auto,c_pad,b_white,w_1200,h_1200/v1788350223/0867_Believe.png","https://res.cloudinary.com/oxygre42/image/upload/f_auto,q_auto,c_pad,b_white,w_500,h_500/v1788350223/0867_Believe.png",,lifestyle,,detail,,scale,,alternate,1,0867_,https://mb1advancedsolutions.github.io/mb1-catalog/index.html?design=0867,
0868,MB1-0868,Beware of dog,address and property,"https://res.cloudinary.com/oxygre42/image/upload/f_auto,q_auto,c_pad,b_white,w_1200,h_1200/v1788350224/0868_Beware_of_dog.png","https://res.cloudinary.com/oxygre42/image/upload/f_auto,q_auto,c_pad,b_white,w_500,h_500/v1788350224/0868_Beware_of_dog.png",,lifestyle,,detail,,scale,,alternate,1,0868_,https://mb1advancedsolutions.github.io/mb1-catalog/index.html?design=0868,
0869,MB1-0869,Biohazard skull,home decor and inspirational,"https://res.cloudinary.com/oxygre42/image/upload/f_auto,q_auto,c_pad,b_white,w_1200,h_1200/v1788350223/0869_Biohazard_skull.png","https://res.cloudinary.com/oxygre42/image/upload/f_auto,q_auto,c_pad,b_white,w_500,h_500/v1788350223/0869_Biohazard_skull.png",,lifestyle,,detail,,scale,,alternate,1,0869_,https://mb1advancedsolutions.github.io/mb1-catalog/index.html?design=0869,
0870,MB1-0870,Blessed,home decor and inspirational,"https://res.cloudinary.com/oxygre42/image/upload/f_auto,q_auto,c_pad,b_white,w_1200,h_1200/v1788350224/0870_Blessed.png","https://res.cloudinary.com/oxygre42/image/upload/f_auto,q_auto,c_pad,b_white,w_500,h_500/v1788350224/0870_Blessed.png",,lifestyle,,detail,,scale,,alternate,1,0870_,https://mb1advancedsolutions.github.io/mb1-catalog/index.html?design=0870,
0871,MB1-0871,Bought Not Built,home decor and inspirational,"https://res.cloudinary.com/oxygre42/image/upload/f_auto,q_auto,c_pad,b_white,w_1200,h_1200/v1788350227/0871_Bought_Not_Built.png","https://res.cloudinary.com/oxygre42/image/upload/f_auto,q_auto,c_pad,b_white,w_500,h_500/v1788350227/0871_Bought_Not_Built.png",,lifestyle,,detail,,scale,,alternate,1,0871_,https://mb1advancedsolutions.github.io/mb1-catalog/index.html?design=0871,
0872,MB1-0872,Bride and Groom 2,wedding and events,"https://res.cloudinary.com/oxygre42/image/upload/f_auto,q_auto,c_pad,b_white,w_1200,h_1200/v1788350229/0872_Bride_and_Groom_2.png","https://res.cloudinary.com/oxygre42/image/upload/f_auto,q_auto,c_pad,b_white,w_500,h_500/v1788350229/0872_Bride_and_Groom_2.png",,lifestyle,,detail,,scale,,alternate,1,0872_,https://mb1advancedsolutions.github.io/mb1-catalog/index.html?design=0872,
0873,MB1-0873,Built Not Bought 2,home decor and inspirational,"https://res.cloudinary.com/oxygre42/image/upload/f_auto,q_auto,c_pad,b_white,w_1200,h_1200/v1788350231/0873_Built_Not_Bought_2.png","https://res.cloudinary.com/oxygre42/image/upload/f_auto,q_auto,c_pad,b_white,w_500,h_500/v1788350231/0873_Built_Not_Bought_2.png",,lifestyle,,detail,,scale,,alternate,1,0873_,https://mb1advancedsolutions.github.io/mb1-catalog/index.html?design=0873,
0874,MB1-0874,Built Not Bought,home decor and inspirational,"https://res.cloudinary.com/oxygre42/image/upload/f_auto,q_auto,c_pad,b_white,w_1200,h_1200/v1788350232/0874_Built_Not_Bought.png","https://res.cloudinary.com/oxygre42/image/upload/f_auto,q_auto,c_pad,b_white,w_500,h_500/v1788350232/0874_Built_Not_Bought.png",,lifestyle,,detail,,scale,,alternate,1,0874_,https://mb1advancedsolutions.github.io/mb1-catalog/index.html?design=0874,
0875,MB1-0875,Butterflies and heart,wildlife and outdoors,"https://res.cloudinary.com/oxygre42/image/upload/f_auto,q_auto,c_pad,b_white,w_1200,h_1200/v1788350234/0875_Butterflies_and_heart.png","https://res.cloudinary.com/oxygre42/image/upload/f_auto,q_auto,c_pad,b_white,w_500,h_500/v1788350234/0875_Butterflies_and_heart.png",,lifestyle,,detail,,scale,,alternate,1,0875_,https://mb1advancedsolutions.github.io/mb1-catalog/index.html?design=0875,
0878,MB1-0878,Camp oval,wildlife and outdoors,"https://res.cloudinary.com/oxygre42/image/upload/f_auto,q_auto,c_pad,b_white,w_1200,h_1200/v1788350239/0878_Camp_oval.png","https://res.cloudinary.com/oxygre42/image/upload/f_auto,q_auto,c_pad,b_white,w_500,h_500/v1788350239/0878_Camp_oval.png",,lifestyle,,detail,,scale,,alternate,1,0878_,https://mb1advancedsolutions.github.io/mb1-catalog/index.html?design=0878,
0879,MB1-0879,Camper name plate,wildlife and outdoors,"https://res.cloudinary.com/oxygre42/image/upload/f_auto,q_auto,c_pad,b_white,w_1200,h_1200/v1788350241/0879_Camper_name_plate.png","https://res.cloudinary.com/oxygre42/image/upload/f_auto,q_auto,c_pad,b_white,w_500,h_500/v1788350241/0879_Camper_name_plate.png",,lifestyle,,detail,,scale,,alternate,1,0879_,https://mb1advancedsolutions.github.io/mb1-catalog/index.html?design=0879,
0880,MB1-0880,Celtic heart Cross,home decor and inspirational,"https://res.cloudinary.com/oxygre42/image/upload/f_auto,q_auto,c_pad,b_white,w_1200,h_1200/v1788350243/0880_Celtic_heart_Cross.jpg","https://res.cloudinary.com/oxygre42/image/upload/f_auto,q_auto,c_pad,b_white,w_500,h_500/v1788350243/0880_Celtic_heart_Cross.jpg",,lifestyle,,detail,,scale,,alternate,1,0880_,https://mb1advancedsolutions.github.io/mb1-catalog/index.html?design=0880,
0881,MB1-0881,Celtic tree of life,home decor and inspirational,"https://res.cloudinary.com/oxygre42/image/upload/f_auto,q_auto,c_pad,b_white,w_1200,h_1200/v1788350245/0881_Celtic_tree_of_life.png","https://res.cloudinary.com/oxygre42/image/upload/f_auto,q_auto,c_pad,b_white,w_500,h_500/v1788350245/0881_Celtic_tree_of_life.png",,lifestyle,,detail,,scale,,alternate,1,0881_,https://mb1advancedsolutions.github.io/mb1-catalog/index.html?design=0881,
0883,MB1-0883,Chicken cuts,farm and western,"https://res.cloudinary.com/oxygre42/image/upload/f_auto,q_auto,c_pad,b_white,w_1200,h_1200/v1788350249/0883_Chicken_cuts.png","https://res.cloudinary.com/oxygre42/image/upload/f_auto,q_auto,c_pad,b_white,w_500,h_500/v1788350249/0883_Chicken_cuts.png",,lifestyle,,detail,,scale,,alternate,1,0883_,https://mb1advancedsolutions.github.io/mb1-catalog/index.html?design=0883,
0884,MB1-0884,Christmas tree and truck,seasonal and holiday,"https://res.cloudinary.com/oxygre42/image/upload/f_auto,q_auto,c_pad,b_white,w_1200,h_1200/v1788350250/0884_Christmas_tree_and_truck.jpg","https://res.cloudinary.com/oxygre42/image/upload/f_auto,q_auto,c_pad,b_white,w_500,h_500/v1788350250/0884_Christmas_tree_and_truck.jpg",,lifestyle,,detail,,scale,,alternate,1,0884_,https://mb1advancedsolutions.github.io/mb1-catalog/index.html?design=0884,
0885,MB1-0885,Christmas tree monogram,seasonal and holiday,"https://res.cloudinary.com/oxygre42/image/upload/f_auto,q_auto,c_pad,b_white,w_1200,h_1200/v1788350252/0885_Christmas_tree_monogram.png","https://res.cloudinary.com/oxygre42/image/upload/f_auto,q_auto,c_pad,b_white,w_500,h_500/v1788350252/0885_Christmas_tree_monogram.png",,lifestyle,,detail,,scale,,alternate,1,0885_,https://mb1advancedsolutions.github.io/mb1-catalog/index.html?design=0885,
0886,MB1-0886,Cigar Lounge Version 2,sports and hobbies,"https://res.cloudinary.com/oxygre42/image/upload/f_auto,q_auto,c_pad,b_white,w_1200,h_1200/v1788350254/0886_Cigar_Lounge_Version_2.png","https://res.cloudinary.com/oxygre42/image/upload/f_auto,q_auto,c_pad,b_white,w_500,h_500/v1788350254/0886_Cigar_Lounge_Version_2.png",,lifestyle,,detail,,scale,,alternate,1,0886_,https://mb1advancedsolutions.github.io/mb1-catalog/index.html?design=0886,
0887,MB1-0887,Cigar Lounge,sports and hobbies,"https://res.cloudinary.com/oxygre42/image/upload/f_auto,q_auto,c_pad,b_white,w_1200,h_1200/v1788350256/0887_Cigar_Lounge.png","https://res.cloudinary.com/oxygre42/image/upload/f_auto,q_auto,c_pad,b_white,w_500,h_500/v1788350256/0887_Cigar_Lounge.png",,lifestyle,,detail,,scale,,alternate,1,0887_,https://mb1advancedsolutions.github.io/mb1-catalog/index.html?design=0887,
0888,MB1-0888,Cigar and Bourbon,sports and hobbies,"https://res.cloudinary.com/oxygre42/image/upload/f_auto,q_auto,c_pad,b_white,w_1200,h_1200/v1788350258/0888_Cigar_and_Bourbon.png","https://res.cloudinary.com/oxygre42/image/upload/f_auto,q_auto,c_pad,b_white,w_500,h_500/v1788350258/0888_Cigar_and_Bourbon.png",,lifestyle,,detail,,scale,,alternate,1,0888_,https://mb1advancedsolutions.github.io/mb1-catalog/index.html?design=0888,
0889,MB1-0889,Clap board film strip,sports and hobbies,"https://res.cloudinary.com/oxygre42/image/upload/f_auto,q_auto,c_pad,b_white,w_1200,h_1200/v1788350260/0889_Clap_board_film_strip.jpg","https://res.cloudinary.com/oxygre42/image/upload/f_auto,q_auto,c_pad,b_white,w_500,h_500/v1788350260/0889_Clap_board_film_strip.jpg",,lifestyle,,detail,,scale,,alternate,1,0889_,https://mb1advancedsolutions.github.io/mb1-catalog/index.html?design=0889,
0890,MB1-0890,Coal Miner SKULL,home decor and inspirational,"https://res.cloudinary.com/oxygre42/image/upload/f_auto,q_auto,c_pad,b_white,w_1200,h_1200/v1788350262/0890_Coal_Miner_SKULL.png","https://res.cloudinary.com/oxygre42/image/upload/f_auto,q_auto,c_pad,b_white,w_500,h_500/v1788350262/0890_Coal_Miner_SKULL.png",,lifestyle,,detail,,scale,,alternate,1,0890_,https://mb1advancedsolutions.github.io/mb1-catalog/index.html?design=0890,
0891,MB1-0891,Coffee Shop,home decor and inspirational,"https://res.cloudinary.com/oxygre42/image/upload/f_auto,q_auto,c_pad,b_white,w_1200,h_1200/v1788350264/0891_Coffee_Shop.png","https://res.cloudinary.com/oxygre42/image/upload/f_auto,q_auto,c_pad,b_white,w_500,h_500/v1788350264/0891_Coffee_Shop.png",,lifestyle,,detail,,scale,,alternate,1,0891_,https://mb1advancedsolutions.github.io/mb1-catalog/index.html?design=0891,
0892,MB1-0892,Cold Beer served here,sports and hobbies,"https://res.cloudinary.com/oxygre42/image/upload/f_auto,q_auto,c_pad,b_white,w_1200,h_1200/v1788350265/0892_Cold_Beer_served_here.png","https://res.cloudinary.com/oxygre42/image/upload/f_auto,q_auto,c_pad,b_white,w_500,h_500/v1788350265/0892_Cold_Beer_served_here.png",,lifestyle,,detail,,scale,,alternate,1,0892_,https://mb1advancedsolutions.github.io/mb1-catalog/index.html?design=0892,
0893,MB1-0893,Copper Still,home decor and inspirational,"https://res.cloudinary.com/oxygre42/image/upload/f_auto,q_auto,c_pad,b_white,w_1200,h_1200/v1788350267/0893_Copper_Still.png","https://res.cloudinary.com/oxygre42/image/upload/f_auto,q_auto,c_pad,b_white,w_500,h_500/v1788350267/0893_Copper_Still.png",,lifestyle,,detail,,scale,,alternate,1,0893_,https://mb1advancedsolutions.github.io/mb1-catalog/index.html?design=0893,
0894,MB1-0894,Country Kitchen,farm and western,"https://res.cloudinary.com/oxygre42/image/upload/f_auto,q_auto,c_pad,b_white,w_1200,h_1200/v1788350269/0894_Country_Kitchen.png","https://res.cloudinary.com/oxygre42/image/upload/f_auto,q_auto,c_pad,b_white,w_500,h_500/v1788350269/0894_Country_Kitchen.png",,lifestyle,,detail,,scale,,alternate,1,0894_,https://mb1advancedsolutions.github.io/mb1-catalog/index.html?design=0894,
0895,MB1-0895,Cow skull Spears and Campfire,farm and western,"https://res.cloudinary.com/oxygre42/image/upload/f_auto,q_auto,c_pad,b_white,w_1200,h_1200/v1788350271/0895_Cow_skull_Spears_and_Campfire.png","https://res.cloudinary.com/oxygre42/image/upload/f_auto,q_auto,c_pad,b_white,w_500,h_500/v1788350271/0895_Cow_skull_Spears_and_Campfire.png",,lifestyle,,detail,,scale,,alternate,1,0895_,https://mb1advancedsolutions.github.io/mb1-catalog/index.html?design=0895,
0896,MB1-0896,Dads Garage,garage and workshop,"https://res.cloudinary.com/oxygre42/image/upload/f_auto,q_auto,c_pad,b_white,w_1200,h_1200/v1788350273/0896_Dads_Garage.png","https://res.cloudinary.com/oxygre42/image/upload/f_auto,q_auto,c_pad,b_white,w_500,h_500/v1788350273/0896_Dads_Garage.png",,lifestyle,,detail,,scale,,alternate,1,0896_,https://mb1advancedsolutions.github.io/mb1-catalog/index.html?design=0896,
0897,MB1-0897,Dads Hangar,garage and workshop,"https://res.cloudinary.com/oxygre42/image/upload/f_auto,q_auto,c_pad,b_white,w_1200,h_1200/v1788350275/0897_Dads_Hangar.png","https://res.cloudinary.com/oxygre42/image/upload/f_auto,q_auto,c_pad,b_white,w_500,h_500/v1788350275/0897_Dads_Hangar.png",,lifestyle,,detail,,scale,,alternate,1,0897_,https://mb1advancedsolutions.github.io/mb1-catalog/index.html?design=0897,
0898,MB1-0898,Dads Man cave,home decor and inspirational,"https://res.cloudinary.com/oxygre42/image/upload/f_auto,q_auto,c_pad,b_white,w_1200,h_1200/v1788350277/0898_Dads_Man_cave.png","https://res.cloudinary.com/oxygre42/image/upload/f_auto,q_auto,c_pad,b_white,w_500,h_500/v1788350277/0898_Dads_Man_cave.png",,lifestyle,,detail,,scale,,alternate,1,0898_,https://mb1advancedsolutions.github.io/mb1-catalog/index.html?design=0898,
0899,MB1-0899,Dads Workshop,garage and workshop,"https://res.cloudinary.com/oxygre42/image/upload/f_auto,q_auto,c_pad,b_white,w_1200,h_1200/v1788350278/0899_Dads_Workshop.png","https://res.cloudinary.com/oxygre42/image/upload/f_auto,q_auto,c_pad,b_white,w_500,h_500/v1788350278/0899_Dads_Workshop.png",,lifestyle,,detail,,scale,,alternate,1,0899_,https://mb1advancedsolutions.github.io/mb1-catalog/index.html?design=0899,
0900,MB1-0900,Dads garage arrow,garage and workshop,"https://res.cloudinary.com/oxygre42/image/upload/f_auto,q_auto,c_pad,b_white,w_1200,h_1200/v1788350280/0900_Dads_garage_arrow.png","https://res.cloudinary.com/oxygre42/image/upload/f_auto,q_auto,c_pad,b_white,w_500,h_500/v1788350280/0900_Dads_garage_arrow.png",,lifestyle,,detail,,scale,,alternate,1,0900_,https://mb1advancedsolutions.github.io/mb1-catalog/index.html?design=0900,
0901,MB1-0901,Day of the dead girl,home decor and inspirational,"https://res.cloudinary.com/oxygre42/image/upload/f_auto,q_auto,c_pad,b_white,w_1200,h_1200/v1788350282/0901_Day_of_the_dead_girl.png","https://res.cloudinary.com/oxygre42/image/upload/f_auto,q_auto,c_pad,b_white,w_500,h_500/v1788350282/0901_Day_of_the_dead_girl.png",,lifestyle,,detail,,scale,,alternate,1,0901_,https://mb1advancedsolutions.github.io/mb1-catalog/index.html?design=0901,
0902,MB1-0902,Deer Skull and Guns,wildlife and outdoors,"https://res.cloudinary.com/oxygre42/image/upload/f_auto,q_auto,c_pad,b_white,w_1200,h_1200/v1788350284/0902_Deer_Skull_and_Guns.png","https://res.cloudinary.com/oxygre42/image/upload/f_auto,q_auto,c_pad,b_white,w_500,h_500/v1788350284/0902_Deer_Skull_and_Guns.png",,lifestyle,,detail,,scale,,alternate,1,0902_,https://mb1advancedsolutions.github.io/mb1-catalog/index.html?design=0902,
0904,MB1-0904,Descendant of men,home decor and inspirational,"https://res.cloudinary.com/oxygre42/image/upload/f_auto,q_auto,c_pad,b_white,w_1200,h_1200/v1788350288/0904_Descendant_of_men.png","https://res.cloudinary.com/oxygre42/image/upload/f_auto,q_auto,c_pad,b_white,w_500,h_500/v1788350288/0904_Descendant_of_men.png",,lifestyle,,detail,,scale,,alternate,1,0904_,https://mb1advancedsolutions.github.io/mb1-catalog/index.html?design=0904,
0905,MB1-0905,Dime,sports and hobbies,"https://res.cloudinary.com/oxygre42/image/upload/f_auto,q_auto,c_pad,b_white,w_1200,h_1200/v1788350290/0905_Dime.png","https://res.cloudinary.com/oxygre42/image/upload/f_auto,q_auto,c_pad,b_white,w_500,h_500/v1788350290/0905_Dime.png",,lifestyle,,detail,,scale,,alternate,1,0905_,https://mb1advancedsolutions.github.io/mb1-catalog/index.html?design=0905,
0906,MB1-0906,Diner design,home decor and inspirational,"https://res.cloudinary.com/oxygre42/image/upload/f_auto,q_auto,c_pad,b_white,w_1200,h_1200/v1788350292/0906_Diner_design.png","https://res.cloudinary.com/oxygre42/image/upload/f_auto,q_auto,c_pad,b_white,w_500,h_500/v1788350292/0906_Diner_design.png",,lifestyle,,detail,,scale,,alternate,1,0906_,https://mb1advancedsolutions.github.io/mb1-catalog/index.html?design=0906,
0907,MB1-0907,Dirty Hands Clean Money Stick,home decor and inspirational,"https://res.cloudinary.com/oxygre42/image/upload/f_auto,q_auto,c_pad,b_white,w_1200,h_1200/v1788350294/0907_Dirty_Hands_Clean_Money_Stick.png","https://res.cloudinary.com/oxygre42/image/upload/f_auto,q_auto,c_pad,b_white,w_500,h_500/v1788350294/0907_Dirty_Hands_Clean_Money_Stick.png",,lifestyle,,detail,,scale,,alternate,1,0907_,https://mb1advancedsolutions.github.io/mb1-catalog/index.html?design=0907,
0908,MB1-0908,Dirty Hands Clean Money Tig Torch,garage and workshop,"https://res.cloudinary.com/oxygre42/image/upload/f_auto,q_auto,c_pad,b_white,w_1200,h_1200/v1788350295/0908_Dirty_Hands_Clean_Money_Tig_Torch.png","https://res.cloudinary.com/oxygre42/image/upload/f_auto,q_auto,c_pad,b_white,w_500,h_500/v1788350295/0908_Dirty_Hands_Clean_Money_Tig_Torch.png",,lifestyle,,detail,,scale,,alternate,1,0908_,https://mb1advancedsolutions.github.io/mb1-catalog/index.html?design=0908,
0909,MB1-0909,Dirty Hands Clean Money mig,garage and workshop,"https://res.cloudinary.com/oxygre42/image/upload/f_auto,q_auto,c_pad,b_white,w_1200,h_1200/v1788350297/0909_Dirty_Hands_Clean_Money_mig.png","https://res.cloudinary.com/oxygre42/image/upload/f_auto,q_auto,c_pad,b_white,w_500,h_500/v1788350297/0909_Dirty_Hands_Clean_Money_mig.png",,lifestyle,,detail,,scale,,alternate,1,0909_,https://mb1advancedsolutions.github.io/mb1-catalog/index.html?design=0909,
0911,MB1-0911,Double Movie Ticket,sports and hobbies,"https://res.cloudinary.com/oxygre42/image/upload/f_auto,q_auto,c_pad,b_white,w_1200,h_1200/v1788350299/0911_Double_Movie_Ticket.png","https://res.cloudinary.com/oxygre42/image/upload/f_auto,q_auto,c_pad,b_white,w_500,h_500/v1788350299/0911_Double_Movie_Ticket.png",,lifestyle,,detail,,scale,,alternate,1,0911_,https://mb1advancedsolutions.github.io/mb1-catalog/index.html?design=0911,
0912,MB1-0912,Dragon,wildlife and outdoors,"https://res.cloudinary.com/oxygre42/image/upload/f_auto,q_auto,c_pad,b_white,w_1200,h_1200/v1788350301/0912_Dragon.png","https://res.cloudinary.com/oxygre42/image/upload/f_auto,q_auto,c_pad,b_white,w_500,h_500/v1788350301/0912_Dragon.png",,lifestyle,,detail,,scale,,alternate,1,0912_,https://mb1advancedsolutions.github.io/mb1-catalog/index.html?design=0912,
0913,MB1-0913,Dream Catcher Monogram frame,family & name,"https://res.cloudinary.com/oxygre42/image/upload/f_auto,q_auto,c_pad,b_white,w_1200,h_1200/v1788350303/0913_Dream_Catcher_Monogram_frame.png","https://res.cloudinary.com/oxygre42/image/upload/f_auto,q_auto,c_pad,b_white,w_500,h_500/v1788350303/0913_Dream_Catcher_Monogram_frame.png",,lifestyle,,detail,,scale,,alternate,1,0913_,https://mb1advancedsolutions.github.io/mb1-catalog/index.html?design=0913,
0914,MB1-0914,Dreamer,home decor and inspirational,"https://res.cloudinary.com/oxygre42/image/upload/f_auto,q_auto,c_pad,b_white,w_1200,h_1200/v1788350305/0914_Dreamer.png","https://res.cloudinary.com/oxygre42/image/upload/f_auto,q_auto,c_pad,b_white,w_500,h_500/v1788350305/0914_Dreamer.png",,lifestyle,,detail,,scale,,alternate,1,0914_,https://mb1advancedsolutions.github.io/mb1-catalog/index.html?design=0914,
0915,MB1-0915,EPIC shit Basic people,home decor and inspirational,"https://res.cloudinary.com/oxygre42/image/upload/f_auto,q_auto,c_pad,b_white,w_1200,h_1200/v1788350307/0915_EPIC_shit_Basic_people.png","https://res.cloudinary.com/oxygre42/image/upload/f_auto,q_auto,c_pad,b_white,w_500,h_500/v1788350307/0915_EPIC_shit_Basic_people.png",,lifestyle,,detail,,scale,,alternate,1,0915_,https://mb1advancedsolutions.github.io/mb1-catalog/index.html?design=0915,
0916,MB1-0916,Eagle Liberty Bell,wildlife and outdoors,"https://res.cloudinary.com/oxygre42/image/upload/f_auto,q_auto,c_pad,b_white,w_1200,h_1200/v1788350309/0916_Eagle_Liberty_Bell.png","https://res.cloudinary.com/oxygre42/image/upload/f_auto,q_auto,c_pad,b_white,w_500,h_500/v1788350309/0916_Eagle_Liberty_Bell.png",,lifestyle,,detail,,scale,,alternate,1,0916_,https://mb1advancedsolutions.github.io/mb1-catalog/index.html?design=0916,
0918,MB1-0918,Eagle head without frame,wildlife and outdoors,"https://res.cloudinary.com/oxygre42/image/upload/f_auto,q_auto,c_pad,b_white,w_1200,h_1200/v1788350310/0918_Eagle_head_without_frame.png","https://res.cloudinary.com/oxygre42/image/upload/f_auto,q_auto,c_pad,b_white,w_500,h_500/v1788350310/0918_Eagle_head_without_frame.png",,lifestyle,,detail,,scale,,alternate,1,0918_,https://mb1advancedsolutions.github.io/mb1-catalog/index.html?design=0918,
0919,MB1-0919,Eisenhower Silver Dollar,sports and hobbies,"https://res.cloudinary.com/oxygre42/image/upload/f_auto,q_auto,c_pad,b_white,w_1200,h_1200/v1788350312/0919_Eisenhower_Silver_Dollar.png","https://res.cloudinary.com/oxygre42/image/upload/f_auto,q_auto,c_pad,b_white,w_500,h_500/v1788350312/0919_Eisenhower_Silver_Dollar.png",,lifestyle,,detail,,scale,,alternate,1,0919_,https://mb1advancedsolutions.github.io/mb1-catalog/index.html?design=0919,
0920,MB1-0920,Elephant,wildlife and outdoors,"https://res.cloudinary.com/oxygre42/image/upload/f_auto,q_auto,c_pad,b_white,w_1200,h_1200/v1788350314/0920_Elephant.png","https://res.cloudinary.com/oxygre42/image/upload/f_auto,q_auto,c_pad,b_white,w_500,h_500/v1788350314/0920_Elephant.png",,lifestyle,,detail,,scale,,alternate,1,0920_,https://mb1advancedsolutions.github.io/mb1-catalog/index.html?design=0920,
0921,MB1-0921,End of the trail silhouette,farm and western,"https://res.cloudinary.com/oxygre42/image/upload/f_auto,q_auto,c_pad,b_white,w_1200,h_1200/v1788350316/0921_End_of_the_trail_silhouette.png","https://res.cloudinary.com/oxygre42/image/upload/f_auto,q_auto,c_pad,b_white,w_500,h_500/v1788350316/0921_End_of_the_trail_silhouette.png",,lifestyle,,detail,,scale,,alternate,1,0921_,https://mb1advancedsolutions.github.io/mb1-catalog/index.html?design=0921,
0922,MB1-0922,End of the trail,farm and western,"https://res.cloudinary.com/oxygre42/image/upload/f_auto,q_auto,c_pad,b_white,w_1200,h_1200/v1788350318/0922_End_of_the_trail.png","https://res.cloudinary.com/oxygre42/image/upload/f_auto,q_auto,c_pad,b_white,w_500,h_500/v1788350318/0922_End_of_the_trail.png",,lifestyle,,detail,,scale,,alternate,1,0922_,https://mb1advancedsolutions.github.io/mb1-catalog/index.html?design=0922,
0923,MB1-0923,Everythingstartswithadream,home decor and inspirational,"https://res.cloudinary.com/oxygre42/image/upload/f_auto,q_auto,c_pad,b_white,w_1200,h_1200/v1788350320/0923_Everythingstartswithadream.png","https://res.cloudinary.com/oxygre42/image/upload/f_auto,q_auto,c_pad,b_white,w_500,h_500/v1788350320/0923_Everythingstartswithadream.png",,lifestyle,,detail,,scale,,alternate,1,0923_,https://mb1advancedsolutions.github.io/mb1-catalog/index.html?design=0923,
0924,MB1-0924,Faith and Family arrows,family & name,"https://res.cloudinary.com/oxygre42/image/upload/f_auto,q_auto,c_pad,b_white,w_1200,h_1200/v1788350322/0924_Faith_and_Family_arrows.png","https://res.cloudinary.com/oxygre42/image/upload/f_auto,q_auto,c_pad,b_white,w_500,h_500/v1788350322/0924_Faith_and_Family_arrows.png",,lifestyle,,detail,,scale,,alternate,1,0924_,https://mb1advancedsolutions.github.io/mb1-catalog/index.html?design=0924,
0925,MB1-0925,Fall Truck,seasonal and holiday,"https://res.cloudinary.com/oxygre42/image/upload/f_auto,q_auto,c_pad,b_white,w_1200,h_1200/v1788350323/0925_Fall_Truck.png","https://res.cloudinary.com/oxygre42/image/upload/f_auto,q_auto,c_pad,b_white,w_500,h_500/v1788350323/0925_Fall_Truck.png",,lifestyle,,detail,,scale,,alternate,1,0925_,https://mb1advancedsolutions.github.io/mb1-catalog/index.html?design=0925,
0926,MB1-0926,Fall milk jug,seasonal and holiday,"https://res.cloudinary.com/oxygre42/image/upload/f_auto,q_auto,c_pad,b_white,w_1200,h_1200/v1788350325/0926_Fall_milk_jug.png","https://res.cloudinary.com/oxygre42/image/upload/f_auto,q_auto,c_pad,b_white,w_500,h_500/v1788350325/0926_Fall_milk_jug.png",,lifestyle,,detail,,scale,,alternate,1,0926_,https://mb1advancedsolutions.github.io/mb1-catalog/index.html?design=0926,
0927,MB1-0927,Fancy cross,home decor and inspirational,"https://res.cloudinary.com/oxygre42/image/upload/f_auto,q_auto,c_pad,b_white,w_1200,h_1200/v1788350327/0927_Fancy_cross.png","https://res.cloudinary.com/oxygre42/image/upload/f_auto,q_auto,c_pad,b_white,w_500,h_500/v1788350327/0927_Fancy_cross.png",,lifestyle,,detail,,scale,,alternate,1,0927_,https://mb1advancedsolutions.github.io/mb1-catalog/index.html?design=0927,
0928,MB1-0928,Farm Fresh Bacon,farm and western,"https://res.cloudinary.com/oxygre42/image/upload/f_auto,q_auto,c_pad,b_white,w_1200,h_1200/v1788350329/0928_Farm_Fresh_Bacon.png","https://res.cloudinary.com/oxygre42/image/upload/f_auto,q_auto,c_pad,b_white,w_500,h_500/v1788350329/0928_Farm_Fresh_Bacon.png",,lifestyle,,detail,,scale,,alternate,1,0928_,https://mb1advancedsolutions.github.io/mb1-catalog/index.html?design=0928,
0929,MB1-0929,Farm Fresh Beef,farm and western,"https://res.cloudinary.com/oxygre42/image/upload/f_auto,q_auto,c_pad,b_white,w_1200,h_1200/v1788350331/0929_Farm_Fresh_Beef.png","https://res.cloudinary.com/oxygre42/image/upload/f_auto,q_auto,c_pad,b_white,w_500,h_500/v1788350331/0929_Farm_Fresh_Beef.png",,lifestyle,,detail,,scale,,alternate,1,0929_,https://mb1advancedsolutions.github.io/mb1-catalog/index.html?design=0929,
0930,MB1-0930,Farm Fresh Christmas trees,seasonal and holiday,"https://res.cloudinary.com/oxygre42/image/upload/f_auto,q_auto,c_pad,b_white,w_1200,h_1200/v1788350333/0930_Farm_Fresh_Christmas_trees.png","https://res.cloudinary.com/oxygre42/image/upload/f_auto,q_auto,c_pad,b_white,w_500,h_500/v1788350333/0930_Farm_Fresh_Christmas_trees.png",,lifestyle,,detail,,scale,,alternate,1,0930_,https://mb1advancedsolutions.github.io/mb1-catalog/index.html?design=0930,
0931,MB1-0931,Farm Fresh Eggs,farm and western,"https://res.cloudinary.com/oxygre42/image/upload/f_auto,q_auto,c_pad,b_white,w_1200,h_1200/v1788350335/0931_Farm_Fresh_Eggs.png","https://res.cloudinary.com/oxygre42/image/upload/f_auto,q_auto,c_pad,b_white,w_500,h_500/v1788350335/0931_Farm_Fresh_Eggs.png",,lifestyle,,detail,,scale,,alternate,1,0931_,https://mb1advancedsolutions.github.io/mb1-catalog/index.html?design=0931,
0932,MB1-0932,Farm Fresh,farm and western,"https://res.cloudinary.com/oxygre42/image/upload/f_auto,q_auto,c_pad,b_white,w_1200,h_1200/v1788350337/0932_Farm_Fresh.png","https://res.cloudinary.com/oxygre42/image/upload/f_auto,q_auto,c_pad,b_white,w_500,h_500/v1788350337/0932_Farm_Fresh.png",,lifestyle,,detail,,scale,,alternate,1,0932_,https://mb1advancedsolutions.github.io/mb1-catalog/index.html?design=0932,
0933,MB1-0933,Farmers Market,farm and western,"https://res.cloudinary.com/oxygre42/image/upload/f_auto,q_auto,c_pad,b_white,w_1200,h_1200/v1788350338/0933_Farmers_Market.png","https://res.cloudinary.com/oxygre42/image/upload/f_auto,q_auto,c_pad,b_white,w_500,h_500/v1788350338/0933_Farmers_Market.png",,lifestyle,,detail,,scale,,alternate,1,0933_,https://mb1advancedsolutions.github.io/mb1-catalog/index.html?design=0933,
0934,MB1-0934,Farmhouse,farm and western,"https://res.cloudinary.com/oxygre42/image/upload/f_auto,q_auto,c_pad,b_white,w_1200,h_1200/v1788350340/0934_Farmhouse.png","https://res.cloudinary.com/oxygre42/image/upload/f_auto,q_auto,c_pad,b_white,w_500,h_500/v1788350340/0934_Farmhouse.png",,lifestyle,,detail,,scale,,alternate,1,0934_,https://mb1advancedsolutions.github.io/mb1-catalog/index.html?design=0934,
0935,MB1-0935,Fbomb Key Chain,home decor and inspirational,"https://res.cloudinary.com/oxygre42/image/upload/f_auto,q_auto,c_pad,b_white,w_1200,h_1200/v1788350342/0935_Fbomb_Key_Chain.png","https://res.cloudinary.com/oxygre42/image/upload/f_auto,q_auto,c_pad,b_white,w_500,h_500/v1788350342/0935_Fbomb_Key_Chain.png",,lifestyle,,detail,,scale,,alternate,1,0935_,https://mb1advancedsolutions.github.io/mb1-catalog/index.html?design=0935,
0936,MB1-0936,Fbomb,home decor and inspirational,"https://res.cloudinary.com/oxygre42/image/upload/f_auto,q_auto,c_pad,b_white,w_1200,h_1200/v1788350344/0936_Fbomb.png","https://res.cloudinary.com/oxygre42/image/upload/f_auto,q_auto,c_pad,b_white,w_500,h_500/v1788350344/0936_Fbomb.png",,lifestyle,,detail,,scale,,alternate,1,0936_,https://mb1advancedsolutions.github.io/mb1-catalog/index.html?design=0936,
0937,MB1-0937,Fifth Wheel name plaque,wildlife and outdoors,"https://res.cloudinary.com/oxygre42/image/upload/f_auto,q_auto,c_pad,b_white,w_1200,h_1200/v1788350346/0937_Fifth_Wheel_name_plaque.jpg","https://res.cloudinary.com/oxygre42/image/upload/f_auto,q_auto,c_pad,b_white,w_500,h_500/v1788350346/0937_Fifth_Wheel_name_plaque.jpg",,lifestyle,,detail,,scale,,alternate,1,0937_,https://mb1advancedsolutions.github.io/mb1-catalog/index.html?design=0937,
0938,MB1-0938,Fireman,memorial and tribute,"https://res.cloudinary.com/oxygre42/image/upload/f_auto,q_auto,c_pad,b_white,w_1200,h_1200/v1788350348/0938_Fireman.png","https://res.cloudinary.com/oxygre42/image/upload/f_auto,q_auto,c_pad,b_white,w_500,h_500/v1788350348/0938_Fireman.png",,lifestyle,,detail,,scale,,alternate,1,0938_,https://mb1advancedsolutions.github.io/mb1-catalog/index.html?design=0938,
0939,MB1-0939,Firemen Maltese cross,memorial and tribute,"https://res.cloudinary.com/oxygre42/image/upload/f_auto,q_auto,c_pad,b_white,w_1200,h_1200/v1788350350/0939_Firemen_Maltese_cross.png","https://res.cloudinary.com/oxygre42/image/upload/f_auto,q_auto,c_pad,b_white,w_500,h_500/v1788350350/0939_Firemen_Maltese_cross.png",,lifestyle,,detail,,scale,,alternate,1,0939_,https://mb1advancedsolutions.github.io/mb1-catalog/index.html?design=0939,
0940,MB1-0940,Fist and Piston,garage and workshop,"https://res.cloudinary.com/oxygre42/image/upload/f_auto,q_auto,c_pad,b_white,w_1200,h_1200/v1788350352/0940_Fist_and_Piston.jpg","https://res.cloudinary.com/oxygre42/image/upload/f_auto,q_auto,c_pad,b_white,w_500,h_500/v1788350352/0940_Fist_and_Piston.jpg",,lifestyle,,detail,,scale,,alternate,1,0940_,https://mb1advancedsolutions.github.io/mb1-catalog/index.html?design=0940,
0941,MB1-0941,Fist and wrench,garage and workshop,"https://res.cloudinary.com/oxygre42/image/upload/f_auto,q_auto,c_pad,b_white,w_1200,h_1200/v1788350353/0941_Fist_and_wrench.png","https://res.cloudinary.com/oxygre42/image/upload/f_auto,q_auto,c_pad,b_white,w_500,h_500/v1788350353/0941_Fist_and_wrench.png",,lifestyle,,detail,,scale,,alternate,1,0941_,https://mb1advancedsolutions.github.io/mb1-catalog/index.html?design=0941,
0942,MB1-0942,Fleur de lis,home decor and inspirational,"https://res.cloudinary.com/oxygre42/image/upload/f_auto,q_auto,c_pad,b_white,w_1200,h_1200/v1788350355/0942_Fleur_de_lis.png","https://res.cloudinary.com/oxygre42/image/upload/f_auto,q_auto,c_pad,b_white,w_500,h_500/v1788350355/0942_Fleur_de_lis.png",,lifestyle,,detail,,scale,,alternate,1,0942_,https://mb1advancedsolutions.github.io/mb1-catalog/index.html?design=0942,
0943,MB1-0943,For Gentleman,home decor and inspirational,"https://res.cloudinary.com/oxygre42/image/upload/f_auto,q_auto,c_pad,b_white,w_1200,h_1200/v1788350357/0943_For_Gentleman.png","https://res.cloudinary.com/oxygre42/image/upload/f_auto,q_auto,c_pad,b_white,w_500,h_500/v1788350357/0943_For_Gentleman.png",,lifestyle,,detail,,scale,,alternate,1,0943_,https://mb1advancedsolutions.github.io/mb1-catalog/index.html?design=0943,
0945,MB1-0945,Found Here After Dark,home decor and inspirational,"https://res.cloudinary.com/oxygre42/image/upload/f_auto,q_auto,c_pad,b_white,w_1200,h_1200/v1788350361/0945_Found_Here_After_Dark.jpg","https://res.cloudinary.com/oxygre42/image/upload/f_auto,q_auto,c_pad,b_white,w_500,h_500/v1788350361/0945_Found_Here_After_Dark.jpg",,lifestyle,,detail,,scale,,alternate,1,0945_,https://mb1advancedsolutions.github.io/mb1-catalog/index.html?design=0945,
0946,MB1-0946,Free Body Piercings,home decor and inspirational,"https://res.cloudinary.com/oxygre42/image/upload/f_auto,q_auto,c_pad,b_white,w_1200,h_1200/v1788350363/0946_Free_Body_Piercings.png","https://res.cloudinary.com/oxygre42/image/upload/f_auto,q_auto,c_pad,b_white,w_500,h_500/v1788350363/0946_Free_Body_Piercings.png",,lifestyle,,detail,,scale,,alternate,1,0946_,https://mb1advancedsolutions.github.io/mb1-catalog/index.html?design=0946,
0947,MB1-0947,Funny no tresspassing,address and property,"https://res.cloudinary.com/oxygre42/image/upload/f_auto,q_auto,c_pad,b_white,w_1200,h_1200/v1788350364/0947_Funny_no_tresspassing.png","https://res.cloudinary.com/oxygre42/image/upload/f_auto,q_auto,c_pad,b_white,w_500,h_500/v1788350364/0947_Funny_no_tresspassing.png",,lifestyle,,detail,,scale,,alternate,1,0947_,https://mb1advancedsolutions.github.io/mb1-catalog/index.html?design=0947,
0948,MB1-0948,Game Room Poker Chip and Dice,sports and hobbies,"https://res.cloudinary.com/oxygre42/image/upload/f_auto,q_auto,c_pad,b_white,w_1200,h_1200/v1788350366/0948_Game_Room_Poker_Chip_and_Dice.png","https://res.cloudinary.com/oxygre42/image/upload/f_auto,q_auto,c_pad,b_white,w_500,h_500/v1788350366/0948_Game_Room_Poker_Chip_and_Dice.png",,lifestyle,,detail,,scale,,alternate,1,0948_,https://mb1advancedsolutions.github.io/mb1-catalog/index.html?design=0948,
0949,MB1-0949,Gear Head,garage and workshop,"https://res.cloudinary.com/oxygre42/image/upload/f_auto,q_auto,c_pad,b_white,w_1200,h_1200/v1788350368/0949_Gear_Head.png","https://res.cloudinary.com/oxygre42/image/upload/f_auto,q_auto,c_pad,b_white,w_500,h_500/v1788350368/0949_Gear_Head.png",,lifestyle,,detail,,scale,,alternate,1,0949_,https://mb1advancedsolutions.github.io/mb1-catalog/index.html?design=0949,
0951,MB1-0951,Good Beer Pour Decisions,sports and hobbies,"https://res.cloudinary.com/oxygre42/image/upload/f_auto,q_auto,c_pad,b_white,w_1200,h_1200/v1788350372/0951_Good_Beer_Pour_Decisions.png","https://res.cloudinary.com/oxygre42/image/upload/f_auto,q_auto,c_pad,b_white,w_500,h_500/v1788350372/0951_Good_Beer_Pour_Decisions.png",,lifestyle,,detail,,scale,,alternate,1,0951_,https://mb1advancedsolutions.github.io/mb1-catalog/index.html?design=0951,
0953,MB1-0953,Good things Hustle saw,home decor and inspirational,"https://res.cloudinary.com/oxygre42/image/upload/f_auto,q_auto,c_pad,b_white,w_1200,h_1200/v1788350374/0953_Good_things_Hustle_saw.jpg","https://res.cloudinary.com/oxygre42/image/upload/f_auto,q_auto,c_pad,b_white,w_500,h_500/v1788350374/0953_Good_things_Hustle_saw.jpg",,lifestyle,,detail,,scale,,alternate,1,0953_,https://mb1advancedsolutions.github.io/mb1-catalog/index.html?design=0953,
0954,MB1-0954,Grandpas garage,garage and workshop,"https://res.cloudinary.com/oxygre42/image/upload/f_auto,q_auto,c_pad,b_white,w_1200,h_1200/v1788350376/0954_Grandpas_garage.png","https://res.cloudinary.com/oxygre42/image/upload/f_auto,q_auto,c_pad,b_white,w_500,h_500/v1788350376/0954_Grandpas_garage.png",,lifestyle,,detail,,scale,,alternate,1,0954_,https://mb1advancedsolutions.github.io/mb1-catalog/index.html?design=0954,
0955,MB1-0955,Grateful,home decor and inspirational,"https://res.cloudinary.com/oxygre42/image/upload/f_auto,q_auto,c_pad,b_white,w_1200,h_1200/v1788350378/0955_Grateful.png","https://res.cloudinary.com/oxygre42/image/upload/f_auto,q_auto,c_pad,b_white,w_500,h_500/v1788350378/0955_Grateful.png",,lifestyle,,detail,,scale,,alternate,1,0955_,https://mb1advancedsolutions.github.io/mb1-catalog/index.html?design=0955,
0956,MB1-0956,Graveyard scene,seasonal and holiday,"https://res.cloudinary.com/oxygre42/image/upload/f_auto,q_auto,c_pad,b_white,w_1200,h_1200/v1788350380/0956_Graveyard_scene.png","https://res.cloudinary.com/oxygre42/image/upload/f_auto,q_auto,c_pad,b_white,w_500,h_500/v1788350380/0956_Graveyard_scene.png",,lifestyle,,detail,,scale,,alternate,1,0956_,https://mb1advancedsolutions.github.io/mb1-catalog/index.html?design=0956,
0957,MB1-0957,Grenade,sports and hobbies,"https://res.cloudinary.com/oxygre42/image/upload/f_auto,q_auto,c_pad,b_white,w_1200,h_1200/v1788350381/0957_Grenade.png","https://res.cloudinary.com/oxygre42/image/upload/f_auto,q_auto,c_pad,b_white,w_500,h_500/v1788350381/0957_Grenade.png",,lifestyle,,detail,,scale,,alternate,1,0957_,https://mb1advancedsolutions.github.io/mb1-catalog/index.html?design=0957,
0958,MB1-0958,Grind Execute Hustle,home decor and inspirational,"https://res.cloudinary.com/oxygre42/image/upload/f_auto,q_auto,c_pad,b_white,w_1200,h_1200/v1788350383/0958_Grind_Execute_Hustle.png","https://res.cloudinary.com/oxygre42/image/upload/f_auto,q_auto,c_pad,b_white,w_500,h_500/v1788350383/0958_Grind_Execute_Hustle.png",,lifestyle,,detail,,scale,,alternate,1,0958_,https://mb1advancedsolutions.github.io/mb1-catalog/index.html?design=0958,
0959,MB1-0959,Guitar Monogram frame,sports and hobbies,"https://res.cloudinary.com/oxygre42/image/upload/f_auto,q_auto,c_pad,b_white,w_1200,h_1200/v1788350385/0959_Guitar_Monogram_frame.png","https://res.cloudinary.com/oxygre42/image/upload/f_auto,q_auto,c_pad,b_white,w_500,h_500/v1788350385/0959_Guitar_Monogram_frame.png",,lifestyle,,detail,,scale,,alternate,1,0959_,https://mb1advancedsolutions.github.io/mb1-catalog/index.html?design=0959,
0960,MB1-0960,Half Dollar,sports and hobbies,"https://res.cloudinary.com/oxygre42/image/upload/f_auto,q_auto,c_pad,b_white,w_1200,h_1200/v1788350387/0960_Half_Dollar.png","https://res.cloudinary.com/oxygre42/image/upload/f_auto,q_auto,c_pad,b_white,w_500,h_500/v1788350387/0960_Half_Dollar.png",,lifestyle,,detail,,scale,,alternate,1,0960_,https://mb1advancedsolutions.github.io/mb1-catalog/index.html?design=0960,
0961,MB1-0961,Happy Campers,home decor and inspirational,"https://res.cloudinary.com/oxygre42/image/upload/f_auto,q_auto,c_pad,b_white,w_1200,h_1200/v1788350389/0961_Happy_Campers.png","https://res.cloudinary.com/oxygre42/image/upload/f_auto,q_auto,c_pad,b_white,w_500,h_500/v1788350389/0961_Happy_Campers.png",,lifestyle,,detail,,scale,,alternate,1,0961_,https://mb1advancedsolutions.github.io/mb1-catalog/index.html?design=0961,
0962,MB1-0962,Happy Fall Yall mason Jar,seasonal and holiday,"https://res.cloudinary.com/oxygre42/image/upload/f_auto,q_auto,c_pad,b_white,w_1200,h_1200/v1788350391/0962_Happy_Fall_Yall_mason_Jar.png","https://res.cloudinary.com/oxygre42/image/upload/f_auto,q_auto,c_pad,b_white,w_500,h_500/v1788350391/0962_Happy_Fall_Yall_mason_Jar.png",,lifestyle,,detail,,scale,,alternate,1,0962_,https://mb1advancedsolutions.github.io/mb1-catalog/index.html?design=0962,
0963,MB1-0963,Happy Fall yall  plaque,seasonal and holiday,"https://res.cloudinary.com/oxygre42/image/upload/f_auto,q_auto,c_pad,b_white,w_1200,h_1200/v1788350393/0963_Happy_Fall_yall_plaque.png","https://res.cloudinary.com/oxygre42/image/upload/f_auto,q_auto,c_pad,b_white,w_500,h_500/v1788350393/0963_Happy_Fall_yall_plaque.png",,lifestyle,,detail,,scale,,alternate,1,0963_,https://mb1advancedsolutions.github.io/mb1-catalog/index.html?design=0963,
0964,MB1-0964,Happy Valentines Day,seasonal and holiday,"https://res.cloudinary.com/oxygre42/image/upload/f_auto,q_auto,c_pad,b_white,w_1200,h_1200/v1788350394/0964_Happy_Valentines_Day.png","https://res.cloudinary.com/oxygre42/image/upload/f_auto,q_auto,c_pad,b_white,w_500,h_500/v1788350394/0964_Happy_Valentines_Day.png",,lifestyle,,detail,,scale,,alternate,1,0964_,https://mb1advancedsolutions.github.io/mb1-catalog/index.html?design=0964,
0965,MB1-0965,Hear no Speak no See no 30 inch,home decor and inspirational,"https://res.cloudinary.com/oxygre42/image/upload/f_auto,q_auto,c_pad,b_white,w_1200,h_1200/v1788350396/0965_Hear_no_Speak_no_See_no_30_inch.png","https://res.cloudinary.com/oxygre42/image/upload/f_auto,q_auto,c_pad,b_white,w_500,h_500/v1788350396/0965_Hear_no_Speak_no_See_no_30_inch.png",,lifestyle,,detail,,scale,,alternate,1,0965_,https://mb1advancedsolutions.github.io/mb1-catalog/index.html?design=0965,
0966,MB1-0966,Heart Tree with alt Border,home decor and inspirational,"https://res.cloudinary.com/oxygre42/image/upload/f_auto,q_auto,c_pad,b_white,w_1200,h_1200/v1788350398/0966_Heart_Tree_with_alt_Border.png","https://res.cloudinary.com/oxygre42/image/upload/f_auto,q_auto,c_pad,b_white,w_500,h_500/v1788350398/0966_Heart_Tree_with_alt_Border.png",,lifestyle,,detail,,scale,,alternate,1,0966_,https://mb1advancedsolutions.github.io/mb1-catalog/index.html?design=0966,
0967,MB1-0967,Heart Tree with border,home decor and inspirational,"https://res.cloudinary.com/oxygre42/image/upload/f_auto,q_auto,c_pad,b_white,w_1200,h_1200/v1788350400/0967_Heart_Tree_with_border.png","https://res.cloudinary.com/oxygre42/image/upload/f_auto,q_auto,c_pad,b_white,w_500,h_500/v1788350400/0967_Heart_Tree_with_border.png",,lifestyle,,detail,,scale,,alternate,1,0967_,https://mb1advancedsolutions.github.io/mb1-catalog/index.html?design=0967,
0968,MB1-0968,Heart and Dagger,home decor and inspirational,"https://res.cloudinary.com/oxygre42/image/upload/f_auto,q_auto,c_pad,b_white,w_1200,h_1200/v1788350402/0968_Heart_and_Dagger.png","https://res.cloudinary.com/oxygre42/image/upload/f_auto,q_auto,c_pad,b_white,w_500,h_500/v1788350402/0968_Heart_and_Dagger.png",,lifestyle,,detail,,scale,,alternate,1,0968_,https://mb1advancedsolutions.github.io/mb1-catalog/index.html?design=0968,
0969,MB1-0969,Home,home decor and inspirational,"https://res.cloudinary.com/oxygre42/image/upload/f_auto,q_auto,c_pad,b_white,w_1200,h_1200/v1788350404/0969_Home.png","https://res.cloudinary.com/oxygre42/image/upload/f_auto,q_auto,c_pad,b_white,w_500,h_500/v1788350404/0969_Home.png",,lifestyle,,detail,,scale,,alternate,1,0969_,https://mb1advancedsolutions.github.io/mb1-catalog/index.html?design=0969,
0970,MB1-0970,Horseshoe Welcome sign,farm and western,"https://res.cloudinary.com/oxygre42/image/upload/f_auto,q_auto,c_pad,b_white,w_1200,h_1200/v1788350406/0970_Horseshoe_Welcome_sign.png","https://res.cloudinary.com/oxygre42/image/upload/f_auto,q_auto,c_pad,b_white,w_500,h_500/v1788350406/0970_Horseshoe_Welcome_sign.png",,lifestyle,,detail,,scale,,alternate,1,0970_,https://mb1advancedsolutions.github.io/mb1-catalog/index.html?design=0970,
0971,MB1-0971,Hot Rod Truck,garage and workshop,"https://res.cloudinary.com/oxygre42/image/upload/f_auto,q_auto,c_pad,b_white,w_1200,h_1200/v1788350408/0971_Hot_Rod_Truck.jpg","https://res.cloudinary.com/oxygre42/image/upload/f_auto,q_auto,c_pad,b_white,w_500,h_500/v1788350408/0971_Hot_Rod_Truck.jpg",,lifestyle,,detail,,scale,,alternate,1,0971_,https://mb1advancedsolutions.github.io/mb1-catalog/index.html?design=0971,
0972,MB1-0972,Hot Rod with flames,garage and workshop,"https://res.cloudinary.com/oxygre42/image/upload/f_auto,q_auto,c_pad,b_white,w_1200,h_1200/v1788350410/0972_Hot_Rod_with_flames.png","https://res.cloudinary.com/oxygre42/image/upload/f_auto,q_auto,c_pad,b_white,w_500,h_500/v1788350410/0972_Hot_Rod_with_flames.png",,lifestyle,,detail,,scale,,alternate,1,0972_,https://mb1advancedsolutions.github.io/mb1-catalog/index.html?design=0972,
0973,MB1-0973,Hot Rod,garage and workshop,"https://res.cloudinary.com/oxygre42/image/upload/f_auto,q_auto,c_pad,b_white,w_1200,h_1200/v1788350411/0973_Hot_Rod.png","https://res.cloudinary.com/oxygre42/image/upload/f_auto,q_auto,c_pad,b_white,w_500,h_500/v1788350411/0973_Hot_Rod.png",,lifestyle,,detail,,scale,,alternate,1,0973_,https://mb1advancedsolutions.github.io/mb1-catalog/index.html?design=0973,
0974,MB1-0974,Hot rod 2,garage and workshop,"https://res.cloudinary.com/oxygre42/image/upload/f_auto,q_auto,c_pad,b_white,w_1200,h_1200/v1788350413/0974_Hot_rod_2.png","https://res.cloudinary.com/oxygre42/image/upload/f_auto,q_auto,c_pad,b_white,w_500,h_500/v1788350413/0974_Hot_rod_2.png",,lifestyle,,detail,,scale,,alternate,1,0974_,https://mb1advancedsolutions.github.io/mb1-catalog/index.html?design=0974,
0975,MB1-0975,Hot rod front view,garage and workshop,"https://res.cloudinary.com/oxygre42/image/upload/f_auto,q_auto,c_pad,b_white,w_1200,h_1200/v1788350415/0975_Hot_rod_front_view.png","https://res.cloudinary.com/oxygre42/image/upload/f_auto,q_auto,c_pad,b_white,w_500,h_500/v1788350415/0975_Hot_rod_front_view.png",,lifestyle,,detail,,scale,,alternate,1,0975_,https://mb1advancedsolutions.github.io/mb1-catalog/index.html?design=0975,
0976,MB1-0976,Hunna Dolla Bill,home decor and inspirational,"https://res.cloudinary.com/oxygre42/image/upload/f_auto,q_auto,c_pad,b_white,w_1200,h_1200/v1788350417/0976_Hunna_Dolla_Bill.png","https://res.cloudinary.com/oxygre42/image/upload/f_auto,q_auto,c_pad,b_white,w_500,h_500/v1788350417/0976_Hunna_Dolla_Bill.png",,lifestyle,,detail,,scale,,alternate,1,0976_,https://mb1advancedsolutions.github.io/mb1-catalog/index.html?design=0976,
0977,MB1-0977,Indian Chief,home decor and inspirational,"https://res.cloudinary.com/oxygre42/image/upload/f_auto,q_auto,c_pad,b_white,w_1200,h_1200/v1788350419/0977_Indian_Chief.png","https://res.cloudinary.com/oxygre42/image/upload/f_auto,q_auto,c_pad,b_white,w_500,h_500/v1788350419/0977_Indian_Chief.png",,lifestyle,,detail,,scale,,alternate,1,0977_,https://mb1advancedsolutions.github.io/mb1-catalog/index.html?design=0977,
0978,MB1-0978,Infinity Monogram,family & name,"https://res.cloudinary.com/oxygre42/image/upload/f_auto,q_auto,c_pad,b_white,w_1200,h_1200/v1788350421/0978_Infinity_Monogram.png","https://res.cloudinary.com/oxygre42/image/upload/f_auto,q_auto,c_pad,b_white,w_500,h_500/v1788350421/0978_Infinity_Monogram.png",,lifestyle,,detail,,scale,,alternate,1,0978_,https://mb1advancedsolutions.github.io/mb1-catalog/index.html?design=0978,
0979,MB1-0979,Intermission,home decor and inspirational,"https://res.cloudinary.com/oxygre42/image/upload/f_auto,q_auto,c_pad,b_white,w_1200,h_1200/v1788350423/0979_Intermission.jpg","https://res.cloudinary.com/oxygre42/image/upload/f_auto,q_auto,c_pad,b_white,w_500,h_500/v1788350423/0979_Intermission.jpg",,lifestyle,,detail,,scale,,alternate,1,0979_,https://mb1advancedsolutions.github.io/mb1-catalog/index.html?design=0979,
0980,MB1-0980,Jesus Cross,home decor and inspirational,"https://res.cloudinary.com/oxygre42/image/upload/f_auto,q_auto,c_pad,b_white,w_1200,h_1200/v1788350425/0980_Jesus_Cross.png","https://res.cloudinary.com/oxygre42/image/upload/f_auto,q_auto,c_pad,b_white,w_500,h_500/v1788350425/0980_Jesus_Cross.png",,lifestyle,,detail,,scale,,alternate,1,0980_,https://mb1advancedsolutions.github.io/mb1-catalog/index.html?design=0980,
0981,MB1-0981,Jesus Fish and crosses,wildlife and outdoors,"https://res.cloudinary.com/oxygre42/image/upload/f_auto,q_auto,c_pad,b_white,w_1200,h_1200/v1788350426/0981_Jesus_Fish_and_crosses.png","https://res.cloudinary.com/oxygre42/image/upload/f_auto,q_auto,c_pad,b_white,w_500,h_500/v1788350426/0981_Jesus_Fish_and_crosses.png",,lifestyle,,detail,,scale,,alternate,1,0981_,https://mb1advancedsolutions.github.io/mb1-catalog/index.html?design=0981,
0982,MB1-0982,Jesus Fish w Cross,wildlife and outdoors,"https://res.cloudinary.com/oxygre42/image/upload/f_auto,q_auto,c_pad,b_white,w_1200,h_1200/v1788350428/0982_Jesus_Fish_w_Cross.png","https://res.cloudinary.com/oxygre42/image/upload/f_auto,q_auto,c_pad,b_white,w_500,h_500/v1788350428/0982_Jesus_Fish_w_Cross.png",,lifestyle,,detail,,scale,,alternate,1,0982_,https://mb1advancedsolutions.github.io/mb1-catalog/index.html?design=0982,
0983,MB1-0983,Jesus Fish,wildlife and outdoors,"https://res.cloudinary.com/oxygre42/image/upload/f_auto,q_auto,c_pad,b_white,w_1200,h_1200/v1788350430/0983_Jesus_Fish.png","https://res.cloudinary.com/oxygre42/image/upload/f_auto,q_auto,c_pad,b_white,w_500,h_500/v1788350430/0983_Jesus_Fish.png",,lifestyle,,detail,,scale,,alternate,1,0983_,https://mb1advancedsolutions.github.io/mb1-catalog/index.html?design=0983,
0984,MB1-0984,Kick your boots off,home decor and inspirational,"https://res.cloudinary.com/oxygre42/image/upload/f_auto,q_auto,c_pad,b_white,w_1200,h_1200/v1788350432/0984_Kick_your_boots_off.png","https://res.cloudinary.com/oxygre42/image/upload/f_auto,q_auto,c_pad,b_white,w_500,h_500/v1788350432/0984_Kick_your_boots_off.png",,lifestyle,,detail,,scale,,alternate,1,0984_,https://mb1advancedsolutions.github.io/mb1-catalog/index.html?design=0984,
0985,MB1-0985,Koi and lotus,wildlife and outdoors,"https://res.cloudinary.com/oxygre42/image/upload/f_auto,q_auto,c_pad,b_white,w_1200,h_1200/v1788350434/0985_Koi_and_lotus.png","https://res.cloudinary.com/oxygre42/image/upload/f_auto,q_auto,c_pad,b_white,w_500,h_500/v1788350434/0985_Koi_and_lotus.png",,lifestyle,,detail,,scale,,alternate,1,0985_,https://mb1advancedsolutions.github.io/mb1-catalog/index.html?design=0985,
0986,MB1-0986,Lady Liberty,seasonal and holiday,"https://res.cloudinary.com/oxygre42/image/upload/f_auto,q_auto,c_pad,b_white,w_1200,h_1200/v1788350436/0986_Lady_Liberty.png","https://res.cloudinary.com/oxygre42/image/upload/f_auto,q_auto,c_pad,b_white,w_500,h_500/v1788350436/0986_Lady_Liberty.png",,lifestyle,,detail,,scale,,alternate,1,0986_,https://mb1advancedsolutions.github.io/mb1-catalog/index.html?design=0986,
0987,MB1-0987,Las Vegas Poker Chip and Dice,sports and hobbies,"https://res.cloudinary.com/oxygre42/image/upload/f_auto,q_auto,c_pad,b_white,w_1200,h_1200/v1788350438/0987_Las_Vegas_Poker_Chip_and_Dice.png","https://res.cloudinary.com/oxygre42/image/upload/f_auto,q_auto,c_pad,b_white,w_500,h_500/v1788350438/0987_Las_Vegas_Poker_Chip_and_Dice.png",,lifestyle,,detail,,scale,,alternate,1,0987_,https://mb1advancedsolutions.github.io/mb1-catalog/index.html?design=0987,
0988,MB1-0988,Laundry Loads of Fun,home decor and inspirational,"https://res.cloudinary.com/oxygre42/image/upload/f_auto,q_auto,c_pad,b_white,w_1200,h_1200/v1788350439/0988_Laundry_Loads_of_Fun.png","https://res.cloudinary.com/oxygre42/image/upload/f_auto,q_auto,c_pad,b_white,w_500,h_500/v1788350439/0988_Laundry_Loads_of_Fun.png",,lifestyle,,detail,,scale,,alternate,1,0988_,https://mb1advancedsolutions.github.io/mb1-catalog/index.html?design=0988,
0989,MB1-0989,Laundry room dirty duds,home decor and inspirational,"https://res.cloudinary.com/oxygre42/image/upload/f_auto,q_auto,c_pad,b_white,w_1200,h_1200/v1788350441/0989_Laundry_room_dirty_duds.png","https://res.cloudinary.com/oxygre42/image/upload/f_auto,q_auto,c_pad,b_white,w_500,h_500/v1788350441/0989_Laundry_room_dirty_duds.png",,lifestyle,,detail,,scale,,alternate,1,0989_,https://mb1advancedsolutions.github.io/mb1-catalog/index.html?design=0989,
0990,MB1-0990,Let_s Eat,home decor and inspirational,"https://res.cloudinary.com/oxygre42/image/upload/f_auto,q_auto,c_pad,b_white,w_1200,h_1200/v1788350443/0990_Let_s_Eat.png","https://res.cloudinary.com/oxygre42/image/upload/f_auto,q_auto,c_pad,b_white,w_500,h_500/v1788350443/0990_Let_s_Eat.png",,lifestyle,,detail,,scale,,alternate,1,0990_,https://mb1advancedsolutions.github.io/mb1-catalog/index.html?design=0990,
0991,MB1-0991,Life gives you lemons,home decor and inspirational,"https://res.cloudinary.com/oxygre42/image/upload/f_auto,q_auto,c_pad,b_white,w_1200,h_1200/v1788350445/0991_Life_gives_you_lemons.png","https://res.cloudinary.com/oxygre42/image/upload/f_auto,q_auto,c_pad,b_white,w_500,h_500/v1788350445/0991_Life_gives_you_lemons.png",,lifestyle,,detail,,scale,,alternate,1,0991_,https://mb1advancedsolutions.github.io/mb1-catalog/index.html?design=0991,
0992,MB1-0992,Lifes a beach surf board,beach and coastal,"https://res.cloudinary.com/oxygre42/image/upload/f_auto,q_auto,c_pad,b_white,w_1200,h_1200/v1788350447/0992_Lifes_a_beach_surf_board.png","https://res.cloudinary.com/oxygre42/image/upload/f_auto,q_auto,c_pad,b_white,w_500,h_500/v1788350447/0992_Lifes_a_beach_surf_board.png",,lifestyle,,detail,,scale,,alternate,1,0992_,https://mb1advancedsolutions.github.io/mb1-catalog/index.html?design=0992,
0994,MB1-0994,Lineman Electrician skull,garage and workshop,"https://res.cloudinary.com/oxygre42/image/upload/f_auto,q_auto,c_pad,b_white,w_1200,h_1200/v1788350449/0994_Lineman_Electrician_skull.png","https://res.cloudinary.com/oxygre42/image/upload/f_auto,q_auto,c_pad,b_white,w_500,h_500/v1788350449/0994_Lineman_Electrician_skull.png",,lifestyle,,detail,,scale,,alternate,1,0994_,https://mb1advancedsolutions.github.io/mb1-catalog/index.html?design=0994,
0995,MB1-0995,Lion Head,wildlife and outdoors,"https://res.cloudinary.com/oxygre42/image/upload/f_auto,q_auto,c_pad,b_white,w_1200,h_1200/v1788350451/0995_Lion_Head.png","https://res.cloudinary.com/oxygre42/image/upload/f_auto,q_auto,c_pad,b_white,w_500,h_500/v1788350451/0995_Lion_Head.png",,lifestyle,,detail,,scale,,alternate,1,0995_,https://mb1advancedsolutions.github.io/mb1-catalog/index.html?design=0995,
0996,MB1-0996,Live laugh poop,home decor and inspirational,"https://res.cloudinary.com/oxygre42/image/upload/f_auto,q_auto,c_pad,b_white,w_1200,h_1200/v1788350453/0996_Live_laugh_poop.png","https://res.cloudinary.com/oxygre42/image/upload/f_auto,q_auto,c_pad,b_white,w_500,h_500/v1788350453/0996_Live_laugh_poop.png",,lifestyle,,detail,,scale,,alternate,1,0996_,https://mb1advancedsolutions.github.io/mb1-catalog/index.html?design=0996,
0997,MB1-0997,Love 420,home decor and inspirational,"https://res.cloudinary.com/oxygre42/image/upload/f_auto,q_auto,c_pad,b_white,w_1200,h_1200/v1788350454/0997_Love_420.png","https://res.cloudinary.com/oxygre42/image/upload/f_auto,q_auto,c_pad,b_white,w_500,h_500/v1788350454/0997_Love_420.png",,lifestyle,,detail,,scale,,alternate,1,0997_,https://mb1advancedsolutions.github.io/mb1-catalog/index.html?design=0997,
0998,MB1-0998,Machinist Skull,garage and workshop,"https://res.cloudinary.com/oxygre42/image/upload/f_auto,q_auto,c_pad,b_white,w_1200,h_1200/v1788350456/0998_Machinist_Skull.png","https://res.cloudinary.com/oxygre42/image/upload/f_auto,q_auto,c_pad,b_white,w_500,h_500/v1788350456/0998_Machinist_Skull.png",,lifestyle,,detail,,scale,,alternate,1,0998_,https://mb1advancedsolutions.github.io/mb1-catalog/index.html?design=0998,
1000,MB1-1000,Man Cave Poker Chip and Dice,sports and hobbies,"https://res.cloudinary.com/oxygre42/image/upload/f_auto,q_auto,c_pad,b_white,w_1200,h_1200/v1788350460/1000_Man_Cave_Poker_Chip_and_Dice.png","https://res.cloudinary.com/oxygre42/image/upload/f_auto,q_auto,c_pad,b_white,w_500,h_500/v1788350460/1000_Man_Cave_Poker_Chip_and_Dice.png",,lifestyle,,detail,,scale,,alternate,1,1000_,https://mb1advancedsolutions.github.io/mb1-catalog/index.html?design=1000,
1001,MB1-1001,Man Cave Saw blade,home decor and inspirational,"https://res.cloudinary.com/oxygre42/image/upload/f_auto,q_auto,c_pad,b_white,w_1200,h_1200/v1788350462/1001_Man_Cave_Saw_blade.jpg","https://res.cloudinary.com/oxygre42/image/upload/f_auto,q_auto,c_pad,b_white,w_500,h_500/v1788350462/1001_Man_Cave_Saw_blade.jpg",,lifestyle,,detail,,scale,,alternate,1,1001_,https://mb1advancedsolutions.github.io/mb1-catalog/index.html?design=1001,
1005,MB1-1005,Marlin and Compass,lake house and nautical,"https://res.cloudinary.com/oxygre42/image/upload/f_auto,q_auto,c_pad,b_white,w_1200,h_1200/v1788350468/1005_Marlin_and_Compass.jpg","https://res.cloudinary.com/oxygre42/image/upload/f_auto,q_auto,c_pad,b_white,w_500,h_500/v1788350468/1005_Marlin_and_Compass.jpg",,lifestyle,,detail,,scale,,alternate,1,1005_,https://mb1advancedsolutions.github.io/mb1-catalog/index.html?design=1005,
1006,MB1-1006,Mary Jane,home decor and inspirational,"https://res.cloudinary.com/oxygre42/image/upload/f_auto,q_auto,c_pad,b_white,w_1200,h_1200/v1788350469/1006_Mary_Jane.png","https://res.cloudinary.com/oxygre42/image/upload/f_auto,q_auto,c_pad,b_white,w_500,h_500/v1788350469/1006_Mary_Jane.png",,lifestyle,,detail,,scale,,alternate,1,1006_,https://mb1advancedsolutions.github.io/mb1-catalog/index.html?design=1006,
1007,MB1-1007,Mary Janes killer chronic,home decor and inspirational,"https://res.cloudinary.com/oxygre42/image/upload/f_auto,q_auto,c_pad,b_white,w_1200,h_1200/v1788350471/1007_Mary_Janes_killer_chronic.png","https://res.cloudinary.com/oxygre42/image/upload/f_auto,q_auto,c_pad,b_white,w_500,h_500/v1788350471/1007_Mary_Janes_killer_chronic.png",,lifestyle,,detail,,scale,,alternate,1,1007_,https://mb1advancedsolutions.github.io/mb1-catalog/index.html?design=1007,
1008,MB1-1008,Mechanic,garage and workshop,"https://res.cloudinary.com/oxygre42/image/upload/f_auto,q_auto,c_pad,b_white,w_1200,h_1200/v1788350473/1008_Mechanic.png","https://res.cloudinary.com/oxygre42/image/upload/f_auto,q_auto,c_pad,b_white,w_500,h_500/v1788350473/1008_Mechanic.png",,lifestyle,,detail,,scale,,alternate,1,1008_,https://mb1advancedsolutions.github.io/mb1-catalog/index.html?design=1008,
1012,MB1-1012,Memorial Design Palatino Linotype font,memorial and tribute,"https://res.cloudinary.com/oxygre42/image/upload/f_auto,q_auto,c_pad,b_white,w_1200,h_1200/v1788350475/1012_Memorial_Design_Palatino_Linotype_font.png","https://res.cloudinary.com/oxygre42/image/upload/f_auto,q_auto,c_pad,b_white,w_500,h_500/v1788350475/1012_Memorial_Design_Palatino_Linotype_font.png",,lifestyle,,detail,,scale,,alternate,1,1012_,https://mb1advancedsolutions.github.io/mb1-catalog/index.html?design=1012,
1013,MB1-1013,Merry Christmas,seasonal and holiday,"https://res.cloudinary.com/oxygre42/image/upload/f_auto,q_auto,c_pad,b_white,w_1200,h_1200/v1788350477/1013_Merry_Christmas.png","https://res.cloudinary.com/oxygre42/image/upload/f_auto,q_auto,c_pad,b_white,w_500,h_500/v1788350477/1013_Merry_Christmas.png",,lifestyle,,detail,,scale,,alternate,1,1013_,https://mb1advancedsolutions.github.io/mb1-catalog/index.html?design=1013,
1014,MB1-1014,Moms She Shed,home decor and inspirational,"https://res.cloudinary.com/oxygre42/image/upload/f_auto,q_auto,c_pad,b_white,w_1200,h_1200/v1788350479/1014_Moms_She_Shed.png","https://res.cloudinary.com/oxygre42/image/upload/f_auto,q_auto,c_pad,b_white,w_500,h_500/v1788350479/1014_Moms_She_Shed.png",,lifestyle,,detail,,scale,,alternate,1,1014_,https://mb1advancedsolutions.github.io/mb1-catalog/index.html?design=1014,
1015,MB1-1015,Monogram Mason Jar,family & name,"https://res.cloudinary.com/oxygre42/image/upload/f_auto,q_auto,c_pad,b_white,w_1200,h_1200/v1788350481/1015_Monogram_Mason_Jar.png","https://res.cloudinary.com/oxygre42/image/upload/f_auto,q_auto,c_pad,b_white,w_500,h_500/v1788350481/1015_Monogram_Mason_Jar.png",,lifestyle,,detail,,scale,,alternate,1,1015_,https://mb1advancedsolutions.github.io/mb1-catalog/index.html?design=1015,
1016,MB1-1016,Monogram Round deco,family & name,"https://res.cloudinary.com/oxygre42/image/upload/f_auto,q_auto,c_pad,b_white,w_1200,h_1200/v1788350482/1016_Monogram_Round_deco.png","https://res.cloudinary.com/oxygre42/image/upload/f_auto,q_auto,c_pad,b_white,w_500,h_500/v1788350482/1016_Monogram_Round_deco.png",,lifestyle,,detail,,scale,,alternate,1,1016_,https://mb1advancedsolutions.github.io/mb1-catalog/index.html?design=1016,
1017,MB1-1017,Moon and back 18 x 18,home decor and inspirational,"https://res.cloudinary.com/oxygre42/image/upload/f_auto,q_auto,c_pad,b_white,w_1200,h_1200/v1788350484/1017_Moon_and_back_18_x_18.png","https://res.cloudinary.com/oxygre42/image/upload/f_auto,q_auto,c_pad,b_white,w_500,h_500/v1788350484/1017_Moon_and_back_18_x_18.png",,lifestyle,,detail,,scale,,alternate,1,1017_,https://mb1advancedsolutions.github.io/mb1-catalog/index.html?design=1017,
1019,MB1-1019,Moon and back new,home decor and inspirational,"https://res.cloudinary.com/oxygre42/image/upload/f_auto,q_auto,c_pad,b_white,w_1200,h_1200/v1788350486/1019_Moon_and_back_new.png","https://res.cloudinary.com/oxygre42/image/upload/f_auto,q_auto,c_pad,b_white,w_500,h_500/v1788350486/1019_Moon_and_back_new.png",,lifestyle,,detail,,scale,,alternate,1,1019_,https://mb1advancedsolutions.github.io/mb1-catalog/index.html?design=1019,
1020,MB1-1020,Moon to my Shine,home decor and inspirational,"https://res.cloudinary.com/oxygre42/image/upload/f_auto,q_auto,c_pad,b_white,w_1200,h_1200/v1788350488/1020_Moon_to_my_Shine.png","https://res.cloudinary.com/oxygre42/image/upload/f_auto,q_auto,c_pad,b_white,w_500,h_500/v1788350488/1020_Moon_to_my_Shine.png",,lifestyle,,detail,,scale,,alternate,1,1020_,https://mb1advancedsolutions.github.io/mb1-catalog/index.html?design=1020,
1021,MB1-1021,Moon to my shine old,home decor and inspirational,"https://res.cloudinary.com/oxygre42/image/upload/f_auto,q_auto,c_pad,b_white,w_1200,h_1200/v1788350490/1021_Moon_to_my_shine_old.png","https://res.cloudinary.com/oxygre42/image/upload/f_auto,q_auto,c_pad,b_white,w_500,h_500/v1788350490/1021_Moon_to_my_shine_old.png",,lifestyle,,detail,,scale,,alternate,1,1021_,https://mb1advancedsolutions.github.io/mb1-catalog/index.html?design=1021,
1022,MB1-1022,Moonshine in a Mason Jar,home decor and inspirational,"https://res.cloudinary.com/oxygre42/image/upload/f_auto,q_auto,c_pad,b_white,w_1200,h_1200/v1788350492/1022_Moonshine_in_a_Mason_Jar.png","https://res.cloudinary.com/oxygre42/image/upload/f_auto,q_auto,c_pad,b_white,w_500,h_500/v1788350492/1022_Moonshine_in_a_Mason_Jar.png",,lifestyle,,detail,,scale,,alternate,1,1022_,https://mb1advancedsolutions.github.io/mb1-catalog/index.html?design=1022,
1023,MB1-1023,Movie Ticket,sports and hobbies,"https://res.cloudinary.com/oxygre42/image/upload/f_auto,q_auto,c_pad,b_white,w_1200,h_1200/v1788350494/1023_Movie_Ticket.png","https://res.cloudinary.com/oxygre42/image/upload/f_auto,q_auto,c_pad,b_white,w_500,h_500/v1788350494/1023_Movie_Ticket.png",,lifestyle,,detail,,scale,,alternate,1,1023_,https://mb1advancedsolutions.github.io/mb1-catalog/index.html?design=1023,
1024,MB1-1024,Mr _ Mrs wine glasses monogram,wedding and events,"https://res.cloudinary.com/oxygre42/image/upload/f_auto,q_auto,c_pad,b_white,w_1200,h_1200/v1788350496/1024_Mr___Mrs_wine_glasses_monogram.png","https://res.cloudinary.com/oxygre42/image/upload/f_auto,q_auto,c_pad,b_white,w_500,h_500/v1788350496/1024_Mr___Mrs_wine_glasses_monogram.png",,lifestyle,,detail,,scale,,alternate,1,1024_,https://mb1advancedsolutions.github.io/mb1-catalog/index.html?design=1024,
1025,MB1-1025,Mr _ Mrs,wedding and events,"https://res.cloudinary.com/oxygre42/image/upload/f_auto,q_auto,c_pad,b_white,w_1200,h_1200/v1788350497/1025_Mr___Mrs.png","https://res.cloudinary.com/oxygre42/image/upload/f_auto,q_auto,c_pad,b_white,w_500,h_500/v1788350497/1025_Mr___Mrs.png",,lifestyle,,detail,,scale,,alternate,1,1025_,https://mb1advancedsolutions.github.io/mb1-catalog/index.html?design=1025,
1026,MB1-1026,Mr and Mrs with Est,wedding and events,"https://res.cloudinary.com/oxygre42/image/upload/f_auto,q_auto,c_pad,b_white,w_1200,h_1200/v1788350499/1026_Mr_and_Mrs_with_Est.png","https://res.cloudinary.com/oxygre42/image/upload/f_auto,q_auto,c_pad,b_white,w_500,h_500/v1788350499/1026_Mr_and_Mrs_with_Est.png",,lifestyle,,detail,,scale,,alternate,1,1026_,https://mb1advancedsolutions.github.io/mb1-catalog/index.html?design=1026,
1027,MB1-1027,Name Sign Date Established Blank,family & name,"https://res.cloudinary.com/oxygre42/image/upload/f_auto,q_auto,c_pad,b_white,w_1200,h_1200/v1788350501/1027_Name_Sign_Date_Established_Blank.png","https://res.cloudinary.com/oxygre42/image/upload/f_auto,q_auto,c_pad,b_white,w_500,h_500/v1788350501/1027_Name_Sign_Date_Established_Blank.png",,lifestyle,,detail,,scale,,alternate,1,1027_,https://mb1advancedsolutions.github.io/mb1-catalog/index.html?design=1027,
1028,MB1-1028,Nautical compass roses,lake house and nautical,"https://res.cloudinary.com/oxygre42/image/upload/f_auto,q_auto,c_pad,b_white,w_1200,h_1200/v1788350503/1028_Nautical_compass_roses.png","https://res.cloudinary.com/oxygre42/image/upload/f_auto,q_auto,c_pad,b_white,w_500,h_500/v1788350503/1028_Nautical_compass_roses.png",,lifestyle,,detail,,scale,,alternate,1,1028_,https://mb1advancedsolutions.github.io/mb1-catalog/index.html?design=1028,
1029,MB1-1029,No Pain No GainTattoo gun,sports and hobbies,"https://res.cloudinary.com/oxygre42/image/upload/f_auto,q_auto,c_pad,b_white,w_1200,h_1200/v1788350505/1029_No_Pain_No_GainTattoo_gun.png","https://res.cloudinary.com/oxygre42/image/upload/f_auto,q_auto,c_pad,b_white,w_500,h_500/v1788350505/1029_No_Pain_No_GainTattoo_gun.png",,lifestyle,,detail,,scale,,alternate,1,1029_,https://mb1advancedsolutions.github.io/mb1-catalog/index.html?design=1029,
1030,MB1-1030,No Trespassing target,address and property,"https://res.cloudinary.com/oxygre42/image/upload/f_auto,q_auto,c_pad,b_white,w_1200,h_1200/v1788350507/1030_No_Trespassing_target.png","https://res.cloudinary.com/oxygre42/image/upload/f_auto,q_auto,c_pad,b_white,w_500,h_500/v1788350507/1030_No_Trespassing_target.png",,lifestyle,,detail,,scale,,alternate,1,1030_,https://mb1advancedsolutions.github.io/mb1-catalog/index.html?design=1030,
1031,MB1-1031,No coffee no workee,home decor and inspirational,"https://res.cloudinary.com/oxygre42/image/upload/f_auto,q_auto,c_pad,b_white,w_1200,h_1200/v1788350509/1031_No_coffee_no_workee.png","https://res.cloudinary.com/oxygre42/image/upload/f_auto,q_auto,c_pad,b_white,w_500,h_500/v1788350509/1031_No_coffee_no_workee.png",,lifestyle,,detail,,scale,,alternate,1,1031_,https://mb1advancedsolutions.github.io/mb1-catalog/index.html?design=1031,
1032,MB1-1032,North Carolina Roots,wildlife and outdoors,"https://res.cloudinary.com/oxygre42/image/upload/f_auto,q_auto,c_pad,b_white,w_1200,h_1200/v1788350511/1032_North_Carolina_Roots.png","https://res.cloudinary.com/oxygre42/image/upload/f_auto,q_auto,c_pad,b_white,w_500,h_500/v1788350511/1032_North_Carolina_Roots.png",,lifestyle,,detail,,scale,,alternate,1,1032_,https://mb1advancedsolutions.github.io/mb1-catalog/index.html?design=1032,
1033,MB1-1033,North Carolina home,home decor and inspirational,"https://res.cloudinary.com/oxygre42/image/upload/f_auto,q_auto,c_pad,b_white,w_1200,h_1200/v1788350512/1033_North_Carolina_home.png","https://res.cloudinary.com/oxygre42/image/upload/f_auto,q_auto,c_pad,b_white,w_500,h_500/v1788350512/1033_North_Carolina_home.png",,lifestyle,,detail,,scale,,alternate,1,1033_,https://mb1advancedsolutions.github.io/mb1-catalog/index.html?design=1033,
1035,MB1-1035,North pole air mail,seasonal and holiday,"https://res.cloudinary.com/oxygre42/image/upload/f_auto,q_auto,c_pad,b_white,w_1200,h_1200/v1788350514/1035_North_pole_air_mail.png","https://res.cloudinary.com/oxygre42/image/upload/f_auto,q_auto,c_pad,b_white,w_500,h_500/v1788350514/1035_North_pole_air_mail.png",,lifestyle,,detail,,scale,,alternate,1,1035_,https://mb1advancedsolutions.github.io/mb1-catalog/index.html?design=1035,
1037,MB1-1037,OLD GLORY,seasonal and holiday,"https://res.cloudinary.com/oxygre42/image/upload/f_auto,q_auto,c_pad,b_white,w_1200,h_1200/v1788350518/1037_OLD_GLORY.jpg","https://res.cloudinary.com/oxygre42/image/upload/f_auto,q_auto,c_pad,b_white,w_500,h_500/v1788350518/1037_OLD_GLORY.jpg",,lifestyle,,detail,,scale,,alternate,1,1037_,https://mb1advancedsolutions.github.io/mb1-catalog/index.html?design=1037,
1038,MB1-1038,Octopus,wildlife and outdoors,"https://res.cloudinary.com/oxygre42/image/upload/f_auto,q_auto,c_pad,b_white,w_1200,h_1200/v1788350520/1038_Octopus.jpg","https://res.cloudinary.com/oxygre42/image/upload/f_auto,q_auto,c_pad,b_white,w_500,h_500/v1788350520/1038_Octopus.jpg",,lifestyle,,detail,,scale,,alternate,1,1038_,https://mb1advancedsolutions.github.io/mb1-catalog/index.html?design=1038,
1039,MB1-1039,Owl and Key,wildlife and outdoors,"https://res.cloudinary.com/oxygre42/image/upload/f_auto,q_auto,c_pad,b_white,w_1200,h_1200/v1788350522/1039_Owl_and_Key.png","https://res.cloudinary.com/oxygre42/image/upload/f_auto,q_auto,c_pad,b_white,w_500,h_500/v1788350522/1039_Owl_and_Key.png",,lifestyle,,detail,,scale,,alternate,1,1039_,https://mb1advancedsolutions.github.io/mb1-catalog/index.html?design=1039,
1040,MB1-1040,POW MIA Eagle 36 inch,wildlife and outdoors,"https://res.cloudinary.com/oxygre42/image/upload/f_auto,q_auto,c_pad,b_white,w_1200,h_1200/v1788350524/1040_POW_MIA_Eagle_36_inch.png","https://res.cloudinary.com/oxygre42/image/upload/f_auto,q_auto,c_pad,b_white,w_500,h_500/v1788350524/1040_POW_MIA_Eagle_36_inch.png",,lifestyle,,detail,,scale,,alternate,1,1040_,https://mb1advancedsolutions.github.io/mb1-catalog/index.html?design=1040,
1041,MB1-1041,Pantry,home decor and inspirational,"https://res.cloudinary.com/oxygre42/image/upload/f_auto,q_auto,c_pad,b_white,w_1200,h_1200/v1788350525/1041_Pantry.png","https://res.cloudinary.com/oxygre42/image/upload/f_auto,q_auto,c_pad,b_white,w_500,h_500/v1788350525/1041_Pantry.png",,lifestyle,,detail,,scale,,alternate,1,1041_,https://mb1advancedsolutions.github.io/mb1-catalog/index.html?design=1041,
1042,MB1-1042,Papas Hangar,garage and workshop,"https://res.cloudinary.com/oxygre42/image/upload/f_auto,q_auto,c_pad,b_white,w_1200,h_1200/v1788350527/1042_Papas_Hangar.png","https://res.cloudinary.com/oxygre42/image/upload/f_auto,q_auto,c_pad,b_white,w_500,h_500/v1788350527/1042_Papas_Hangar.png",,lifestyle,,detail,,scale,,alternate,1,1042_,https://mb1advancedsolutions.github.io/mb1-catalog/index.html?design=1042,
1043,MB1-1043,Papas Man Cave,home decor and inspirational,"https://res.cloudinary.com/oxygre42/image/upload/f_auto,q_auto,c_pad,b_white,w_1200,h_1200/v1788350529/1043_Papas_Man_Cave.png","https://res.cloudinary.com/oxygre42/image/upload/f_auto,q_auto,c_pad,b_white,w_500,h_500/v1788350529/1043_Papas_Man_Cave.png",,lifestyle,,detail,,scale,,alternate,1,1043_,https://mb1advancedsolutions.github.io/mb1-catalog/index.html?design=1043,
1044,MB1-1044,Penny,sports and hobbies,"https://res.cloudinary.com/oxygre42/image/upload/f_auto,q_auto,c_pad,b_white,w_1200,h_1200/v1788350532/1044_Penny.png","https://res.cloudinary.com/oxygre42/image/upload/f_auto,q_auto,c_pad,b_white,w_500,h_500/v1788350532/1044_Penny.png",,lifestyle,,detail,,scale,,alternate,1,1044_,https://mb1advancedsolutions.github.io/mb1-catalog/index.html?design=1044,
1045,MB1-1045,Piston Skull,garage and workshop,"https://res.cloudinary.com/oxygre42/image/upload/f_auto,q_auto,c_pad,b_white,w_1200,h_1200/v1788350533/1045_Piston_Skull.png","https://res.cloudinary.com/oxygre42/image/upload/f_auto,q_auto,c_pad,b_white,w_500,h_500/v1788350533/1045_Piston_Skull.png",,lifestyle,,detail,,scale,,alternate,1,1045_,https://mb1advancedsolutions.github.io/mb1-catalog/index.html?design=1045,
1046,MB1-1046,Piston and gear garage sign,garage and workshop,"https://res.cloudinary.com/oxygre42/image/upload/f_auto,q_auto,c_pad,b_white,w_1200,h_1200/v1788350535/1046_Piston_and_gear_garage_sign.png","https://res.cloudinary.com/oxygre42/image/upload/f_auto,q_auto,c_pad,b_white,w_500,h_500/v1788350535/1046_Piston_and_gear_garage_sign.png",,lifestyle,,detail,,scale,,alternate,1,1046_,https://mb1advancedsolutions.github.io/mb1-catalog/index.html?design=1046,
1047,MB1-1047,Planchette,home decor and inspirational,"https://res.cloudinary.com/oxygre42/image/upload/f_auto,q_auto,c_pad,b_white,w_1200,h_1200/v1788350537/1047_Planchette.png","https://res.cloudinary.com/oxygre42/image/upload/f_auto,q_auto,c_pad,b_white,w_500,h_500/v1788350537/1047_Planchette.png",,lifestyle,,detail,,scale,,alternate,1,1047_,https://mb1advancedsolutions.github.io/mb1-catalog/index.html?design=1047,
1049,MB1-1049,Pork cuts butchers diagram,farm and western,"https://res.cloudinary.com/oxygre42/image/upload/f_auto,q_auto,c_pad,b_white,w_1200,h_1200/v1788350539/1049_Pork_cuts_butchers_diagram.png","https://res.cloudinary.com/oxygre42/image/upload/f_auto,q_auto,c_pad,b_white,w_500,h_500/v1788350539/1049_Pork_cuts_butchers_diagram.png",,lifestyle,,detail,,scale,,alternate,1,1049_,https://mb1advancedsolutions.github.io/mb1-catalog/index.html?design=1049,
1050,MB1-1050,Protected by the Lord and a Gun,sports and hobbies,"https://res.cloudinary.com/oxygre42/image/upload/f_auto,q_auto,c_pad,b_white,w_1200,h_1200/v1788350540/1050_Protected_by_the_Lord_and_a_Gun.png","https://res.cloudinary.com/oxygre42/image/upload/f_auto,q_auto,c_pad,b_white,w_500,h_500/v1788350540/1050_Protected_by_the_Lord_and_a_Gun.png",,lifestyle,,detail,,scale,,alternate,1,1050_,https://mb1advancedsolutions.github.io/mb1-catalog/index.html?design=1050,
1051,MB1-1051,Pumpkin 3,seasonal and holiday,"https://res.cloudinary.com/oxygre42/image/upload/f_auto,q_auto,c_pad,b_white,w_1200,h_1200/v1788350542/1051_Pumpkin_3.png","https://res.cloudinary.com/oxygre42/image/upload/f_auto,q_auto,c_pad,b_white,w_500,h_500/v1788350542/1051_Pumpkin_3.png",,lifestyle,,detail,,scale,,alternate,1,1051_,https://mb1advancedsolutions.github.io/mb1-catalog/index.html?design=1051,
1052,MB1-1052,Pumpkin Monogram Frame,seasonal and holiday,"https://res.cloudinary.com/oxygre42/image/upload/f_auto,q_auto,c_pad,b_white,w_1200,h_1200/v1788350544/1052_Pumpkin_Monogram_Frame.png","https://res.cloudinary.com/oxygre42/image/upload/f_auto,q_auto,c_pad,b_white,w_500,h_500/v1788350544/1052_Pumpkin_Monogram_Frame.png",,lifestyle,,detail,,scale,,alternate,1,1052_,https://mb1advancedsolutions.github.io/mb1-catalog/index.html?design=1052,
1053,MB1-1053,Quarter pound,sports and hobbies,"https://res.cloudinary.com/oxygre42/image/upload/f_auto,q_auto,c_pad,b_white,w_1200,h_1200/v1788350546/1053_Quarter_pound.png","https://res.cloudinary.com/oxygre42/image/upload/f_auto,q_auto,c_pad,b_white,w_500,h_500/v1788350546/1053_Quarter_pound.png",,lifestyle,,detail,,scale,,alternate,1,1053_,https://mb1advancedsolutions.github.io/mb1-catalog/index.html?design=1053,
1056,MB1-1056,Rat Rod,garage and workshop,"https://res.cloudinary.com/oxygre42/image/upload/f_auto,q_auto,c_pad,b_white,w_1200,h_1200/v1788350552/1056_Rat_Rod.png","https://res.cloudinary.com/oxygre42/image/upload/f_auto,q_auto,c_pad,b_white,w_500,h_500/v1788350552/1056_Rat_Rod.png",,lifestyle,,detail,,scale,,alternate,1,1056_,https://mb1advancedsolutions.github.io/mb1-catalog/index.html?design=1056,
1058,MB1-1058,Revelation 1911,home decor and inspirational,"https://res.cloudinary.com/oxygre42/image/upload/f_auto,q_auto,c_pad,b_white,w_1200,h_1200/v1788350555/1058_Revelation_1911.png","https://res.cloudinary.com/oxygre42/image/upload/f_auto,q_auto,c_pad,b_white,w_500,h_500/v1788350555/1058_Revelation_1911.png",,lifestyle,,detail,,scale,,alternate,1,1058_,https://mb1advancedsolutions.github.io/mb1-catalog/index.html?design=1058,
1059,MB1-1059,Rock _ Roll Guitar,sports and hobbies,"https://res.cloudinary.com/oxygre42/image/upload/f_auto,q_auto,c_pad,b_white,w_1200,h_1200/v1788350557/1059_Rock___Roll_Guitar.png","https://res.cloudinary.com/oxygre42/image/upload/f_auto,q_auto,c_pad,b_white,w_500,h_500/v1788350557/1059_Rock___Roll_Guitar.png",,lifestyle,,detail,,scale,,alternate,1,1059_,https://mb1advancedsolutions.github.io/mb1-catalog/index.html?design=1059,
1060,MB1-1060,Rose and skull design,home decor and inspirational,"https://res.cloudinary.com/oxygre42/image/upload/f_auto,q_auto,c_pad,b_white,w_1200,h_1200/v1788350559/1060_Rose_and_skull_design.png","https://res.cloudinary.com/oxygre42/image/upload/f_auto,q_auto,c_pad,b_white,w_500,h_500/v1788350559/1060_Rose_and_skull_design.png",,lifestyle,,detail,,scale,,alternate,1,1060_,https://mb1advancedsolutions.github.io/mb1-catalog/index.html?design=1060,
1061,MB1-1061,Route 66 Bullet Holes,home decor and inspirational,"https://res.cloudinary.com/oxygre42/image/upload/f_auto,q_auto,c_pad,b_white,w_1200,h_1200/v1788350561/1061_Route_66_Bullet_Holes.png","https://res.cloudinary.com/oxygre42/image/upload/f_auto,q_auto,c_pad,b_white,w_500,h_500/v1788350561/1061_Route_66_Bullet_Holes.png",,lifestyle,,detail,,scale,,alternate,1,1061_,https://mb1advancedsolutions.github.io/mb1-catalog/index.html?design=1061,
1062,MB1-1062,Route 66,home decor and inspirational,"https://res.cloudinary.com/oxygre42/image/upload/f_auto,q_auto,c_pad,b_white,w_1200,h_1200/v1788350563/1062_Route_66.png","https://res.cloudinary.com/oxygre42/image/upload/f_auto,q_auto,c_pad,b_white,w_500,h_500/v1788350563/1062_Route_66.png",,lifestyle,,detail,,scale,,alternate,1,1062_,https://mb1advancedsolutions.github.io/mb1-catalog/index.html?design=1062,
1064,MB1-1064,SKULBULB,home decor and inspirational,"https://res.cloudinary.com/oxygre42/image/upload/f_auto,q_auto,c_pad,b_white,w_1200,h_1200/v1788350567/1064_SKULBULB.png","https://res.cloudinary.com/oxygre42/image/upload/f_auto,q_auto,c_pad,b_white,w_500,h_500/v1788350567/1064_SKULBULB.png",,lifestyle,,detail,,scale,,alternate,1,1064_,https://mb1advancedsolutions.github.io/mb1-catalog/index.html?design=1064,
1065,MB1-1065,Santa Skull,seasonal and holiday,"https://res.cloudinary.com/oxygre42/image/upload/f_auto,q_auto,c_pad,b_white,w_1200,h_1200/v1788350569/1065_Santa_Skull.png","https://res.cloudinary.com/oxygre42/image/upload/f_auto,q_auto,c_pad,b_white,w_500,h_500/v1788350569/1065_Santa_Skull.png",,lifestyle,,detail,,scale,,alternate,1,1065_,https://mb1advancedsolutions.github.io/mb1-catalog/index.html?design=1065,
1066,MB1-1066,Sawdust is man glitter,garage and workshop,"https://res.cloudinary.com/oxygre42/image/upload/f_auto,q_auto,c_pad,b_white,w_1200,h_1200/v1788350571/1066_Sawdust_is_man_glitter.png","https://res.cloudinary.com/oxygre42/image/upload/f_auto,q_auto,c_pad,b_white,w_500,h_500/v1788350571/1066_Sawdust_is_man_glitter.png",,lifestyle,,detail,,scale,,alternate,1,1066_,https://mb1advancedsolutions.github.io/mb1-catalog/index.html?design=1066,
1067,MB1-1067,Scroll cross,home decor and inspirational,"https://res.cloudinary.com/oxygre42/image/upload/f_auto,q_auto,c_pad,b_white,w_1200,h_1200/v1788350572/1067_Scroll_cross.png","https://res.cloudinary.com/oxygre42/image/upload/f_auto,q_auto,c_pad,b_white,w_500,h_500/v1788350572/1067_Scroll_cross.png",,lifestyle,,detail,,scale,,alternate,1,1067_,https://mb1advancedsolutions.github.io/mb1-catalog/index.html?design=1067,
1068,MB1-1068,Semi front end,garage and workshop,"https://res.cloudinary.com/oxygre42/image/upload/f_auto,q_auto,c_pad,b_white,w_1200,h_1200/v1788350574/1068_Semi_front_end.png","https://res.cloudinary.com/oxygre42/image/upload/f_auto,q_auto,c_pad,b_white,w_500,h_500/v1788350574/1068_Semi_front_end.png",,lifestyle,,detail,,scale,,alternate,1,1068_,https://mb1advancedsolutions.github.io/mb1-catalog/index.html?design=1068,
1069,MB1-1069,Semi,garage and workshop,"https://res.cloudinary.com/oxygre42/image/upload/f_auto,q_auto,c_pad,b_white,w_1200,h_1200/v1788350576/1069_Semi.png","https://res.cloudinary.com/oxygre42/image/upload/f_auto,q_auto,c_pad,b_white,w_500,h_500/v1788350576/1069_Semi.png",,lifestyle,,detail,,scale,,alternate,1,1069_,https://mb1advancedsolutions.github.io/mb1-catalog/index.html?design=1069,
1070,MB1-1070,She Shed saw blade,home decor and inspirational,"https://res.cloudinary.com/oxygre42/image/upload/f_auto,q_auto,c_pad,b_white,w_1200,h_1200/v1788350578/1070_She_Shed_saw_blade.png","https://res.cloudinary.com/oxygre42/image/upload/f_auto,q_auto,c_pad,b_white,w_500,h_500/v1788350578/1070_She_Shed_saw_blade.png",,lifestyle,,detail,,scale,,alternate,1,1070_,https://mb1advancedsolutions.github.io/mb1-catalog/index.html?design=1070,
1071,MB1-1071,Ships wheel and rope,lake house and nautical,"https://res.cloudinary.com/oxygre42/image/upload/f_auto,q_auto,c_pad,b_white,w_1200,h_1200/v1788350580/1071_Ships_wheel_and_rope.png","https://res.cloudinary.com/oxygre42/image/upload/f_auto,q_auto,c_pad,b_white,w_500,h_500/v1788350580/1071_Ships_wheel_and_rope.png",,lifestyle,,detail,,scale,,alternate,1,1071_,https://mb1advancedsolutions.github.io/mb1-catalog/index.html?design=1071,
1072,MB1-1072,Shoot your local,home decor and inspirational,"https://res.cloudinary.com/oxygre42/image/upload/f_auto,q_auto,c_pad,b_white,w_1200,h_1200/v1788350582/1072_Shoot_your_local.png","https://res.cloudinary.com/oxygre42/image/upload/f_auto,q_auto,c_pad,b_white,w_500,h_500/v1788350582/1072_Shoot_your_local.png",,lifestyle,,detail,,scale,,alternate,1,1072_,https://mb1advancedsolutions.github.io/mb1-catalog/index.html?design=1072,
1073,MB1-1073,Shotgun skeleton,sports and hobbies,"https://res.cloudinary.com/oxygre42/image/upload/f_auto,q_auto,c_pad,b_white,w_1200,h_1200/v1788350584/1073_Shotgun_skeleton.png","https://res.cloudinary.com/oxygre42/image/upload/f_auto,q_auto,c_pad,b_white,w_500,h_500/v1788350584/1073_Shotgun_skeleton.png",,lifestyle,,detail,,scale,,alternate,1,1073_,https://mb1advancedsolutions.github.io/mb1-catalog/index.html?design=1073,
1074,MB1-1074,Show Stock,home decor and inspirational,"https://res.cloudinary.com/oxygre42/image/upload/f_auto,q_auto,c_pad,b_white,w_1200,h_1200/v1788350585/1074_Show_Stock.png","https://res.cloudinary.com/oxygre42/image/upload/f_auto,q_auto,c_pad,b_white,w_500,h_500/v1788350585/1074_Show_Stock.png",,lifestyle,,detail,,scale,,alternate,1,1074_,https://mb1advancedsolutions.github.io/mb1-catalog/index.html?design=1074,
1076,MB1-1076,Skeleton guitarist with cowboy hat,farm and western,"https://res.cloudinary.com/oxygre42/image/upload/f_auto,q_auto,c_pad,b_white,w_1200,h_1200/v1788350589/1076_Skeleton_guitarist_with_cowboy_hat.png","https://res.cloudinary.com/oxygre42/image/upload/f_auto,q_auto,c_pad,b_white,w_500,h_500/v1788350589/1076_Skeleton_guitarist_with_cowboy_hat.png",,lifestyle,,detail,,scale,,alternate,1,1076_,https://mb1advancedsolutions.github.io/mb1-catalog/index.html?design=1076,
1077,MB1-1077,Smash Your Goals,home decor and inspirational,"https://res.cloudinary.com/oxygre42/image/upload/f_auto,q_auto,c_pad,b_white,w_1200,h_1200/v1788350591/1077_Smash_Your_Goals.png","https://res.cloudinary.com/oxygre42/image/upload/f_auto,q_auto,c_pad,b_white,w_500,h_500/v1788350591/1077_Smash_Your_Goals.png",,lifestyle,,detail,,scale,,alternate,1,1077_,https://mb1advancedsolutions.github.io/mb1-catalog/index.html?design=1077,
1080,MB1-1080,Spark Plug Bomber Girl,garage and workshop,"https://res.cloudinary.com/oxygre42/image/upload/f_auto,q_auto,c_pad,b_white,w_1200,h_1200/v1788350597/1080_Spark_Plug_Bomber_Girl.png","https://res.cloudinary.com/oxygre42/image/upload/f_auto,q_auto,c_pad,b_white,w_500,h_500/v1788350597/1080_Spark_Plug_Bomber_Girl.png",,lifestyle,,detail,,scale,,alternate,1,1080_,https://mb1advancedsolutions.github.io/mb1-catalog/index.html?design=1080,
1081,MB1-1081,Speed Shop 2,home decor and inspirational,"https://res.cloudinary.com/oxygre42/image/upload/f_auto,q_auto,c_pad,b_white,w_1200,h_1200/v1788350599/1081_Speed_Shop_2.png","https://res.cloudinary.com/oxygre42/image/upload/f_auto,q_auto,c_pad,b_white,w_500,h_500/v1788350599/1081_Speed_Shop_2.png",,lifestyle,,detail,,scale,,alternate,1,1081_,https://mb1advancedsolutions.github.io/mb1-catalog/index.html?design=1081,
1082,MB1-1082,Speed Shop,home decor and inspirational,"https://res.cloudinary.com/oxygre42/image/upload/f_auto,q_auto,c_pad,b_white,w_1200,h_1200/v1788350601/1082_Speed_Shop.png","https://res.cloudinary.com/oxygre42/image/upload/f_auto,q_auto,c_pad,b_white,w_500,h_500/v1788350601/1082_Speed_Shop.png",,lifestyle,,detail,,scale,,alternate,1,1082_,https://mb1advancedsolutions.github.io/mb1-catalog/index.html?design=1082,
1083,MB1-1083,Spirit Board,home decor and inspirational,"https://res.cloudinary.com/oxygre42/image/upload/f_auto,q_auto,c_pad,b_white,w_1200,h_1200/v1788350603/1083_Spirit_Board.png","https://res.cloudinary.com/oxygre42/image/upload/f_auto,q_auto,c_pad,b_white,w_500,h_500/v1788350603/1083_Spirit_Board.png",,lifestyle,,detail,,scale,,alternate,1,1083_,https://mb1advancedsolutions.github.io/mb1-catalog/index.html?design=1083,
1084,MB1-1084,Spirit board planchette,home decor and inspirational,"https://res.cloudinary.com/oxygre42/image/upload/f_auto,q_auto,c_pad,b_white,w_1200,h_1200/v1788350604/1084_Spirit_board_planchette.png","https://res.cloudinary.com/oxygre42/image/upload/f_auto,q_auto,c_pad,b_white,w_500,h_500/v1788350604/1084_Spirit_board_planchette.png",,lifestyle,,detail,,scale,,alternate,1,1084_,https://mb1advancedsolutions.github.io/mb1-catalog/index.html?design=1084,
1085,MB1-1085,Stand for the flag kneel for the cross 3 layer,seasonal and holiday,"https://res.cloudinary.com/oxygre42/image/upload/f_auto,q_auto,c_pad,b_white,w_1200,h_1200/v1788350606/1085_Stand_for_the_flag_kneel_for_the_cross_3_layer.png","https://res.cloudinary.com/oxygre42/image/upload/f_auto,q_auto,c_pad,b_white,w_500,h_500/v1788350606/1085_Stand_for_the_flag_kneel_for_the_cross_3_layer.png",,lifestyle,,detail,,scale,,alternate,1,1085_,https://mb1advancedsolutions.github.io/mb1-catalog/index.html?design=1085,
1086,MB1-1086,Stand for the flag kneel for the cross single layer,seasonal and holiday,"https://res.cloudinary.com/oxygre42/image/upload/f_auto,q_auto,c_pad,b_white,w_1200,h_1200/v1788350608/1086_Stand_for_the_flag_kneel_for_the_cross_single_layer.png","https://res.cloudinary.com/oxygre42/image/upload/f_auto,q_auto,c_pad,b_white,w_500,h_500/v1788350608/1086_Stand_for_the_flag_kneel_for_the_cross_single_layer.png",,lifestyle,,detail,,scale,,alternate,1,1086_,https://mb1advancedsolutions.github.io/mb1-catalog/index.html?design=1086,
1087,MB1-1087,Steampunk Garage,garage and workshop,"https://res.cloudinary.com/oxygre42/image/upload/f_auto,q_auto,c_pad,b_white,w_1200,h_1200/v1788350610/1087_Steampunk_Garage.png","https://res.cloudinary.com/oxygre42/image/upload/f_auto,q_auto,c_pad,b_white,w_500,h_500/v1788350610/1087_Steampunk_Garage.png",,lifestyle,,detail,,scale,,alternate,1,1087_,https://mb1advancedsolutions.github.io/mb1-catalog/index.html?design=1087,
1088,MB1-1088,Still Gonna Send It,home decor and inspirational,"https://res.cloudinary.com/oxygre42/image/upload/f_auto,q_auto,c_pad,b_white,w_1200,h_1200/v1788350612/1088_Still_Gonna_Send_It.png","https://res.cloudinary.com/oxygre42/image/upload/f_auto,q_auto,c_pad,b_white,w_500,h_500/v1788350612/1088_Still_Gonna_Send_It.png",,lifestyle,,detail,,scale,,alternate,1,1088_,https://mb1advancedsolutions.github.io/mb1-catalog/index.html?design=1088,
1089,MB1-1089,Sun 1,home decor and inspirational,"https://res.cloudinary.com/oxygre42/image/upload/f_auto,q_auto,c_pad,b_white,w_1200,h_1200/v1788350614/1089_Sun_1.png","https://res.cloudinary.com/oxygre42/image/upload/f_auto,q_auto,c_pad,b_white,w_500,h_500/v1788350614/1089_Sun_1.png",,lifestyle,,detail,,scale,,alternate,1,1089_,https://mb1advancedsolutions.github.io/mb1-catalog/index.html?design=1089,
1090,MB1-1090,Sun 10,home decor and inspirational,"https://res.cloudinary.com/oxygre42/image/upload/f_auto,q_auto,c_pad,b_white,w_1200,h_1200/v1788350616/1090_Sun_10.png","https://res.cloudinary.com/oxygre42/image/upload/f_auto,q_auto,c_pad,b_white,w_500,h_500/v1788350616/1090_Sun_10.png",,lifestyle,,detail,,scale,,alternate,1,1090_,https://mb1advancedsolutions.github.io/mb1-catalog/index.html?design=1090,
1091,MB1-1091,Sun 11,home decor and inspirational,"https://res.cloudinary.com/oxygre42/image/upload/f_auto,q_auto,c_pad,b_white,w_1200,h_1200/v1788350618/1091_Sun_11.png","https://res.cloudinary.com/oxygre42/image/upload/f_auto,q_auto,c_pad,b_white,w_500,h_500/v1788350618/1091_Sun_11.png",,lifestyle,,detail,,scale,,alternate,1,1091_,https://mb1advancedsolutions.github.io/mb1-catalog/index.html?design=1091,
1092,MB1-1092,Sun 12,home decor and inspirational,"https://res.cloudinary.com/oxygre42/image/upload/f_auto,q_auto,c_pad,b_white,w_1200,h_1200/v1788350620/1092_Sun_12.png","https://res.cloudinary.com/oxygre42/image/upload/f_auto,q_auto,c_pad,b_white,w_500,h_500/v1788350620/1092_Sun_12.png",,lifestyle,,detail,,scale,,alternate,1,1092_,https://mb1advancedsolutions.github.io/mb1-catalog/index.html?design=1092,
1093,MB1-1093,Sun 2,home decor and inspirational,"https://res.cloudinary.com/oxygre42/image/upload/f_auto,q_auto,c_pad,b_white,w_1200,h_1200/v1788350621/1093_Sun_2.png","https://res.cloudinary.com/oxygre42/image/upload/f_auto,q_auto,c_pad,b_white,w_500,h_500/v1788350621/1093_Sun_2.png",,lifestyle,,detail,,scale,,alternate,1,1093_,https://mb1advancedsolutions.github.io/mb1-catalog/index.html?design=1093,
1094,MB1-1094,Sun 3,home decor and inspirational,"https://res.cloudinary.com/oxygre42/image/upload/f_auto,q_auto,c_pad,b_white,w_1200,h_1200/v1788350623/1094_Sun_3.png","https://res.cloudinary.com/oxygre42/image/upload/f_auto,q_auto,c_pad,b_white,w_500,h_500/v1788350623/1094_Sun_3.png",,lifestyle,,detail,,scale,,alternate,1,1094_,https://mb1advancedsolutions.github.io/mb1-catalog/index.html?design=1094,
1095,MB1-1095,Sun 4,home decor and inspirational,"https://res.cloudinary.com/oxygre42/image/upload/f_auto,q_auto,c_pad,b_white,w_1200,h_1200/v1788350625/1095_Sun_4.png","https://res.cloudinary.com/oxygre42/image/upload/f_auto,q_auto,c_pad,b_white,w_500,h_500/v1788350625/1095_Sun_4.png",,lifestyle,,detail,,scale,,alternate,1,1095_,https://mb1advancedsolutions.github.io/mb1-catalog/index.html?design=1095,
1096,MB1-1096,Sun 5,home decor and inspirational,"https://res.cloudinary.com/oxygre42/image/upload/f_auto,q_auto,c_pad,b_white,w_1200,h_1200/v1788350627/1096_Sun_5.png","https://res.cloudinary.com/oxygre42/image/upload/f_auto,q_auto,c_pad,b_white,w_500,h_500/v1788350627/1096_Sun_5.png",,lifestyle,,detail,,scale,,alternate,1,1096_,https://mb1advancedsolutions.github.io/mb1-catalog/index.html?design=1096,
1097,MB1-1097,Sun 6(1),home decor and inspirational,"https://res.cloudinary.com/oxygre42/image/upload/f_auto,q_auto,c_pad,b_white,w_1200,h_1200/v1788350629/1097_Sun_6_1.png","https://res.cloudinary.com/oxygre42/image/upload/f_auto,q_auto,c_pad,b_white,w_500,h_500/v1788350629/1097_Sun_6_1.png",,lifestyle,,detail,,scale,,alternate,1,1097_,https://mb1advancedsolutions.github.io/mb1-catalog/index.html?design=1097,
1098,MB1-1098,Sun 6,home decor and inspirational,"https://res.cloudinary.com/oxygre42/image/upload/f_auto,q_auto,c_pad,b_white,w_1200,h_1200/v1788350631/1098_Sun_6.png","https://res.cloudinary.com/oxygre42/image/upload/f_auto,q_auto,c_pad,b_white,w_500,h_500/v1788350631/1098_Sun_6.png",,lifestyle,,detail,,scale,,alternate,1,1098_,https://mb1advancedsolutions.github.io/mb1-catalog/index.html?design=1098,
1099,MB1-1099,Sun 7(1),home decor and inspirational,"https://res.cloudinary.com/oxygre42/image/upload/f_auto,q_auto,c_pad,b_white,w_1200,h_1200/v1788350633/1099_Sun_7_1.png","https://res.cloudinary.com/oxygre42/image/upload/f_auto,q_auto,c_pad,b_white,w_500,h_500/v1788350633/1099_Sun_7_1.png",,lifestyle,,detail,,scale,,alternate,1,1099_,https://mb1advancedsolutions.github.io/mb1-catalog/index.html?design=1099,
1100,MB1-1100,Sun 7,home decor and inspirational,"https://res.cloudinary.com/oxygre42/image/upload/f_auto,q_auto,c_pad,b_white,w_1200,h_1200/v1788350635/1100_Sun_7.png","https://res.cloudinary.com/oxygre42/image/upload/f_auto,q_auto,c_pad,b_white,w_500,h_500/v1788350635/1100_Sun_7.png",,lifestyle,,detail,,scale,,alternate,1,1100_,https://mb1advancedsolutions.github.io/mb1-catalog/index.html?design=1100,
1101,MB1-1101,Sun 8(1),home decor and inspirational,"https://res.cloudinary.com/oxygre42/image/upload/f_auto,q_auto,c_pad,b_white,w_1200,h_1200/v1788350637/1101_Sun_8_1.png","https://res.cloudinary.com/oxygre42/image/upload/f_auto,q_auto,c_pad,b_white,w_500,h_500/v1788350637/1101_Sun_8_1.png",,lifestyle,,detail,,scale,,alternate,1,1101_,https://mb1advancedsolutions.github.io/mb1-catalog/index.html?design=1101,
1102,MB1-1102,Sun 8,home decor and inspirational,"https://res.cloudinary.com/oxygre42/image/upload/f_auto,q_auto,c_pad,b_white,w_1200,h_1200/v1788350639/1102_Sun_8.png","https://res.cloudinary.com/oxygre42/image/upload/f_auto,q_auto,c_pad,b_white,w_500,h_500/v1788350639/1102_Sun_8.png",,lifestyle,,detail,,scale,,alternate,1,1102_,https://mb1advancedsolutions.github.io/mb1-catalog/index.html?design=1102,
1103,MB1-1103,Sun 9,home decor and inspirational,"https://res.cloudinary.com/oxygre42/image/upload/f_auto,q_auto,c_pad,b_white,w_1200,h_1200/v1788350641/1103_Sun_9.png","https://res.cloudinary.com/oxygre42/image/upload/f_auto,q_auto,c_pad,b_white,w_500,h_500/v1788350641/1103_Sun_9.png",,lifestyle,,detail,,scale,,alternate,1,1103_,https://mb1advancedsolutions.github.io/mb1-catalog/index.html?design=1103,
1104,MB1-1104,Sun and Moon,home decor and inspirational,"https://res.cloudinary.com/oxygre42/image/upload/f_auto,q_auto,c_pad,b_white,w_1200,h_1200/v1788350643/1104_Sun_and_Moon.png","https://res.cloudinary.com/oxygre42/image/upload/f_auto,q_auto,c_pad,b_white,w_500,h_500/v1788350643/1104_Sun_and_Moon.png",,lifestyle,,detail,,scale,,alternate,1,1104_,https://mb1advancedsolutions.github.io/mb1-catalog/index.html?design=1104,
1105,MB1-1105,Sun and moon 2,home decor and inspirational,"https://res.cloudinary.com/oxygre42/image/upload/f_auto,q_auto,c_pad,b_white,w_1200,h_1200/v1788350645/1105_Sun_and_moon_2.png","https://res.cloudinary.com/oxygre42/image/upload/f_auto,q_auto,c_pad,b_white,w_500,h_500/v1788350645/1105_Sun_and_moon_2.png",,lifestyle,,detail,,scale,,alternate,1,1105_,https://mb1advancedsolutions.github.io/mb1-catalog/index.html?design=1105,
1106,MB1-1106,Sun and the moon,home decor and inspirational,"https://res.cloudinary.com/oxygre42/image/upload/f_auto,q_auto,c_pad,b_white,w_1200,h_1200/v1788350646/1106_Sun_and_the_moon.png","https://res.cloudinary.com/oxygre42/image/upload/f_auto,q_auto,c_pad,b_white,w_500,h_500/v1788350646/1106_Sun_and_the_moon.png",,lifestyle,,detail,,scale,,alternate,1,1106_,https://mb1advancedsolutions.github.io/mb1-catalog/index.html?design=1106,
1107,MB1-1107,Sunflowers 2 layer,home decor and inspirational,"https://res.cloudinary.com/oxygre42/image/upload/f_auto,q_auto,c_pad,b_white,w_1200,h_1200/v1788350648/1107_Sunflowers_2_layer.png","https://res.cloudinary.com/oxygre42/image/upload/f_auto,q_auto,c_pad,b_white,w_500,h_500/v1788350648/1107_Sunflowers_2_layer.png",,lifestyle,,detail,,scale,,alternate,1,1107_,https://mb1advancedsolutions.github.io/mb1-catalog/index.html?design=1107,
1108,MB1-1108,Sunflowers,home decor and inspirational,"https://res.cloudinary.com/oxygre42/image/upload/f_auto,q_auto,c_pad,b_white,w_1200,h_1200/v1788350650/1108_Sunflowers.png","https://res.cloudinary.com/oxygre42/image/upload/f_auto,q_auto,c_pad,b_white,w_500,h_500/v1788350650/1108_Sunflowers.png",,lifestyle,,detail,,scale,,alternate,1,1108_,https://mb1advancedsolutions.github.io/mb1-catalog/index.html?design=1108,
1109,MB1-1109,Super Bee Single Layer,wildlife and outdoors,"https://res.cloudinary.com/oxygre42/image/upload/f_auto,q_auto,c_pad,b_white,w_1200,h_1200/v1788350652/1109_Super_Bee_Single_Layer.png","https://res.cloudinary.com/oxygre42/image/upload/f_auto,q_auto,c_pad,b_white,w_500,h_500/v1788350652/1109_Super_Bee_Single_Layer.png",,lifestyle,,detail,,scale,,alternate,1,1109_,https://mb1advancedsolutions.github.io/mb1-catalog/index.html?design=1109,
1110,MB1-1110,Tactical skeleton,sports and hobbies,"https://res.cloudinary.com/oxygre42/image/upload/f_auto,q_auto,c_pad,b_white,w_1200,h_1200/v1788350654/1110_Tactical_skeleton.png","https://res.cloudinary.com/oxygre42/image/upload/f_auto,q_auto,c_pad,b_white,w_500,h_500/v1788350654/1110_Tactical_skeleton.png",,lifestyle,,detail,,scale,,alternate,1,1110_,https://mb1advancedsolutions.github.io/mb1-catalog/index.html?design=1110,
1112,MB1-1112,Tattoo Removal,sports and hobbies,"https://res.cloudinary.com/oxygre42/image/upload/f_auto,q_auto,c_pad,b_white,w_1200,h_1200/v1788350656/1112_Tattoo_Removal.png","https://res.cloudinary.com/oxygre42/image/upload/f_auto,q_auto,c_pad,b_white,w_500,h_500/v1788350656/1112_Tattoo_Removal.png",,lifestyle,,detail,,scale,,alternate,1,1112_,https://mb1advancedsolutions.github.io/mb1-catalog/index.html?design=1112,
1113,MB1-1113,Tattoo birds couple,sports and hobbies,"https://res.cloudinary.com/oxygre42/image/upload/f_auto,q_auto,c_pad,b_white,w_1200,h_1200/v1788350658/1113_Tattoo_birds_couple.png","https://res.cloudinary.com/oxygre42/image/upload/f_auto,q_auto,c_pad,b_white,w_500,h_500/v1788350658/1113_Tattoo_birds_couple.png",,lifestyle,,detail,,scale,,alternate,1,1113_,https://mb1advancedsolutions.github.io/mb1-catalog/index.html?design=1113,
1114,MB1-1114,Tattoo shop,sports and hobbies,"https://res.cloudinary.com/oxygre42/image/upload/f_auto,q_auto,c_pad,b_white,w_1200,h_1200/v1788350660/1114_Tattoo_shop.png","https://res.cloudinary.com/oxygre42/image/upload/f_auto,q_auto,c_pad,b_white,w_500,h_500/v1788350660/1114_Tattoo_shop.png",,lifestyle,,detail,,scale,,alternate,1,1114_,https://mb1advancedsolutions.github.io/mb1-catalog/index.html?design=1114,
1115,MB1-1115,Texas Bottle opener,home decor and inspirational,"https://res.cloudinary.com/oxygre42/image/upload/f_auto,q_auto,c_pad,b_white,w_1200,h_1200/v1788350661/1115_Texas_Bottle_opener.png","https://res.cloudinary.com/oxygre42/image/upload/f_auto,q_auto,c_pad,b_white,w_500,h_500/v1788350661/1115_Texas_Bottle_opener.png",,lifestyle,,detail,,scale,,alternate,1,1115_,https://mb1advancedsolutions.github.io/mb1-catalog/index.html?design=1115,
1117,MB1-1117,Thankful,home decor and inspirational,"https://res.cloudinary.com/oxygre42/image/upload/f_auto,q_auto,c_pad,b_white,w_1200,h_1200/v1788350663/1117_Thankful.png","https://res.cloudinary.com/oxygre42/image/upload/f_auto,q_auto,c_pad,b_white,w_500,h_500/v1788350663/1117_Thankful.png",,lifestyle,,detail,,scale,,alternate,1,1117_,https://mb1advancedsolutions.github.io/mb1-catalog/index.html?design=1117,
1118,MB1-1118,The Forge,garage and workshop,"https://res.cloudinary.com/oxygre42/image/upload/f_auto,q_auto,c_pad,b_white,w_1200,h_1200/v1788350665/1118_The_Forge.png","https://res.cloudinary.com/oxygre42/image/upload/f_auto,q_auto,c_pad,b_white,w_500,h_500/v1788350665/1118_The_Forge.png",,lifestyle,,detail,,scale,,alternate,1,1118_,https://mb1advancedsolutions.github.io/mb1-catalog/index.html?design=1118,
1119,MB1-1119,The General Store,home decor and inspirational,"https://res.cloudinary.com/oxygre42/image/upload/f_auto,q_auto,c_pad,b_white,w_1200,h_1200/v1788350667/1119_The_General_Store.png","https://res.cloudinary.com/oxygre42/image/upload/f_auto,q_auto,c_pad,b_white,w_500,h_500/v1788350667/1119_The_General_Store.png",,lifestyle,,detail,,scale,,alternate,1,1119_,https://mb1advancedsolutions.github.io/mb1-catalog/index.html?design=1119,
1120,MB1-1120,The Queen of hearts,home decor and inspirational,"https://res.cloudinary.com/oxygre42/image/upload/f_auto,q_auto,c_pad,b_white,w_1200,h_1200/v1788350669/1120_The_Queen_of_hearts.png","https://res.cloudinary.com/oxygre42/image/upload/f_auto,q_auto,c_pad,b_white,w_500,h_500/v1788350669/1120_The_Queen_of_hearts.png",,lifestyle,,detail,,scale,,alternate,1,1120_,https://mb1advancedsolutions.github.io/mb1-catalog/index.html?design=1120,
1121,MB1-1121,The mountains are calling,wildlife and outdoors,"https://res.cloudinary.com/oxygre42/image/upload/f_auto,q_auto,c_pad,b_white,w_1200,h_1200/v1788350671/1121_The_mountains_are_calling.png","https://res.cloudinary.com/oxygre42/image/upload/f_auto,q_auto,c_pad,b_white,w_500,h_500/v1788350671/1121_The_mountains_are_calling.png",,lifestyle,,detail,,scale,,alternate,1,1121_,https://mb1advancedsolutions.github.io/mb1-catalog/index.html?design=1121,
1122,MB1-1122,Theater masks,sports and hobbies,"https://res.cloudinary.com/oxygre42/image/upload/f_auto,q_auto,c_pad,b_white,w_1200,h_1200/v1788350673/1122_Theater_masks.png","https://res.cloudinary.com/oxygre42/image/upload/f_auto,q_auto,c_pad,b_white,w_500,h_500/v1788350673/1122_Theater_masks.png",,lifestyle,,detail,,scale,,alternate,1,1122_,https://mb1advancedsolutions.github.io/mb1-catalog/index.html?design=1122,
1123,MB1-1123,Theater,sports and hobbies,"https://res.cloudinary.com/oxygre42/image/upload/f_auto,q_auto,c_pad,b_white,w_1200,h_1200/v1788350675/1123_Theater.png","https://res.cloudinary.com/oxygre42/image/upload/f_auto,q_auto,c_pad,b_white,w_500,h_500/v1788350675/1123_Theater.png",,lifestyle,,detail,,scale,,alternate,1,1123_,https://mb1advancedsolutions.github.io/mb1-catalog/index.html?design=1123,
1124,MB1-1124,Theatre Now Showing,sports and hobbies,"https://res.cloudinary.com/oxygre42/image/upload/f_auto,q_auto,c_pad,b_white,w_1200,h_1200/v1788350676/1124_Theatre_Now_Showing.png","https://res.cloudinary.com/oxygre42/image/upload/f_auto,q_auto,c_pad,b_white,w_500,h_500/v1788350676/1124_Theatre_Now_Showing.png",,lifestyle,,detail,,scale,,alternate,1,1124_,https://mb1advancedsolutions.github.io/mb1-catalog/index.html?design=1124,
1125,MB1-1125,Theres no place like home,home decor and inspirational,"https://res.cloudinary.com/oxygre42/image/upload/f_auto,q_auto,c_pad,b_white,w_1200,h_1200/v1788350678/1125_Theres_no_place_like_home.png","https://res.cloudinary.com/oxygre42/image/upload/f_auto,q_auto,c_pad,b_white,w_500,h_500/v1788350678/1125_Theres_no_place_like_home.png",,lifestyle,,detail,,scale,,alternate,1,1125_,https://mb1advancedsolutions.github.io/mb1-catalog/index.html?design=1125,
1126,MB1-1126,Tiki mask,beach and coastal,"https://res.cloudinary.com/oxygre42/image/upload/f_auto,q_auto,c_pad,b_white,w_1200,h_1200/v1788350680/1126_Tiki_mask.png","https://res.cloudinary.com/oxygre42/image/upload/f_auto,q_auto,c_pad,b_white,w_500,h_500/v1788350680/1126_Tiki_mask.png",,lifestyle,,detail,,scale,,alternate,1,1126_,https://mb1advancedsolutions.github.io/mb1-catalog/index.html?design=1126,
1127,MB1-1127,Till Death skulls,home decor and inspirational,"https://res.cloudinary.com/oxygre42/image/upload/f_auto,q_auto,c_pad,b_white,w_1200,h_1200/v1788350682/1127_Till_Death_skulls.png","https://res.cloudinary.com/oxygre42/image/upload/f_auto,q_auto,c_pad,b_white,w_500,h_500/v1788350682/1127_Till_Death_skulls.png",,lifestyle,,detail,,scale,,alternate,1,1127_,https://mb1advancedsolutions.github.io/mb1-catalog/index.html?design=1127,
1128,MB1-1128,Tomahawks,home decor and inspirational,"https://res.cloudinary.com/oxygre42/image/upload/f_auto,q_auto,c_pad,b_white,w_1200,h_1200/v1788350684/1128_Tomahawks.png","https://res.cloudinary.com/oxygre42/image/upload/f_auto,q_auto,c_pad,b_white,w_500,h_500/v1788350684/1128_Tomahawks.png",,lifestyle,,detail,,scale,,alternate,1,1128_,https://mb1advancedsolutions.github.io/mb1-catalog/index.html?design=1128,
1129,MB1-1129,Toon truck with tree,home decor and inspirational,"https://res.cloudinary.com/oxygre42/image/upload/f_auto,q_auto,c_pad,b_white,w_1200,h_1200/v1788350686/1129_Toon_truck_with_tree.png","https://res.cloudinary.com/oxygre42/image/upload/f_auto,q_auto,c_pad,b_white,w_500,h_500/v1788350686/1129_Toon_truck_with_tree.png",,lifestyle,,detail,,scale,,alternate,1,1129_,https://mb1advancedsolutions.github.io/mb1-catalog/index.html?design=1129,
1130,MB1-1130,Tree cross,home decor and inspirational,"https://res.cloudinary.com/oxygre42/image/upload/f_auto,q_auto,c_pad,b_white,w_1200,h_1200/v1788350688/1130_Tree_cross.png","https://res.cloudinary.com/oxygre42/image/upload/f_auto,q_auto,c_pad,b_white,w_500,h_500/v1788350688/1130_Tree_cross.png",,lifestyle,,detail,,scale,,alternate,1,1130_,https://mb1advancedsolutions.github.io/mb1-catalog/index.html?design=1130,
1131,MB1-1131,Trespassers,home decor and inspirational,"https://res.cloudinary.com/oxygre42/image/upload/f_auto,q_auto,c_pad,b_white,w_1200,h_1200/v1788350690/1131_Trespassers.png","https://res.cloudinary.com/oxygre42/image/upload/f_auto,q_auto,c_pad,b_white,w_500,h_500/v1788350690/1131_Trespassers.png",,lifestyle,,detail,,scale,,alternate,1,1131_,https://mb1advancedsolutions.github.io/mb1-catalog/index.html?design=1131,
1132,MB1-1132,Tribal angel,home decor and inspirational,"https://res.cloudinary.com/oxygre42/image/upload/f_auto,q_auto,c_pad,b_white,w_1200,h_1200/v1788350691/1132_Tribal_angel.png","https://res.cloudinary.com/oxygre42/image/upload/f_auto,q_auto,c_pad,b_white,w_500,h_500/v1788350691/1132_Tribal_angel.png",,lifestyle,,detail,,scale,,alternate,1,1132_,https://mb1advancedsolutions.github.io/mb1-catalog/index.html?design=1132,
1133,MB1-1133,Trophy backplate,sports and hobbies,"https://res.cloudinary.com/oxygre42/image/upload/f_auto,q_auto,c_pad,b_white,w_1200,h_1200/v1788350693/1133_Trophy_backplate.png","https://res.cloudinary.com/oxygre42/image/upload/f_auto,q_auto,c_pad,b_white,w_500,h_500/v1788350693/1133_Trophy_backplate.png",,lifestyle,,detail,,scale,,alternate,1,1133_,https://mb1advancedsolutions.github.io/mb1-catalog/index.html?design=1133,
1151,MB1-1151,Truss Bar 2x6 doubled cross beam,sports and hobbies,"https://res.cloudinary.com/oxygre42/image/upload/f_auto,q_auto,c_pad,b_white,w_1200,h_1200/v1788350718/1151_Truss_Bar_2x6_doubled_cross_beam.png","https://res.cloudinary.com/oxygre42/image/upload/f_auto,q_auto,c_pad,b_white,w_500,h_500/v1788350718/1151_Truss_Bar_2x6_doubled_cross_beam.png",,lifestyle,,detail,,scale,,alternate,1,1151_,https://mb1advancedsolutions.github.io/mb1-catalog/index.html?design=1151,
1152,MB1-1152,Truss Beam Table template,home decor and inspirational,"https://res.cloudinary.com/oxygre42/image/upload/f_auto,q_auto,c_pad,b_white,w_1200,h_1200/v1788350720/1152_Truss_Beam_Table_template.png","https://res.cloudinary.com/oxygre42/image/upload/f_auto,q_auto,c_pad,b_white,w_500,h_500/v1788350720/1152_Truss_Beam_Table_template.png",,lifestyle,,detail,,scale,,alternate,1,1152_,https://mb1advancedsolutions.github.io/mb1-catalog/index.html?design=1152,
1153,MB1-1153,Truss desk 2x6 doubled cross beam,home decor and inspirational,"https://res.cloudinary.com/oxygre42/image/upload/f_auto,q_auto,c_pad,b_white,w_1200,h_1200/v1788350721/1153_Truss_desk_2x6_doubled_cross_beam.png","https://res.cloudinary.com/oxygre42/image/upload/f_auto,q_auto,c_pad,b_white,w_500,h_500/v1788350721/1153_Truss_desk_2x6_doubled_cross_beam.png",,lifestyle,,detail,,scale,,alternate,1,1153_,https://mb1advancedsolutions.github.io/mb1-catalog/index.html?design=1153,
1154,MB1-1154,Turkey Monogram,family & name,"https://res.cloudinary.com/oxygre42/image/upload/f_auto,q_auto,c_pad,b_white,w_1200,h_1200/v1788350723/1154_Turkey_Monogram.png","https://res.cloudinary.com/oxygre42/image/upload/f_auto,q_auto,c_pad,b_white,w_500,h_500/v1788350723/1154_Turkey_Monogram.png",,lifestyle,,detail,,scale,,alternate,1,1154_,https://mb1advancedsolutions.github.io/mb1-catalog/index.html?design=1154,
1155,MB1-1155,Turtle in Compass,lake house and nautical,"https://res.cloudinary.com/oxygre42/image/upload/f_auto,q_auto,c_pad,b_white,w_1200,h_1200/v1788350725/1155_Turtle_in_Compass.png","https://res.cloudinary.com/oxygre42/image/upload/f_auto,q_auto,c_pad,b_white,w_500,h_500/v1788350725/1155_Turtle_in_Compass.png",,lifestyle,,detail,,scale,,alternate,1,1155_,https://mb1advancedsolutions.github.io/mb1-catalog/index.html?design=1155,
1156,MB1-1156,Tyranny and Rebellion,home decor and inspirational,"https://res.cloudinary.com/oxygre42/image/upload/f_auto,q_auto,c_pad,b_white,w_1200,h_1200/v1788350727/1156_Tyranny_and_Rebellion.png","https://res.cloudinary.com/oxygre42/image/upload/f_auto,q_auto,c_pad,b_white,w_500,h_500/v1788350727/1156_Tyranny_and_Rebellion.png",,lifestyle,,detail,,scale,,alternate,1,1156_,https://mb1advancedsolutions.github.io/mb1-catalog/index.html?design=1156,
1168,MB1-1168,Vintage sign design 1,home decor and inspirational,"https://res.cloudinary.com/oxygre42/image/upload/f_auto,q_auto,c_pad,b_white,w_1200,h_1200/v1788350746/1168_Vintage_sign_design_1.png","https://res.cloudinary.com/oxygre42/image/upload/f_auto,q_auto,c_pad,b_white,w_500,h_500/v1788350746/1168_Vintage_sign_design_1.png",,lifestyle,,detail,,scale,,alternate,1,1168_,https://mb1advancedsolutions.github.io/mb1-catalog/index.html?design=1168,
1169,MB1-1169,Vintage sign design 2,home decor and inspirational,"https://res.cloudinary.com/oxygre42/image/upload/f_auto,q_auto,c_pad,b_white,w_1200,h_1200/v1788350748/1169_Vintage_sign_design_2.png","https://res.cloudinary.com/oxygre42/image/upload/f_auto,q_auto,c_pad,b_white,w_500,h_500/v1788350748/1169_Vintage_sign_design_2.png",,lifestyle,,detail,,scale,,alternate,1,1169_,https://mb1advancedsolutions.github.io/mb1-catalog/index.html?design=1169,
1170,MB1-1170,Vintage sign design 3,home decor and inspirational,"https://res.cloudinary.com/oxygre42/image/upload/f_auto,q_auto,c_pad,b_white,w_1200,h_1200/v1788350750/1170_Vintage_sign_design_3.png","https://res.cloudinary.com/oxygre42/image/upload/f_auto,q_auto,c_pad,b_white,w_500,h_500/v1788350750/1170_Vintage_sign_design_3.png",,lifestyle,,detail,,scale,,alternate,1,1170_,https://mb1advancedsolutions.github.io/mb1-catalog/index.html?design=1170,
1171,MB1-1171,Vintage sign design 4,home decor and inspirational,"https://res.cloudinary.com/oxygre42/image/upload/f_auto,q_auto,c_pad,b_white,w_1200,h_1200/v1788350752/1171_Vintage_sign_design_4.png","https://res.cloudinary.com/oxygre42/image/upload/f_auto,q_auto,c_pad,b_white,w_500,h_500/v1788350752/1171_Vintage_sign_design_4.png",,lifestyle,,detail,,scale,,alternate,1,1171_,https://mb1advancedsolutions.github.io/mb1-catalog/index.html?design=1171,
1172,MB1-1172,Vintage sign design 5,home decor and inspirational,"https://res.cloudinary.com/oxygre42/image/upload/f_auto,q_auto,c_pad,b_white,w_1200,h_1200/v1788350753/1172_Vintage_sign_design_5.png","https://res.cloudinary.com/oxygre42/image/upload/f_auto,q_auto,c_pad,b_white,w_500,h_500/v1788350753/1172_Vintage_sign_design_5.png",,lifestyle,,detail,,scale,,alternate,1,1172_,https://mb1advancedsolutions.github.io/mb1-catalog/index.html?design=1172,
1173,MB1-1173,War Room back plate,home decor and inspirational,"https://res.cloudinary.com/oxygre42/image/upload/f_auto,q_auto,c_pad,b_white,w_1200,h_1200/v1788350755/1173_War_Room_back_plate.png","https://res.cloudinary.com/oxygre42/image/upload/f_auto,q_auto,c_pad,b_white,w_500,h_500/v1788350755/1173_War_Room_back_plate.png",,lifestyle,,detail,,scale,,alternate,1,1173_,https://mb1advancedsolutions.github.io/mb1-catalog/index.html?design=1173,
1174,MB1-1174,War Room,home decor and inspirational,"https://res.cloudinary.com/oxygre42/image/upload/f_auto,q_auto,c_pad,b_white,w_1200,h_1200/v1788350757/1174_War_Room.png","https://res.cloudinary.com/oxygre42/image/upload/f_auto,q_auto,c_pad,b_white,w_500,h_500/v1788350757/1174_War_Room.png",,lifestyle,,detail,,scale,,alternate,1,1174_,https://mb1advancedsolutions.github.io/mb1-catalog/index.html?design=1174,
1175,MB1-1175,Warning you are now in range,address and property,"https://res.cloudinary.com/oxygre42/image/upload/f_auto,q_auto,c_pad,b_white,w_1200,h_1200/v1788350759/1175_Warning_you_are_now_in_range.png","https://res.cloudinary.com/oxygre42/image/upload/f_auto,q_auto,c_pad,b_white,w_500,h_500/v1788350759/1175_Warning_you_are_now_in_range.png",,lifestyle,,detail,,scale,,alternate,1,1175_,https://mb1advancedsolutions.github.io/mb1-catalog/index.html?design=1175,
1177,MB1-1177,We Dont Dial 911 AR,home decor and inspirational,"https://res.cloudinary.com/oxygre42/image/upload/f_auto,q_auto,c_pad,b_white,w_1200,h_1200/v1788350761/1177_We_Dont_Dial_911_AR.png","https://res.cloudinary.com/oxygre42/image/upload/f_auto,q_auto,c_pad,b_white,w_500,h_500/v1788350761/1177_We_Dont_Dial_911_AR.png",,lifestyle,,detail,,scale,,alternate,1,1177_,https://mb1advancedsolutions.github.io/mb1-catalog/index.html?design=1177,
1178,MB1-1178,We The People 1776 plaque,seasonal and holiday,"https://res.cloudinary.com/oxygre42/image/upload/f_auto,q_auto,c_pad,b_white,w_1200,h_1200/v1788350763/1178_We_The_People_1776_plaque.png","https://res.cloudinary.com/oxygre42/image/upload/f_auto,q_auto,c_pad,b_white,w_500,h_500/v1788350763/1178_We_The_People_1776_plaque.png",,lifestyle,,detail,,scale,,alternate,1,1178_,https://mb1advancedsolutions.github.io/mb1-catalog/index.html?design=1178,
1179,MB1-1179,We The People US Outline,seasonal and holiday,"https://res.cloudinary.com/oxygre42/image/upload/f_auto,q_auto,c_pad,b_white,w_1200,h_1200/v1788350765/1179_We_The_People_US_Outline.png","https://res.cloudinary.com/oxygre42/image/upload/f_auto,q_auto,c_pad,b_white,w_500,h_500/v1788350765/1179_We_The_People_US_Outline.png",,lifestyle,,detail,,scale,,alternate,1,1179_,https://mb1advancedsolutions.github.io/mb1-catalog/index.html?design=1179,
1180,MB1-1180,We The People shield,seasonal and holiday,"https://res.cloudinary.com/oxygre42/image/upload/f_auto,q_auto,c_pad,b_white,w_1200,h_1200/v1788350767/1180_We_The_People_shield.png","https://res.cloudinary.com/oxygre42/image/upload/f_auto,q_auto,c_pad,b_white,w_500,h_500/v1788350767/1180_We_The_People_shield.png",,lifestyle,,detail,,scale,,alternate,1,1180_,https://mb1advancedsolutions.github.io/mb1-catalog/index.html?design=1180,
1181,MB1-1181,Wedding Tree of life curly List,wedding and events,"https://res.cloudinary.com/oxygre42/image/upload/f_auto,q_auto,c_pad,b_white,w_1200,h_1200/v1788350772/1181_Wedding_Tree_of_life_curly_List.png","https://res.cloudinary.com/oxygre42/image/upload/f_auto,q_auto,c_pad,b_white,w_500,h_500/v1788350772/1181_Wedding_Tree_of_life_curly_List.png",,lifestyle,,detail,,scale,,alternate,1,1181_,https://mb1advancedsolutions.github.io/mb1-catalog/index.html?design=1181,
1182,MB1-1182,Wedding rings,wedding and events,"https://res.cloudinary.com/oxygre42/image/upload/f_auto,q_auto,c_pad,b_white,w_1200,h_1200/v1788350772/1182_Wedding_rings.png","https://res.cloudinary.com/oxygre42/image/upload/f_auto,q_auto,c_pad,b_white,w_500,h_500/v1788350772/1182_Wedding_rings.png",,lifestyle,,detail,,scale,,alternate,1,1182_,https://mb1advancedsolutions.github.io/mb1-catalog/index.html?design=1182,
1183,MB1-1183,Weed the people US outline,home decor and inspirational,"https://res.cloudinary.com/oxygre42/image/upload/f_auto,q_auto,c_pad,b_white,w_1200,h_1200/v1788350772/1183_Weed_the_people_US_outline.png","https://res.cloudinary.com/oxygre42/image/upload/f_auto,q_auto,c_pad,b_white,w_500,h_500/v1788350772/1183_Weed_the_people_US_outline.png",,lifestyle,,detail,,scale,,alternate,1,1183_,https://mb1advancedsolutions.github.io/mb1-catalog/index.html?design=1183,
1184,MB1-1184,WeedEyesSugarSkull,home decor and inspirational,"https://res.cloudinary.com/oxygre42/image/upload/f_auto,q_auto,c_pad,b_white,w_1200,h_1200/v1788350774/1184_WeedEyesSugarSkull.png","https://res.cloudinary.com/oxygre42/image/upload/f_auto,q_auto,c_pad,b_white,w_500,h_500/v1788350774/1184_WeedEyesSugarSkull.png",,lifestyle,,detail,,scale,,alternate,1,1184_,https://mb1advancedsolutions.github.io/mb1-catalog/index.html?design=1184,
1185,MB1-1185,WeedThePeople,home decor and inspirational,"https://res.cloudinary.com/oxygre42/image/upload/f_auto,q_auto,c_pad,b_white,w_1200,h_1200/v1788350776/1185_WeedThePeople.png","https://res.cloudinary.com/oxygre42/image/upload/f_auto,q_auto,c_pad,b_white,w_500,h_500/v1788350776/1185_WeedThePeople.png",,lifestyle,,detail,,scale,,alternate,1,1185_,https://mb1advancedsolutions.github.io/mb1-catalog/index.html?design=1185,
1186,MB1-1186,Welcome Guitar,sports and hobbies,"https://res.cloudinary.com/oxygre42/image/upload/f_auto,q_auto,c_pad,b_white,w_1200,h_1200/v1788350778/1186_Welcome_Guitar.png","https://res.cloudinary.com/oxygre42/image/upload/f_auto,q_auto,c_pad,b_white,w_500,h_500/v1788350778/1186_Welcome_Guitar.png",,lifestyle,,detail,,scale,,alternate,1,1186_,https://mb1advancedsolutions.github.io/mb1-catalog/index.html?design=1186,
1187,MB1-1187,Welcome Saw Blade,home decor and inspirational,"https://res.cloudinary.com/oxygre42/image/upload/f_auto,q_auto,c_pad,b_white,w_1200,h_1200/v1788350780/1187_Welcome_Saw_Blade.png","https://res.cloudinary.com/oxygre42/image/upload/f_auto,q_auto,c_pad,b_white,w_500,h_500/v1788350780/1187_Welcome_Saw_Blade.png",,lifestyle,,detail,,scale,,alternate,1,1187_,https://mb1advancedsolutions.github.io/mb1-catalog/index.html?design=1187,
1188,MB1-1188,Welcome Sign,home decor and inspirational,"https://res.cloudinary.com/oxygre42/image/upload/f_auto,q_auto,c_pad,b_white,w_1200,h_1200/v1788350782/1188_Welcome_Sign.png","https://res.cloudinary.com/oxygre42/image/upload/f_auto,q_auto,c_pad,b_white,w_500,h_500/v1788350782/1188_Welcome_Sign.png",,lifestyle,,detail,,scale,,alternate,1,1188_,https://mb1advancedsolutions.github.io/mb1-catalog/index.html?design=1188,
1189,MB1-1189,Welcome Star,home decor and inspirational,"https://res.cloudinary.com/oxygre42/image/upload/f_auto,q_auto,c_pad,b_white,w_1200,h_1200/v1788350783/1189_Welcome_Star.png","https://res.cloudinary.com/oxygre42/image/upload/f_auto,q_auto,c_pad,b_white,w_500,h_500/v1788350783/1189_Welcome_Star.png",,lifestyle,,detail,,scale,,alternate,1,1189_,https://mb1advancedsolutions.github.io/mb1-catalog/index.html?design=1189,
1190,MB1-1190,Welding helmet,sports and hobbies,"https://res.cloudinary.com/oxygre42/image/upload/f_auto,q_auto,c_pad,b_white,w_1200,h_1200/v1788350785/1190_Welding_helmet.png","https://res.cloudinary.com/oxygre42/image/upload/f_auto,q_auto,c_pad,b_white,w_500,h_500/v1788350785/1190_Welding_helmet.png",,lifestyle,,detail,,scale,,alternate,1,1190_,https://mb1advancedsolutions.github.io/mb1-catalog/index.html?design=1190,
1191,MB1-1191,What would you do if you could not fail,home decor and inspirational,"https://res.cloudinary.com/oxygre42/image/upload/f_auto,q_auto,c_pad,b_white,w_1200,h_1200/v1788350787/1191_What_would_you_do_if_you_could_not_fail.png","https://res.cloudinary.com/oxygre42/image/upload/f_auto,q_auto,c_pad,b_white,w_500,h_500/v1788350787/1191_What_would_you_do_if_you_could_not_fail.png",,lifestyle,,detail,,scale,,alternate,1,1191_,https://mb1advancedsolutions.github.io/mb1-catalog/index.html?design=1191,
1192,MB1-1192,Wine bottle and glass,sports and hobbies,"https://res.cloudinary.com/oxygre42/image/upload/f_auto,q_auto,c_pad,b_white,w_1200,h_1200/v1788350789/1192_Wine_bottle_and_glass.png","https://res.cloudinary.com/oxygre42/image/upload/f_auto,q_auto,c_pad,b_white,w_500,h_500/v1788350789/1192_Wine_bottle_and_glass.png",,lifestyle,,detail,,scale,,alternate,1,1192_,https://mb1advancedsolutions.github.io/mb1-catalog/index.html?design=1192,
1193,MB1-1193,Wing cross,home decor and inspirational,"https://res.cloudinary.com/oxygre42/image/upload/f_auto,q_auto,c_pad,b_white,w_1200,h_1200/v1788350791/1193_Wing_cross.png","https://res.cloudinary.com/oxygre42/image/upload/f_auto,q_auto,c_pad,b_white,w_500,h_500/v1788350791/1193_Wing_cross.png",,lifestyle,,detail,,scale,,alternate,1,1193_,https://mb1advancedsolutions.github.io/mb1-catalog/index.html?design=1193,
1194,MB1-1194,Winners trophy and Banner,sports and hobbies,"https://res.cloudinary.com/oxygre42/image/upload/f_auto,q_auto,c_pad,b_white,w_1200,h_1200/v1788350793/1194_Winners_trophy_and_Banner.png","https://res.cloudinary.com/oxygre42/image/upload/f_auto,q_auto,c_pad,b_white,w_500,h_500/v1788350793/1194_Winners_trophy_and_Banner.png",,lifestyle,,detail,,scale,,alternate,1,1194_,https://mb1advancedsolutions.github.io/mb1-catalog/index.html?design=1194,
1195,MB1-1195,Winners trophy,sports and hobbies,"https://res.cloudinary.com/oxygre42/image/upload/f_auto,q_auto,c_pad,b_white,w_1200,h_1200/v1788350795/1195_Winners_trophy.png","https://res.cloudinary.com/oxygre42/image/upload/f_auto,q_auto,c_pad,b_white,w_500,h_500/v1788350795/1195_Winners_trophy.png",,lifestyle,,detail,,scale,,alternate,1,1195_,https://mb1advancedsolutions.github.io/mb1-catalog/index.html?design=1195,
1196,MB1-1196,Wooden Spoon Survivor,home decor and inspirational,"https://res.cloudinary.com/oxygre42/image/upload/f_auto,q_auto,c_pad,b_white,w_1200,h_1200/v1788350797/1196_Wooden_Spoon_Survivor.png","https://res.cloudinary.com/oxygre42/image/upload/f_auto,q_auto,c_pad,b_white,w_500,h_500/v1788350797/1196_Wooden_Spoon_Survivor.png",,lifestyle,,detail,,scale,,alternate,1,1196_,https://mb1advancedsolutions.github.io/mb1-catalog/index.html?design=1196,
1197,MB1-1197,Work Hard stay humble,home decor and inspirational,"https://res.cloudinary.com/oxygre42/image/upload/f_auto,q_auto,c_pad,b_white,w_1200,h_1200/v1788350798/1197_Work_Hard_stay_humble.png","https://res.cloudinary.com/oxygre42/image/upload/f_auto,q_auto,c_pad,b_white,w_500,h_500/v1788350798/1197_Work_Hard_stay_humble.png",,lifestyle,,detail,,scale,,alternate,1,1197_,https://mb1advancedsolutions.github.io/mb1-catalog/index.html?design=1197,
1198,MB1-1198,Worlds Greatest Dad Trophy,sports and hobbies,"https://res.cloudinary.com/oxygre42/image/upload/f_auto,q_auto,c_pad,b_white,w_1200,h_1200/v1788350800/1198_Worlds_Greatest_Dad_Trophy.png","https://res.cloudinary.com/oxygre42/image/upload/f_auto,q_auto,c_pad,b_white,w_500,h_500/v1788350800/1198_Worlds_Greatest_Dad_Trophy.png",,lifestyle,,detail,,scale,,alternate,1,1198_,https://mb1advancedsolutions.github.io/mb1-catalog/index.html?design=1198,
1199,MB1-1199,Worlds Greatest Mom Trophy,sports and hobbies,"https://res.cloudinary.com/oxygre42/image/upload/f_auto,q_auto,c_pad,b_white,w_1200,h_1200/v1788350802/1199_Worlds_Greatest_Mom_Trophy.png","https://res.cloudinary.com/oxygre42/image/upload/f_auto,q_auto,c_pad,b_white,w_500,h_500/v1788350802/1199_Worlds_Greatest_Mom_Trophy.png",,lifestyle,,detail,,scale,,alternate,1,1199_,https://mb1advancedsolutions.github.io/mb1-catalog/index.html?design=1199,
1201,MB1-1201,Yin and Yang Tree,home decor and inspirational,"https://res.cloudinary.com/oxygre42/image/upload/f_auto,q_auto,c_pad,b_white,w_1200,h_1200/v1788350806/1201_Yin_and_Yang_Tree.png","https://res.cloudinary.com/oxygre42/image/upload/f_auto,q_auto,c_pad,b_white,w_500,h_500/v1788350806/1201_Yin_and_Yang_Tree.png",,lifestyle,,detail,,scale,,alternate,1,1201_,https://mb1advancedsolutions.github.io/mb1-catalog/index.html?design=1201,
1202,MB1-1202,You And Me infinity,home decor and inspirational,"https://res.cloudinary.com/oxygre42/image/upload/f_auto,q_auto,c_pad,b_white,w_1200,h_1200/v1788350808/1202_You_And_Me_infinity.png","https://res.cloudinary.com/oxygre42/image/upload/f_auto,q_auto,c_pad,b_white,w_500,h_500/v1788350808/1202_You_And_Me_infinity.png",,lifestyle,,detail,,scale,,alternate,1,1202_,https://mb1advancedsolutions.github.io/mb1-catalog/index.html?design=1202,
1203,MB1-1203,You Are Here target,address and property,"https://res.cloudinary.com/oxygre42/image/upload/f_auto,q_auto,c_pad,b_white,w_1200,h_1200/v1788350810/1203_You_Are_Here_target.png","https://res.cloudinary.com/oxygre42/image/upload/f_auto,q_auto,c_pad,b_white,w_500,h_500/v1788350810/1203_You_Are_Here_target.png",,lifestyle,,detail,,scale,,alternate,1,1203_,https://mb1advancedsolutions.github.io/mb1-catalog/index.html?design=1203,
1204,MB1-1204,Zebra skull,wildlife and outdoors,"https://res.cloudinary.com/oxygre42/image/upload/f_auto,q_auto,c_pad,b_white,w_1200,h_1200/v1788350812/1204_Zebra_skull.png","https://res.cloudinary.com/oxygre42/image/upload/f_auto,q_auto,c_pad,b_white,w_500,h_500/v1788350812/1204_Zebra_skull.png",,lifestyle,,detail,,scale,,alternate,1,1204_,https://mb1advancedsolutions.github.io/mb1-catalog/index.html?design=1204,
1206,MB1-1206,bearded skull,home decor and inspirational,"https://res.cloudinary.com/oxygre42/image/upload/f_auto,q_auto,c_pad,b_white,w_1200,h_1200/v1788350815/1206_bearded_skull.png","https://res.cloudinary.com/oxygre42/image/upload/f_auto,q_auto,c_pad,b_white,w_500,h_500/v1788350815/1206_bearded_skull.png",,lifestyle,,detail,,scale,,alternate,1,1206_,https://mb1advancedsolutions.github.io/mb1-catalog/index.html?design=1206,
1207,MB1-1207,bee,wildlife and outdoors,"https://res.cloudinary.com/oxygre42/image/upload/f_auto,q_auto,c_pad,b_white,w_1200,h_1200/v1788350817/1207_bee.png","https://res.cloudinary.com/oxygre42/image/upload/f_auto,q_auto,c_pad,b_white,w_500,h_500/v1788350817/1207_bee.png",,lifestyle,,detail,,scale,,alternate,1,1207_,https://mb1advancedsolutions.github.io/mb1-catalog/index.html?design=1207,
1208,MB1-1208,cant knock the hustle,home decor and inspirational,"https://res.cloudinary.com/oxygre42/image/upload/f_auto,q_auto,c_pad,b_white,w_1200,h_1200/v1788350819/1208_cant_knock_the_hustle.png","https://res.cloudinary.com/oxygre42/image/upload/f_auto,q_auto,c_pad,b_white,w_500,h_500/v1788350819/1208_cant_knock_the_hustle.png",,lifestyle,,detail,,scale,,alternate,1,1208_,https://mb1advancedsolutions.github.io/mb1-catalog/index.html?design=1208,
1209,MB1-1209,corner coffee shop,home decor and inspirational,"https://res.cloudinary.com/oxygre42/image/upload/f_auto,q_auto,c_pad,b_white,w_1200,h_1200/v1788350821/1209_corner_coffee_shop.png","https://res.cloudinary.com/oxygre42/image/upload/f_auto,q_auto,c_pad,b_white,w_500,h_500/v1788350821/1209_corner_coffee_shop.png",,lifestyle,,detail,,scale,,alternate,1,1209_,https://mb1advancedsolutions.github.io/mb1-catalog/index.html?design=1209,
1210,MB1-1210,cowboy skull and guns,farm and western,"https://res.cloudinary.com/oxygre42/image/upload/f_auto,q_auto,c_pad,b_white,w_1200,h_1200/v1788350823/1210_cowboy_skull_and_guns.png","https://res.cloudinary.com/oxygre42/image/upload/f_auto,q_auto,c_pad,b_white,w_500,h_500/v1788350823/1210_cowboy_skull_and_guns.png",,lifestyle,,detail,,scale,,alternate,1,1210_,https://mb1advancedsolutions.github.io/mb1-catalog/index.html?design=1210,
1211,MB1-1211,cowboy skull,farm and western,"https://res.cloudinary.com/oxygre42/image/upload/f_auto,q_auto,c_pad,b_white,w_1200,h_1200/v1788350825/1211_cowboy_skull.png","https://res.cloudinary.com/oxygre42/image/upload/f_auto,q_auto,c_pad,b_white,w_500,h_500/v1788350825/1211_cowboy_skull.png",,lifestyle,,detail,,scale,,alternate,1,1211_,https://mb1advancedsolutions.github.io/mb1-catalog/index.html?design=1211,
1212,MB1-1212,cross cut saw,home decor and inspirational,"https://res.cloudinary.com/oxygre42/image/upload/f_auto,q_auto,c_pad,b_white,w_1200,h_1200/v1788350827/1212_cross_cut_saw.png","https://res.cloudinary.com/oxygre42/image/upload/f_auto,q_auto,c_pad,b_white,w_500,h_500/v1788350827/1212_cross_cut_saw.png",,lifestyle,,detail,,scale,,alternate,1,1212_,https://mb1advancedsolutions.github.io/mb1-catalog/index.html?design=1212,
1213,MB1-1213,dead and breakfast with stake,home decor and inspirational,"https://res.cloudinary.com/oxygre42/image/upload/f_auto,q_auto,c_pad,b_white,w_1200,h_1200/v1788350829/1213_dead_and_breakfast_with_stake.png","https://res.cloudinary.com/oxygre42/image/upload/f_auto,q_auto,c_pad,b_white,w_500,h_500/v1788350829/1213_dead_and_breakfast_with_stake.png",,lifestyle,,detail,,scale,,alternate,1,1213_,https://mb1advancedsolutions.github.io/mb1-catalog/index.html?design=1213,
1214,MB1-1214,dead and breakfast,home decor and inspirational,"https://res.cloudinary.com/oxygre42/image/upload/f_auto,q_auto,c_pad,b_white,w_1200,h_1200/v1788350830/1214_dead_and_breakfast.png","https://res.cloudinary.com/oxygre42/image/upload/f_auto,q_auto,c_pad,b_white,w_500,h_500/v1788350830/1214_dead_and_breakfast.png",,lifestyle,,detail,,scale,,alternate,1,1214_,https://mb1advancedsolutions.github.io/mb1-catalog/index.html?design=1214,
1215,MB1-1215,deer,wildlife and outdoors,"https://res.cloudinary.com/oxygre42/image/upload/f_auto,q_auto,c_pad,b_white,w_1200,h_1200/v1788350832/1215_deer.png","https://res.cloudinary.com/oxygre42/image/upload/f_auto,q_auto,c_pad,b_white,w_500,h_500/v1788350832/1215_deer.png",,lifestyle,,detail,,scale,,alternate,1,1215_,https://mb1advancedsolutions.github.io/mb1-catalog/index.html?design=1215,
1216,MB1-1216,dice cherries,sports and hobbies,"https://res.cloudinary.com/oxygre42/image/upload/f_auto,q_auto,c_pad,b_white,w_1200,h_1200/v1788350834/1216_dice_cherries.png","https://res.cloudinary.com/oxygre42/image/upload/f_auto,q_auto,c_pad,b_white,w_500,h_500/v1788350834/1216_dice_cherries.png",,lifestyle,,detail,,scale,,alternate,1,1216_,https://mb1advancedsolutions.github.io/mb1-catalog/index.html?design=1216,
1217,MB1-1217,dragon circle,wildlife and outdoors,"https://res.cloudinary.com/oxygre42/image/upload/f_auto,q_auto,c_pad,b_white,w_1200,h_1200/v1788350836/1217_dragon_circle.png","https://res.cloudinary.com/oxygre42/image/upload/f_auto,q_auto,c_pad,b_white,w_500,h_500/v1788350836/1217_dragon_circle.png",,lifestyle,,detail,,scale,,alternate,1,1217_,https://mb1advancedsolutions.github.io/mb1-catalog/index.html?design=1217,
1218,MB1-1218,gather,home decor and inspirational,"https://res.cloudinary.com/oxygre42/image/upload/f_auto,q_auto,c_pad,b_white,w_1200,h_1200/v1788350838/1218_gather.png","https://res.cloudinary.com/oxygre42/image/upload/f_auto,q_auto,c_pad,b_white,w_500,h_500/v1788350838/1218_gather.png",,lifestyle,,detail,,scale,,alternate,1,1218_,https://mb1advancedsolutions.github.io/mb1-catalog/index.html?design=1218,
1219,MB1-1219,gun flag,sports and hobbies,"https://res.cloudinary.com/oxygre42/image/upload/f_auto,q_auto,c_pad,b_white,w_1200,h_1200/v1788350840/1219_gun_flag.png","https://res.cloudinary.com/oxygre42/image/upload/f_auto,q_auto,c_pad,b_white,w_500,h_500/v1788350840/1219_gun_flag.png",,lifestyle,,detail,,scale,,alternate,1,1219_,https://mb1advancedsolutions.github.io/mb1-catalog/index.html?design=1219,
1220,MB1-1220,hear no speak no see no,home decor and inspirational,"https://res.cloudinary.com/oxygre42/image/upload/f_auto,q_auto,c_pad,b_white,w_1200,h_1200/v1788350842/1220_hear_no_speak_no_see_no.png","https://res.cloudinary.com/oxygre42/image/upload/f_auto,q_auto,c_pad,b_white,w_500,h_500/v1788350842/1220_hear_no_speak_no_see_no.png",,lifestyle,,detail,,scale,,alternate,1,1220_,https://mb1advancedsolutions.github.io/mb1-catalog/index.html?design=1220,
1221,MB1-1221,heart and rings,home decor and inspirational,"https://res.cloudinary.com/oxygre42/image/upload/f_auto,q_auto,c_pad,b_white,w_1200,h_1200/v1788350844/1221_heart_and_rings.png","https://res.cloudinary.com/oxygre42/image/upload/f_auto,q_auto,c_pad,b_white,w_500,h_500/v1788350844/1221_heart_and_rings.png",,lifestyle,,detail,,scale,,alternate,1,1221_,https://mb1advancedsolutions.github.io/mb1-catalog/index.html?design=1221,
1222,MB1-1222,highway 420 pot leafs small,home decor and inspirational,"https://res.cloudinary.com/oxygre42/image/upload/f_auto,q_auto,c_pad,b_white,w_1200,h_1200/v1788350845/1222_highway_420_pot_leafs_small.png","https://res.cloudinary.com/oxygre42/image/upload/f_auto,q_auto,c_pad,b_white,w_500,h_500/v1788350845/1222_highway_420_pot_leafs_small.png",,lifestyle,,detail,,scale,,alternate,1,1222_,https://mb1advancedsolutions.github.io/mb1-catalog/index.html?design=1222,
1223,MB1-1223,highway 420 pot leafs,home decor and inspirational,"https://res.cloudinary.com/oxygre42/image/upload/f_auto,q_auto,c_pad,b_white,w_1200,h_1200/v1788350847/1223_highway_420_pot_leafs.png","https://res.cloudinary.com/oxygre42/image/upload/f_auto,q_auto,c_pad,b_white,w_500,h_500/v1788350847/1223_highway_420_pot_leafs.png",,lifestyle,,detail,,scale,,alternate,1,1223_,https://mb1advancedsolutions.github.io/mb1-catalog/index.html?design=1223,
1224,MB1-1224,ironworker,garage and workshop,"https://res.cloudinary.com/oxygre42/image/upload/f_auto,q_auto,c_pad,b_white,w_1200,h_1200/v1788350849/1224_ironworker.png","https://res.cloudinary.com/oxygre42/image/upload/f_auto,q_auto,c_pad,b_white,w_500,h_500/v1788350849/1224_ironworker.png",,lifestyle,,detail,,scale,,alternate,1,1224_,https://mb1advancedsolutions.github.io/mb1-catalog/index.html?design=1224,
1225,MB1-1225,jukebox,sports and hobbies,"https://res.cloudinary.com/oxygre42/image/upload/f_auto,q_auto,c_pad,b_white,w_1200,h_1200/v1788350851/1225_jukebox.png","https://res.cloudinary.com/oxygre42/image/upload/f_auto,q_auto,c_pad,b_white,w_500,h_500/v1788350851/1225_jukebox.png",,lifestyle,,detail,,scale,,alternate,1,1225_,https://mb1advancedsolutions.github.io/mb1-catalog/index.html?design=1225,
1226,MB1-1226,light house and wheel,lake house and nautical,"https://res.cloudinary.com/oxygre42/image/upload/f_auto,q_auto,c_pad,b_white,w_1200,h_1200/v1788350853/1226_light_house_and_wheel.png","https://res.cloudinary.com/oxygre42/image/upload/f_auto,q_auto,c_pad,b_white,w_500,h_500/v1788350853/1226_light_house_and_wheel.png",,lifestyle,,detail,,scale,,alternate,1,1226_,https://mb1advancedsolutions.github.io/mb1-catalog/index.html?design=1226,
1227,MB1-1227,lion sugar skull,wildlife and outdoors,"https://res.cloudinary.com/oxygre42/image/upload/f_auto,q_auto,c_pad,b_white,w_1200,h_1200/v1788350855/1227_lion_sugar_skull.png","https://res.cloudinary.com/oxygre42/image/upload/f_auto,q_auto,c_pad,b_white,w_500,h_500/v1788350855/1227_lion_sugar_skull.png",,lifestyle,,detail,,scale,,alternate,1,1227_,https://mb1advancedsolutions.github.io/mb1-catalog/index.html?design=1227,
1228,MB1-1228,love heart,home decor and inspirational,"https://res.cloudinary.com/oxygre42/image/upload/f_auto,q_auto,c_pad,b_white,w_1200,h_1200/v1788350857/1228_love_heart.png","https://res.cloudinary.com/oxygre42/image/upload/f_auto,q_auto,c_pad,b_white,w_500,h_500/v1788350857/1228_love_heart.png",,lifestyle,,detail,,scale,,alternate,1,1228_,https://mb1advancedsolutions.github.io/mb1-catalog/index.html?design=1228,
1229,MB1-1229,love paw,home decor and inspirational,"https://res.cloudinary.com/oxygre42/image/upload/f_auto,q_auto,c_pad,b_white,w_1200,h_1200/v1788350858/1229_love_paw.png","https://res.cloudinary.com/oxygre42/image/upload/f_auto,q_auto,c_pad,b_white,w_500,h_500/v1788350858/1229_love_paw.png",,lifestyle,,detail,,scale,,alternate,1,1229_,https://mb1advancedsolutions.github.io/mb1-catalog/index.html?design=1229,
1230,MB1-1230,love quote,home decor and inspirational,"https://res.cloudinary.com/oxygre42/image/upload/f_auto,q_auto,c_pad,b_white,w_1200,h_1200/v1788350860/1230_love_quote.png","https://res.cloudinary.com/oxygre42/image/upload/f_auto,q_auto,c_pad,b_white,w_500,h_500/v1788350860/1230_love_quote.png",,lifestyle,,detail,,scale,,alternate,1,1230_,https://mb1advancedsolutions.github.io/mb1-catalog/index.html?design=1230,
1231,MB1-1231,made in usa,seasonal and holiday,"https://res.cloudinary.com/oxygre42/image/upload/f_auto,q_auto,c_pad,b_white,w_1200,h_1200/v1788350862/1231_made_in_usa.png","https://res.cloudinary.com/oxygre42/image/upload/f_auto,q_auto,c_pad,b_white,w_500,h_500/v1788350862/1231_made_in_usa.png",,lifestyle,,detail,,scale,,alternate,1,1231_,https://mb1advancedsolutions.github.io/mb1-catalog/index.html?design=1231,
1232,MB1-1232,mistletoe,seasonal and holiday,"https://res.cloudinary.com/oxygre42/image/upload/f_auto,q_auto,c_pad,b_white,w_1200,h_1200/v1788350864/1232_mistletoe.png","https://res.cloudinary.com/oxygre42/image/upload/f_auto,q_auto,c_pad,b_white,w_500,h_500/v1788350864/1232_mistletoe.png",,lifestyle,,detail,,scale,,alternate,1,1232_,https://mb1advancedsolutions.github.io/mb1-catalog/index.html?design=1232,
1233,MB1-1233,monogram Round Fleur,family & name,"https://res.cloudinary.com/oxygre42/image/upload/f_auto,q_auto,c_pad,b_white,w_1200,h_1200/v1788350866/1233_monogram_Round_Fleur.png","https://res.cloudinary.com/oxygre42/image/upload/f_auto,q_auto,c_pad,b_white,w_500,h_500/v1788350866/1233_monogram_Round_Fleur.png",,lifestyle,,detail,,scale,,alternate,1,1233_,https://mb1advancedsolutions.github.io/mb1-catalog/index.html?design=1233,
1234,MB1-1234,motor home with name plaque,family & name,"https://res.cloudinary.com/oxygre42/image/upload/f_auto,q_auto,c_pad,b_white,w_1200,h_1200/v1788350868/1234_motor_home_with_name_plaque.png","https://res.cloudinary.com/oxygre42/image/upload/f_auto,q_auto,c_pad,b_white,w_500,h_500/v1788350868/1234_motor_home_with_name_plaque.png",,lifestyle,,detail,,scale,,alternate,1,1234_,https://mb1advancedsolutions.github.io/mb1-catalog/index.html?design=1234,
1236,MB1-1236,north pole post,seasonal and holiday,"https://res.cloudinary.com/oxygre42/image/upload/f_auto,q_auto,c_pad,b_white,w_1200,h_1200/v1788350870/1236_north_pole_post.png","https://res.cloudinary.com/oxygre42/image/upload/f_auto,q_auto,c_pad,b_white,w_500,h_500/v1788350870/1236_north_pole_post.png",,lifestyle,,detail,,scale,,alternate,1,1236_,https://mb1advancedsolutions.github.io/mb1-catalog/index.html?design=1236,
1237,MB1-1237,olive tree of life,home decor and inspirational,"https://res.cloudinary.com/oxygre42/image/upload/f_auto,q_auto,c_pad,b_white,w_1200,h_1200/v1788350872/1237_olive_tree_of_life.png","https://res.cloudinary.com/oxygre42/image/upload/f_auto,q_auto,c_pad,b_white,w_500,h_500/v1788350872/1237_olive_tree_of_life.png",,lifestyle,,detail,,scale,,alternate,1,1237_,https://mb1advancedsolutions.github.io/mb1-catalog/index.html?design=1237,
1238,MB1-1238,popcorn,sports and hobbies,"https://res.cloudinary.com/oxygre42/image/upload/f_auto,q_auto,c_pad,b_white,w_1200,h_1200/v1788350874/1238_popcorn.png","https://res.cloudinary.com/oxygre42/image/upload/f_auto,q_auto,c_pad,b_white,w_500,h_500/v1788350874/1238_popcorn.png",,lifestyle,,detail,,scale,,alternate,1,1238_,https://mb1advancedsolutions.github.io/mb1-catalog/index.html?design=1238,
1239,MB1-1239,quarter,sports and hobbies,"https://res.cloudinary.com/oxygre42/image/upload/f_auto,q_auto,c_pad,b_white,w_1200,h_1200/v1788350875/1239_quarter.png","https://res.cloudinary.com/oxygre42/image/upload/f_auto,q_auto,c_pad,b_white,w_500,h_500/v1788350875/1239_quarter.png",,lifestyle,,detail,,scale,,alternate,1,1239_,https://mb1advancedsolutions.github.io/mb1-catalog/index.html?design=1239,
1240,MB1-1240,reindeer,seasonal and holiday,"https://res.cloudinary.com/oxygre42/image/upload/f_auto,q_auto,c_pad,b_white,w_1200,h_1200/v1788350877/1240_reindeer.png","https://res.cloudinary.com/oxygre42/image/upload/f_auto,q_auto,c_pad,b_white,w_500,h_500/v1788350877/1240_reindeer.png",,lifestyle,,detail,,scale,,alternate,1,1240_,https://mb1advancedsolutions.github.io/mb1-catalog/index.html?design=1240,
1241,MB1-1241,rooster wind vane,farm and western,"https://res.cloudinary.com/oxygre42/image/upload/f_auto,q_auto,c_pad,b_white,w_1200,h_1200/v1788350879/1241_rooster_wind_vane.png","https://res.cloudinary.com/oxygre42/image/upload/f_auto,q_auto,c_pad,b_white,w_500,h_500/v1788350879/1241_rooster_wind_vane.png",,lifestyle,,detail,,scale,,alternate,1,1241_,https://mb1advancedsolutions.github.io/mb1-catalog/index.html?design=1241,
1242,MB1-1242,scroll monogram,family & name,"https://res.cloudinary.com/oxygre42/image/upload/f_auto,q_auto,c_pad,b_white,w_1200,h_1200/v1788350881/1242_scroll_monogram.png","https://res.cloudinary.com/oxygre42/image/upload/f_auto,q_auto,c_pad,b_white,w_500,h_500/v1788350881/1242_scroll_monogram.png",,lifestyle,,detail,,scale,,alternate,1,1242_,https://mb1advancedsolutions.github.io/mb1-catalog/index.html?design=1242,
1243,MB1-1243,sugar bull skull,farm and western,"https://res.cloudinary.com/oxygre42/image/upload/f_auto,q_auto,c_pad,b_white,w_1200,h_1200/v1788350883/1243_sugar_bull_skull.png","https://res.cloudinary.com/oxygre42/image/upload/f_auto,q_auto,c_pad,b_white,w_500,h_500/v1788350883/1243_sugar_bull_skull.png",,lifestyle,,detail,,scale,,alternate,1,1243_,https://mb1advancedsolutions.github.io/mb1-catalog/index.html?design=1243,
1245,MB1-1245,walleye Hunter,sports and hobbies,"https://res.cloudinary.com/oxygre42/image/upload/f_auto,q_auto,c_pad,b_white,w_1200,h_1200/v1788350885/1245_walleye_Hunter.png","https://res.cloudinary.com/oxygre42/image/upload/f_auto,q_auto,c_pad,b_white,w_500,h_500/v1788350885/1245_walleye_Hunter.png",,lifestyle,,detail,,scale,,alternate,1,1245_,https://mb1advancedsolutions.github.io/mb1-catalog/index.html?design=1245,
1246,MB1-1246,welding helmet 2,sports and hobbies,"https://res.cloudinary.com/oxygre42/image/upload/f_auto,q_auto,c_pad,b_white,w_1200,h_1200/v1788350887/1246_welding_helmet_2.png","https://res.cloudinary.com/oxygre42/image/upload/f_auto,q_auto,c_pad,b_white,w_500,h_500/v1788350887/1246_welding_helmet_2.png",,lifestyle,,detail,,scale,,alternate,1,1246_,https://mb1advancedsolutions.github.io/mb1-catalog/index.html?design=1246,
1247,MB1-1247,windmill monogram,family & name,"https://res.cloudinary.com/oxygre42/image/upload/f_auto,q_auto,c_pad,b_white,w_1200,h_1200/v1788350888/1247_windmill_monogram.png","https://res.cloudinary.com/oxygre42/image/upload/f_auto,q_auto,c_pad,b_white,w_500,h_500/v1788350888/1247_windmill_monogram.png",,lifestyle,,detail,,scale,,alternate,1,1247_,https://mb1advancedsolutions.github.io/mb1-catalog/index.html?design=1247,
1248,MB1-1248,ALL MAD HERE,home decor and inspirational,"https://res.cloudinary.com/oxygre42/image/upload/f_auto,q_auto,c_pad,b_white,w_1200,h_1200/v1788350890/1248_ALL_MAD_HERE.png","https://res.cloudinary.com/oxygre42/image/upload/f_auto,q_auto,c_pad,b_white,w_500,h_500/v1788350890/1248_ALL_MAD_HERE.png",,lifestyle,,detail,,scale,,alternate,1,1248_,https://mb1advancedsolutions.github.io/mb1-catalog/index.html?design=1248,
1249,MB1-1249,Beer Served Here Key Football,sports and hobbies,"https://res.cloudinary.com/oxygre42/image/upload/f_auto,q_auto,c_pad,b_white,w_1200,h_1200/v1788350892/1249_Beer_Served_Here_Key_Football.png","https://res.cloudinary.com/oxygre42/image/upload/f_auto,q_auto,c_pad,b_white,w_500,h_500/v1788350892/1249_Beer_Served_Here_Key_Football.png",,lifestyle,,detail,,scale,,alternate,1,1249_,https://mb1advancedsolutions.github.io/mb1-catalog/index.html?design=1249,
1250,MB1-1250,Beer Served Here Key Helmet,sports and hobbies,"https://res.cloudinary.com/oxygre42/image/upload/f_auto,q_auto,c_pad,b_white,w_1200,h_1200/v1788350894/1250_Beer_Served_Here_Key_Helmet.png","https://res.cloudinary.com/oxygre42/image/upload/f_auto,q_auto,c_pad,b_white,w_500,h_500/v1788350894/1250_Beer_Served_Here_Key_Helmet.png",,lifestyle,,detail,,scale,,alternate,1,1250_,https://mb1advancedsolutions.github.io/mb1-catalog/index.html?design=1250,
1251,MB1-1251,Beer Served Here Key,sports and hobbies,"https://res.cloudinary.com/oxygre42/image/upload/f_auto,q_auto,c_pad,b_white,w_1200,h_1200/v1788350896/1251_Beer_Served_Here_Key.png","https://res.cloudinary.com/oxygre42/image/upload/f_auto,q_auto,c_pad,b_white,w_500,h_500/v1788350896/1251_Beer_Served_Here_Key.png",,lifestyle,,detail,,scale,,alternate,1,1251_,https://mb1advancedsolutions.github.io/mb1-catalog/index.html?design=1251,
1252,MB1-1252,DIRTY HANDS CLEAN MONEY PISTON,garage and workshop,"https://res.cloudinary.com/oxygre42/image/upload/f_auto,q_auto,c_pad,b_white,w_1200,h_1200/v1788350898/1252_DIRTY_HANDS_CLEAN_MONEY_PISTON.png","https://res.cloudinary.com/oxygre42/image/upload/f_auto,q_auto,c_pad,b_white,w_500,h_500/v1788350898/1252_DIRTY_HANDS_CLEAN_MONEY_PISTON.png",,lifestyle,,detail,,scale,,alternate,1,1252_,https://mb1advancedsolutions.github.io/mb1-catalog/index.html?design=1252,
1253,MB1-1253,EAGLE USA FLAG,seasonal and holiday,"https://res.cloudinary.com/oxygre42/image/upload/f_auto,q_auto,c_pad,b_white,w_1200,h_1200/v1788350900/1253_EAGLE_USA_FLAG.png","https://res.cloudinary.com/oxygre42/image/upload/f_auto,q_auto,c_pad,b_white,w_500,h_500/v1788350900/1253_EAGLE_USA_FLAG.png",,lifestyle,,detail,,scale,,alternate,1,1253_,https://mb1advancedsolutions.github.io/mb1-catalog/index.html?design=1253,
1254,MB1-1254,GARAGE RETRO SIGN,garage and workshop,"https://res.cloudinary.com/oxygre42/image/upload/f_auto,q_auto,c_pad,b_white,w_1200,h_1200/v1788350902/1254_GARAGE_RETRO_SIGN.png","https://res.cloudinary.com/oxygre42/image/upload/f_auto,q_auto,c_pad,b_white,w_500,h_500/v1788350902/1254_GARAGE_RETRO_SIGN.png",,lifestyle,,detail,,scale,,alternate,1,1254_,https://mb1advancedsolutions.github.io/mb1-catalog/index.html?design=1254,
1259,MB1-1259,KISS MY BASS OVAL,wildlife and outdoors,"https://res.cloudinary.com/oxygre42/image/upload/f_auto,q_auto,c_pad,b_white,w_1200,h_1200/v1788350911/1259_KISS_MY_BASS_OVAL.png","https://res.cloudinary.com/oxygre42/image/upload/f_auto,q_auto,c_pad,b_white,w_500,h_500/v1788350911/1259_KISS_MY_BASS_OVAL.png",,lifestyle,,detail,,scale,,alternate,1,1259_,https://mb1advancedsolutions.github.io/mb1-catalog/index.html?design=1259,
1260,MB1-1260,OVAL US FLAG EAGLE,seasonal and holiday,"https://res.cloudinary.com/oxygre42/image/upload/f_auto,q_auto,c_pad,b_white,w_1200,h_1200/v1788350913/1260_OVAL_US_FLAG_EAGLE.png","https://res.cloudinary.com/oxygre42/image/upload/f_auto,q_auto,c_pad,b_white,w_500,h_500/v1788350913/1260_OVAL_US_FLAG_EAGLE.png",,lifestyle,,detail,,scale,,alternate,1,1260_,https://mb1advancedsolutions.github.io/mb1-catalog/index.html?design=1260,
1261,MB1-1261,PROTECTED BY AR-15,address and property,"https://res.cloudinary.com/oxygre42/image/upload/f_auto,q_auto,c_pad,b_white,w_1200,h_1200/v1788350915/1261_PROTECTED_BY_AR-15.png","https://res.cloudinary.com/oxygre42/image/upload/f_auto,q_auto,c_pad,b_white,w_500,h_500/v1788350915/1261_PROTECTED_BY_AR-15.png",,lifestyle,,detail,,scale,,alternate,1,1261_,https://mb1advancedsolutions.github.io/mb1-catalog/index.html?design=1261,
1262,MB1-1262,PROTECTED BY THE LORD,home decor and inspirational,"https://res.cloudinary.com/oxygre42/image/upload/f_auto,q_auto,c_pad,b_white,w_1200,h_1200/v1788350917/1262_PROTECTED_BY_THE_LORD.png","https://res.cloudinary.com/oxygre42/image/upload/f_auto,q_auto,c_pad,b_white,w_500,h_500/v1788350917/1262_PROTECTED_BY_THE_LORD.png",,lifestyle,,detail,,scale,,alternate,1,1262_,https://mb1advancedsolutions.github.io/mb1-catalog/index.html?design=1262,
1263,MB1-1263,SAW BLADE HORSE,farm and western,"https://res.cloudinary.com/oxygre42/image/upload/f_auto,q_auto,c_pad,b_white,w_1200,h_1200/v1788350919/1263_SAW_BLADE_HORSE.png","https://res.cloudinary.com/oxygre42/image/upload/f_auto,q_auto,c_pad,b_white,w_500,h_500/v1788350919/1263_SAW_BLADE_HORSE.png",,lifestyle,,detail,,scale,,alternate,1,1263_,https://mb1advancedsolutions.github.io/mb1-catalog/index.html?design=1263,
1264,MB1-1264,Sewing room,sports and hobbies,"https://res.cloudinary.com/oxygre42/image/upload/f_auto,q_auto,c_pad,b_white,w_1200,h_1200/v1788350920/1264_Sewing_room.png","https://res.cloudinary.com/oxygre42/image/upload/f_auto,q_auto,c_pad,b_white,w_500,h_500/v1788350920/1264_Sewing_room.png",,lifestyle,,detail,,scale,,alternate,1,1264_,https://mb1advancedsolutions.github.io/mb1-catalog/index.html?design=1264,
1265,MB1-1265,Skull Calavera Pistolera,home decor and inspirational,"https://res.cloudinary.com/oxygre42/image/upload/f_auto,q_auto,c_pad,b_white,w_1200,h_1200/v1788350922/1265_Skull_Calavera_Pistolera.png","https://res.cloudinary.com/oxygre42/image/upload/f_auto,q_auto,c_pad,b_white,w_500,h_500/v1788350922/1265_Skull_Calavera_Pistolera.png",,lifestyle,,detail,,scale,,alternate,1,1265_,https://mb1advancedsolutions.github.io/mb1-catalog/index.html?design=1265,
1266,MB1-1266,Smokin Barrel Sign,home decor and inspirational,"https://res.cloudinary.com/oxygre42/image/upload/f_auto,q_auto,c_pad,b_white,w_1200,h_1200/v1788350924/1266_Smokin_Barrel_Sign.png","https://res.cloudinary.com/oxygre42/image/upload/f_auto,q_auto,c_pad,b_white,w_500,h_500/v1788350924/1266_Smokin_Barrel_Sign.png",,lifestyle,,detail,,scale,,alternate,1,1266_,https://mb1advancedsolutions.github.io/mb1-catalog/index.html?design=1266,
1267,MB1-1267,TIKI BAR MONKEY,sports and hobbies,"https://res.cloudinary.com/oxygre42/image/upload/f_auto,q_auto,c_pad,b_white,w_1200,h_1200/v1788350926/1267_TIKI_BAR_MONKEY.png","https://res.cloudinary.com/oxygre42/image/upload/f_auto,q_auto,c_pad,b_white,w_500,h_500/v1788350926/1267_TIKI_BAR_MONKEY.png",,lifestyle,,detail,,scale,,alternate,1,1267_,https://mb1advancedsolutions.github.io/mb1-catalog/index.html?design=1267,
1268,MB1-1268,VINTAGE CAR FRONT END,garage and workshop,"https://res.cloudinary.com/oxygre42/image/upload/f_auto,q_auto,c_pad,b_white,w_1200,h_1200/v1788350928/1268_VINTAGE_CAR_FRONT_END.png","https://res.cloudinary.com/oxygre42/image/upload/f_auto,q_auto,c_pad,b_white,w_500,h_500/v1788350928/1268_VINTAGE_CAR_FRONT_END.png",,lifestyle,,detail,,scale,,alternate,1,1268_,https://mb1advancedsolutions.github.io/mb1-catalog/index.html?design=1268,
1269,MB1-1269,antler deer,wildlife and outdoors,"https://res.cloudinary.com/oxygre42/image/upload/f_auto,q_auto,c_pad,b_white,w_1200,h_1200/v1788350930/1269_antler_deer.png","https://res.cloudinary.com/oxygre42/image/upload/f_auto,q_auto,c_pad,b_white,w_500,h_500/v1788350930/1269_antler_deer.png",,lifestyle,,detail,,scale,,alternate,1,1269_,https://mb1advancedsolutions.github.io/mb1-catalog/index.html?design=1269,
1270,MB1-1270,beach view firepit welcome sign ,beach and coastal,"https://res.cloudinary.com/oxygre42/image/upload/f_auto,q_auto,c_pad,b_white,w_1200,h_1200/v1788350932/1270_beach_view_firepit_welcome_sign.png","https://res.cloudinary.com/oxygre42/image/upload/f_auto,q_auto,c_pad,b_white,w_500,h_500/v1788350932/1270_beach_view_firepit_welcome_sign.png",,lifestyle,,detail,,scale,,alternate,1,1270_,https://mb1advancedsolutions.github.io/mb1-catalog/index.html?design=1270,
1271,MB1-1271,birds welcome sign,home decor and inspirational,"https://res.cloudinary.com/oxygre42/image/upload/f_auto,q_auto,c_pad,b_white,w_1200,h_1200/v1788350934/1271_birds_welcome_sign.png","https://res.cloudinary.com/oxygre42/image/upload/f_auto,q_auto,c_pad,b_white,w_500,h_500/v1788350934/1271_birds_welcome_sign.png",,lifestyle,,detail,,scale,,alternate,1,1271_,https://mb1advancedsolutions.github.io/mb1-catalog/index.html?design=1271,
1272,MB1-1272,boots & dogs ,home decor and inspirational,"https://res.cloudinary.com/oxygre42/image/upload/f_auto,q_auto,c_pad,b_white,w_1200,h_1200/v1788350935/1272_boots_dogs.png","https://res.cloudinary.com/oxygre42/image/upload/f_auto,q_auto,c_pad,b_white,w_500,h_500/v1788350935/1272_boots_dogs.png",,lifestyle,,detail,,scale,,alternate,1,1272_,https://mb1advancedsolutions.github.io/mb1-catalog/index.html?design=1272,
1273,MB1-1273,bull dog trespassers ,farm and western,"https://res.cloudinary.com/oxygre42/image/upload/f_auto,q_auto,c_pad,b_white,w_1200,h_1200/v1788350937/1273_bull_dog_trespassers.png","https://res.cloudinary.com/oxygre42/image/upload/f_auto,q_auto,c_pad,b_white,w_500,h_500/v1788350937/1273_bull_dog_trespassers.png",,lifestyle,,detail,,scale,,alternate,1,1273_,https://mb1advancedsolutions.github.io/mb1-catalog/index.html?design=1273,
1274,MB1-1274,bulldog head,home decor and inspirational,"https://res.cloudinary.com/oxygre42/image/upload/f_auto,q_auto,c_pad,b_white,w_1200,h_1200/v1788350939/1274_bulldog_head.png","https://res.cloudinary.com/oxygre42/image/upload/f_auto,q_auto,c_pad,b_white,w_500,h_500/v1788350939/1274_bulldog_head.png",,lifestyle,,detail,,scale,,alternate,1,1274_,https://mb1advancedsolutions.github.io/mb1-catalog/index.html?design=1274,
1275,MB1-1275,cheap fast quality sign,home decor and inspirational,"https://res.cloudinary.com/oxygre42/image/upload/f_auto,q_auto,c_pad,b_white,w_1200,h_1200/v1788350941/1275_cheap_fast_quality_sign.png","https://res.cloudinary.com/oxygre42/image/upload/f_auto,q_auto,c_pad,b_white,w_500,h_500/v1788350941/1275_cheap_fast_quality_sign.png",,lifestyle,,detail,,scale,,alternate,1,1275_,https://mb1advancedsolutions.github.io/mb1-catalog/index.html?design=1275,
1276,MB1-1276,eagle triangle mountain,wildlife and outdoors,"https://res.cloudinary.com/oxygre42/image/upload/f_auto,q_auto,c_pad,b_white,w_1200,h_1200/v1788350943/1276_eagle_triangle_mountain.png","https://res.cloudinary.com/oxygre42/image/upload/f_auto,q_auto,c_pad,b_white,w_500,h_500/v1788350943/1276_eagle_triangle_mountain.png",,lifestyle,,detail,,scale,,alternate,1,1276_,https://mb1advancedsolutions.github.io/mb1-catalog/index.html?design=1276,
1277,MB1-1277,fence warning sign,address and property,"https://res.cloudinary.com/oxygre42/image/upload/f_auto,q_auto,c_pad,b_white,w_1200,h_1200/v1788350945/1277_fence_warning_sign.png","https://res.cloudinary.com/oxygre42/image/upload/f_auto,q_auto,c_pad,b_white,w_500,h_500/v1788350945/1277_fence_warning_sign.png",,lifestyle,,detail,,scale,,alternate,1,1277_,https://mb1advancedsolutions.github.io/mb1-catalog/index.html?design=1277,
1278,MB1-1278,fish us flag,seasonal and holiday,"https://res.cloudinary.com/oxygre42/image/upload/f_auto,q_auto,c_pad,b_white,w_1200,h_1200/v1788350947/1278_fish_us_flag.png","https://res.cloudinary.com/oxygre42/image/upload/f_auto,q_auto,c_pad,b_white,w_500,h_500/v1788350947/1278_fish_us_flag.png",,lifestyle,,detail,,scale,,alternate,1,1278_,https://mb1advancedsolutions.github.io/mb1-catalog/index.html?design=1278,
1279,MB1-1279,go away gnome,home decor and inspirational,"https://res.cloudinary.com/oxygre42/image/upload/f_auto,q_auto,c_pad,b_white,w_1200,h_1200/v1788350948/1279_go_away_gnome.png","https://res.cloudinary.com/oxygre42/image/upload/f_auto,q_auto,c_pad,b_white,w_500,h_500/v1788350948/1279_go_away_gnome.png",,lifestyle,,detail,,scale,,alternate,1,1279_,https://mb1advancedsolutions.github.io/mb1-catalog/index.html?design=1279,
1281,MB1-1281,home sweet home ,home decor and inspirational,"https://res.cloudinary.com/oxygre42/image/upload/f_auto,q_auto,c_pad,b_white,w_1200,h_1200/v1788350952/1281_home_sweet_home.png","https://res.cloudinary.com/oxygre42/image/upload/f_auto,q_auto,c_pad,b_white,w_500,h_500/v1788350952/1281_home_sweet_home.png",,lifestyle,,detail,,scale,,alternate,1,1281_,https://mb1advancedsolutions.github.io/mb1-catalog/index.html?design=1281,
1282,MB1-1282,home sweet home 2,home decor and inspirational,"https://res.cloudinary.com/oxygre42/image/upload/f_auto,q_auto,c_pad,b_white,w_1200,h_1200/v1788350954/1282_home_sweet_home_2.png","https://res.cloudinary.com/oxygre42/image/upload/f_auto,q_auto,c_pad,b_white,w_500,h_500/v1788350954/1282_home_sweet_home_2.png",,lifestyle,,detail,,scale,,alternate,1,1282_,https://mb1advancedsolutions.github.io/mb1-catalog/index.html?design=1282,
1283,MB1-1283,hummingbird,wildlife and outdoors,"https://res.cloudinary.com/oxygre42/image/upload/f_auto,q_auto,c_pad,b_white,w_1200,h_1200/v1788350956/1283_hummingbird.png","https://res.cloudinary.com/oxygre42/image/upload/f_auto,q_auto,c_pad,b_white,w_500,h_500/v1788350956/1283_hummingbird.png",,lifestyle,,detail,,scale,,alternate,1,1283_,https://mb1advancedsolutions.github.io/mb1-catalog/index.html?design=1283,
1285,MB1-1285,journey lineman,home decor and inspirational,"https://res.cloudinary.com/oxygre42/image/upload/f_auto,q_auto,c_pad,b_white,w_1200,h_1200/v1788350960/1285_journey_lineman.png","https://res.cloudinary.com/oxygre42/image/upload/f_auto,q_auto,c_pad,b_white,w_500,h_500/v1788350960/1285_journey_lineman.png",,lifestyle,,detail,,scale,,alternate,1,1285_,https://mb1advancedsolutions.github.io/mb1-catalog/index.html?design=1285,
1286,MB1-1286,journeyman lineman,home decor and inspirational,"https://res.cloudinary.com/oxygre42/image/upload/f_auto,q_auto,c_pad,b_white,w_1200,h_1200/v1788350962/1286_journeyman_lineman.png","https://res.cloudinary.com/oxygre42/image/upload/f_auto,q_auto,c_pad,b_white,w_500,h_500/v1788350962/1286_journeyman_lineman.png",,lifestyle,,detail,,scale,,alternate,1,1286_,https://mb1advancedsolutions.github.io/mb1-catalog/index.html?design=1286,
1287,MB1-1287,las vegas welcome sign ,home decor and inspirational,"https://res.cloudinary.com/oxygre42/image/upload/f_auto,q_auto,c_pad,b_white,w_1200,h_1200/v1788350963/1287_las_vegas_welcome_sign.png","https://res.cloudinary.com/oxygre42/image/upload/f_auto,q_auto,c_pad,b_white,w_500,h_500/v1788350963/1287_las_vegas_welcome_sign.png",,lifestyle,,detail,,scale,,alternate,1,1287_,https://mb1advancedsolutions.github.io/mb1-catalog/index.html?design=1287,
1288,MB1-1288,number one eagle usa 1,seasonal and holiday,"https://res.cloudinary.com/oxygre42/image/upload/f_auto,q_auto,c_pad,b_white,w_1200,h_1200/v1788350965/1288_number_one_eagle_usa_1.png","https://res.cloudinary.com/oxygre42/image/upload/f_auto,q_auto,c_pad,b_white,w_500,h_500/v1788350965/1288_number_one_eagle_usa_1.png",,lifestyle,,detail,,scale,,alternate,1,1288_,https://mb1advancedsolutions.github.io/mb1-catalog/index.html?design=1288,
1289,MB1-1289,number one eagle usa 2,seasonal and holiday,"https://res.cloudinary.com/oxygre42/image/upload/f_auto,q_auto,c_pad,b_white,w_1200,h_1200/v1788350967/1289_number_one_eagle_usa_2.png","https://res.cloudinary.com/oxygre42/image/upload/f_auto,q_auto,c_pad,b_white,w_500,h_500/v1788350967/1289_number_one_eagle_usa_2.png",,lifestyle,,detail,,scale,,alternate,1,1289_,https://mb1advancedsolutions.github.io/mb1-catalog/index.html?design=1289,
1290,MB1-1290,number one skull flowers,home decor and inspirational,"https://res.cloudinary.com/oxygre42/image/upload/f_auto,q_auto,c_pad,b_white,w_1200,h_1200/v1788350969/1290_number_one_skull_flowers.png","https://res.cloudinary.com/oxygre42/image/upload/f_auto,q_auto,c_pad,b_white,w_500,h_500/v1788350969/1290_number_one_skull_flowers.png",,lifestyle,,detail,,scale,,alternate,1,1290_,https://mb1advancedsolutions.github.io/mb1-catalog/index.html?design=1290,
1291,MB1-1291,phoenix,wildlife and outdoors,"https://res.cloudinary.com/oxygre42/image/upload/f_auto,q_auto,c_pad,b_white,w_1200,h_1200/v1788350971/1291_phoenix.png","https://res.cloudinary.com/oxygre42/image/upload/f_auto,q_auto,c_pad,b_white,w_500,h_500/v1788350971/1291_phoenix.png",,lifestyle,,detail,,scale,,alternate,1,1291_,https://mb1advancedsolutions.github.io/mb1-catalog/index.html?design=1291,
1292,MB1-1292,pool shark,sports and hobbies,"https://res.cloudinary.com/oxygre42/image/upload/f_auto,q_auto,c_pad,b_white,w_1200,h_1200/v1788350973/1292_pool_shark.png","https://res.cloudinary.com/oxygre42/image/upload/f_auto,q_auto,c_pad,b_white,w_500,h_500/v1788350973/1292_pool_shark.png",,lifestyle,,detail,,scale,,alternate,1,1292_,https://mb1advancedsolutions.github.io/mb1-catalog/index.html?design=1292,
1295,MB1-1295,skull biohazard,home decor and inspirational,"https://res.cloudinary.com/oxygre42/image/upload/f_auto,q_auto,c_pad,b_white,w_1200,h_1200/v1788350983/1295_skull_biohazard.png","https://res.cloudinary.com/oxygre42/image/upload/f_auto,q_auto,c_pad,b_white,w_500,h_500/v1788350983/1295_skull_biohazard.png",,lifestyle,,detail,,scale,,alternate,1,1295_,https://mb1advancedsolutions.github.io/mb1-catalog/index.html?design=1295,
1297,MB1-1297,skull wings,home decor and inspirational,"https://res.cloudinary.com/oxygre42/image/upload/f_auto,q_auto,c_pad,b_white,w_1200,h_1200/v1788350982/1297_skull_wings.png","https://res.cloudinary.com/oxygre42/image/upload/f_auto,q_auto,c_pad,b_white,w_500,h_500/v1788350982/1297_skull_wings.png",,lifestyle,,detail,,scale,,alternate,1,1297_,https://mb1advancedsolutions.github.io/mb1-catalog/index.html?design=1297,
1298,MB1-1298,snake sign,home decor and inspirational,"https://res.cloudinary.com/oxygre42/image/upload/f_auto,q_auto,c_pad,b_white,w_1200,h_1200/v1788350984/1298_snake_sign.png","https://res.cloudinary.com/oxygre42/image/upload/f_auto,q_auto,c_pad,b_white,w_500,h_500/v1788350984/1298_snake_sign.png",,lifestyle,,detail,,scale,,alternate,1,1298_,https://mb1advancedsolutions.github.io/mb1-catalog/index.html?design=1298,
1299,MB1-1299,stone firepit monogram welcome,family & name,"https://res.cloudinary.com/oxygre42/image/upload/f_auto,q_auto,c_pad,b_white,w_1200,h_1200/v1788350986/1299_stone_firepit_monogram_welcome.png","https://res.cloudinary.com/oxygre42/image/upload/f_auto,q_auto,c_pad,b_white,w_500,h_500/v1788350986/1299_stone_firepit_monogram_welcome.png",,lifestyle,,detail,,scale,,alternate,1,1299_,https://mb1advancedsolutions.github.io/mb1-catalog/index.html?design=1299,
1300,MB1-1300,weed it and reap,home decor and inspirational,"https://res.cloudinary.com/oxygre42/image/upload/f_auto,q_auto,c_pad,b_white,w_1200,h_1200/v1788350988/1300_weed_it_and_reap.png","https://res.cloudinary.com/oxygre42/image/upload/f_auto,q_auto,c_pad,b_white,w_500,h_500/v1788350988/1300_weed_it_and_reap.png",,lifestyle,,detail,,scale,,alternate,1,1300_,https://mb1advancedsolutions.github.io/mb1-catalog/index.html?design=1300,
1301,MB1-1301,welcome to our home flowers,home decor and inspirational,"https://res.cloudinary.com/oxygre42/image/upload/f_auto,q_auto,c_pad,b_white,w_1200,h_1200/v1788350990/1301_welcome_to_our_home_flowers.png","https://res.cloudinary.com/oxygre42/image/upload/f_auto,q_auto,c_pad,b_white,w_500,h_500/v1788350990/1301_welcome_to_our_home_flowers.png",,lifestyle,,detail,,scale,,alternate,1,1301_,https://mb1advancedsolutions.github.io/mb1-catalog/index.html?design=1301,
1302,MB1-1302,x3 life,home decor and inspirational,"https://res.cloudinary.com/oxygre42/image/upload/f_auto,q_auto,c_pad,b_white,w_1200,h_1200/v1788350992/1302_x3_life.png","https://res.cloudinary.com/oxygre42/image/upload/f_auto,q_auto,c_pad,b_white,w_500,h_500/v1788350992/1302_x3_life.png",,lifestyle,,detail,,scale,,alternate,1,1302_,https://mb1advancedsolutions.github.io/mb1-catalog/index.html?design=1302,
1316,MB1-1316,Wall clock Skull stars,home decor and inspirational,"https://res.cloudinary.com/oxygre42/image/upload/f_auto,q_auto,c_pad,b_white,w_1200,h_1200/v1788351018/1316_Wall_clock_Skull_stars.png","https://res.cloudinary.com/oxygre42/image/upload/f_auto,q_auto,c_pad,b_white,w_500,h_500/v1788351018/1316_Wall_clock_Skull_stars.png",,lifestyle,,detail,,scale,,alternate,1,1316_,https://mb1advancedsolutions.github.io/mb1-catalog/index.html?design=1316,
1350,MB1-1350,CAR 1,home decor and inspirational,"https://res.cloudinary.com/oxygre42/image/upload/f_auto,q_auto,c_pad,b_white,w_1200,h_1200/v1788351082/1350_CAR_1.png","https://res.cloudinary.com/oxygre42/image/upload/f_auto,q_auto,c_pad,b_white,w_500,h_500/v1788351082/1350_CAR_1.png",,lifestyle,,detail,,scale,,alternate,1,1350_,https://mb1advancedsolutions.github.io/mb1-catalog/index.html?design=1350,
1351,MB1-1351,CAR 10,home decor and inspirational,"https://res.cloudinary.com/oxygre42/image/upload/f_auto,q_auto,c_pad,b_white,w_1200,h_1200/v1788351084/1351_CAR_10.png","https://res.cloudinary.com/oxygre42/image/upload/f_auto,q_auto,c_pad,b_white,w_500,h_500/v1788351084/1351_CAR_10.png",,lifestyle,,detail,,scale,,alternate,1,1351_,https://mb1advancedsolutions.github.io/mb1-catalog/index.html?design=1351,
1352,MB1-1352,CAR 11,home decor and inspirational,"https://res.cloudinary.com/oxygre42/image/upload/f_auto,q_auto,c_pad,b_white,w_1200,h_1200/v1788351086/1352_CAR_11.png","https://res.cloudinary.com/oxygre42/image/upload/f_auto,q_auto,c_pad,b_white,w_500,h_500/v1788351086/1352_CAR_11.png",,lifestyle,,detail,,scale,,alternate,1,1352_,https://mb1advancedsolutions.github.io/mb1-catalog/index.html?design=1352,
1353,MB1-1353,CAR 12,home decor and inspirational,"https://res.cloudinary.com/oxygre42/image/upload/f_auto,q_auto,c_pad,b_white,w_1200,h_1200/v1788351087/1353_CAR_12.png","https://res.cloudinary.com/oxygre42/image/upload/f_auto,q_auto,c_pad,b_white,w_500,h_500/v1788351087/1353_CAR_12.png",,lifestyle,,detail,,scale,,alternate,1,1353_,https://mb1advancedsolutions.github.io/mb1-catalog/index.html?design=1353,
1354,MB1-1354,CAR 13 SVG LASER,home decor and inspirational,"https://res.cloudinary.com/oxygre42/image/upload/f_auto,q_auto,c_pad,b_white,w_1200,h_1200/v1788351089/1354_CAR_13_SVG_LASER.png","https://res.cloudinary.com/oxygre42/image/upload/f_auto,q_auto,c_pad,b_white,w_500,h_500/v1788351089/1354_CAR_13_SVG_LASER.png",,lifestyle,,detail,,scale,,alternate,1,1354_,https://mb1advancedsolutions.github.io/mb1-catalog/index.html?design=1354,
1355,MB1-1355,CAR 13 SVG PLASMA,home decor and inspirational,"https://res.cloudinary.com/oxygre42/image/upload/f_auto,q_auto,c_pad,b_white,w_1200,h_1200/v1788351091/1355_CAR_13_SVG_PLASMA.png","https://res.cloudinary.com/oxygre42/image/upload/f_auto,q_auto,c_pad,b_white,w_500,h_500/v1788351091/1355_CAR_13_SVG_PLASMA.png",,lifestyle,,detail,,scale,,alternate,1,1355_,https://mb1advancedsolutions.github.io/mb1-catalog/index.html?design=1355,
1356,MB1-1356,CAR 14 SVG LASER,home decor and inspirational,"https://res.cloudinary.com/oxygre42/image/upload/f_auto,q_auto,c_pad,b_white,w_1200,h_1200/v1788351093/1356_CAR_14_SVG_LASER.png","https://res.cloudinary.com/oxygre42/image/upload/f_auto,q_auto,c_pad,b_white,w_500,h_500/v1788351093/1356_CAR_14_SVG_LASER.png",,lifestyle,,detail,,scale,,alternate,1,1356_,https://mb1advancedsolutions.github.io/mb1-catalog/index.html?design=1356,
1357,MB1-1357,CAR 14 SVG PLASMA,home decor and inspirational,"https://res.cloudinary.com/oxygre42/image/upload/f_auto,q_auto,c_pad,b_white,w_1200,h_1200/v1788351095/1357_CAR_14_SVG_PLASMA.png","https://res.cloudinary.com/oxygre42/image/upload/f_auto,q_auto,c_pad,b_white,w_500,h_500/v1788351095/1357_CAR_14_SVG_PLASMA.png",,lifestyle,,detail,,scale,,alternate,1,1357_,https://mb1advancedsolutions.github.io/mb1-catalog/index.html?design=1357,
1358,MB1-1358,CAR 2,home decor and inspirational,"https://res.cloudinary.com/oxygre42/image/upload/f_auto,q_auto,c_pad,b_white,w_1200,h_1200/v1788351097/1358_CAR_2.png","https://res.cloudinary.com/oxygre42/image/upload/f_auto,q_auto,c_pad,b_white,w_500,h_500/v1788351097/1358_CAR_2.png",,lifestyle,,detail,,scale,,alternate,1,1358_,https://mb1advancedsolutions.github.io/mb1-catalog/index.html?design=1358,
1359,MB1-1359,CAR 3,home decor and inspirational,"https://res.cloudinary.com/oxygre42/image/upload/f_auto,q_auto,c_pad,b_white,w_1200,h_1200/v1788351099/1359_CAR_3.png","https://res.cloudinary.com/oxygre42/image/upload/f_auto,q_auto,c_pad,b_white,w_500,h_500/v1788351099/1359_CAR_3.png",,lifestyle,,detail,,scale,,alternate,1,1359_,https://mb1advancedsolutions.github.io/mb1-catalog/index.html?design=1359,
1360,MB1-1360,CAR 4,home decor and inspirational,"https://res.cloudinary.com/oxygre42/image/upload/f_auto,q_auto,c_pad,b_white,w_1200,h_1200/v1788351101/1360_CAR_4.png","https://res.cloudinary.com/oxygre42/image/upload/f_auto,q_auto,c_pad,b_white,w_500,h_500/v1788351101/1360_CAR_4.png",,lifestyle,,detail,,scale,,alternate,1,1360_,https://mb1advancedsolutions.github.io/mb1-catalog/index.html?design=1360,
1361,MB1-1361,CAR 5,home decor and inspirational,"https://res.cloudinary.com/oxygre42/image/upload/f_auto,q_auto,c_pad,b_white,w_1200,h_1200/v1788351103/1361_CAR_5.png","https://res.cloudinary.com/oxygre42/image/upload/f_auto,q_auto,c_pad,b_white,w_500,h_500/v1788351103/1361_CAR_5.png",,lifestyle,,detail,,scale,,alternate,1,1361_,https://mb1advancedsolutions.github.io/mb1-catalog/index.html?design=1361,
1362,MB1-1362,CAR 6,home decor and inspirational,"https://res.cloudinary.com/oxygre42/image/upload/f_auto,q_auto,c_pad,b_white,w_1200,h_1200/v1788351104/1362_CAR_6.png","https://res.cloudinary.com/oxygre42/image/upload/f_auto,q_auto,c_pad,b_white,w_500,h_500/v1788351104/1362_CAR_6.png",,lifestyle,,detail,,scale,,alternate,1,1362_,https://mb1advancedsolutions.github.io/mb1-catalog/index.html?design=1362,
1363,MB1-1363,CAR 7,home decor and inspirational,"https://res.cloudinary.com/oxygre42/image/upload/f_auto,q_auto,c_pad,b_white,w_1200,h_1200/v1788351106/1363_CAR_7.png","https://res.cloudinary.com/oxygre42/image/upload/f_auto,q_auto,c_pad,b_white,w_500,h_500/v1788351106/1363_CAR_7.png",,lifestyle,,detail,,scale,,alternate,1,1363_,https://mb1advancedsolutions.github.io/mb1-catalog/index.html?design=1363,
1364,MB1-1364,CAR 8,home decor and inspirational,"https://res.cloudinary.com/oxygre42/image/upload/f_auto,q_auto,c_pad,b_white,w_1200,h_1200/v1788351108/1364_CAR_8.png","https://res.cloudinary.com/oxygre42/image/upload/f_auto,q_auto,c_pad,b_white,w_500,h_500/v1788351108/1364_CAR_8.png",,lifestyle,,detail,,scale,,alternate,1,1364_,https://mb1advancedsolutions.github.io/mb1-catalog/index.html?design=1364,
1365,MB1-1365,CAR 9,home decor and inspirational,"https://res.cloudinary.com/oxygre42/image/upload/f_auto,q_auto,c_pad,b_white,w_1200,h_1200/v1788351110/1365_CAR_9.png","https://res.cloudinary.com/oxygre42/image/upload/f_auto,q_auto,c_pad,b_white,w_500,h_500/v1788351110/1365_CAR_9.png",,lifestyle,,detail,,scale,,alternate,1,1365_,https://mb1advancedsolutions.github.io/mb1-catalog/index.html?design=1365,
1366,MB1-1366,1776,seasonal and holiday,"https://res.cloudinary.com/oxygre42/image/upload/f_auto,q_auto,c_pad,b_white,w_1200,h_1200/v1788351112/1366_1776.png","https://res.cloudinary.com/oxygre42/image/upload/f_auto,q_auto,c_pad,b_white,w_500,h_500/v1788351112/1366_1776.png",,lifestyle,,detail,,scale,,alternate,1,1366_,https://mb1advancedsolutions.github.io/mb1-catalog/index.html?design=1366,
1388,MB1-1388,CROSS 1,home decor and inspirational,"https://res.cloudinary.com/oxygre42/image/upload/f_auto,q_auto,c_pad,b_white,w_1200,h_1200/v1788351133/1388_CROSS_1.png","https://res.cloudinary.com/oxygre42/image/upload/f_auto,q_auto,c_pad,b_white,w_500,h_500/v1788351133/1388_CROSS_1.png",,lifestyle,,detail,,scale,,alternate,1,1388_,https://mb1advancedsolutions.github.io/mb1-catalog/index.html?design=1388,
1389,MB1-1389,CROSS QUOTE 2,home decor and inspirational,"https://res.cloudinary.com/oxygre42/image/upload/f_auto,q_auto,c_pad,b_white,w_1200,h_1200/v1788351134/1389_CROSS_QUOTE_2.png","https://res.cloudinary.com/oxygre42/image/upload/f_auto,q_auto,c_pad,b_white,w_500,h_500/v1788351134/1389_CROSS_QUOTE_2.png",,lifestyle,,detail,,scale,,alternate,1,1389_,https://mb1advancedsolutions.github.io/mb1-catalog/index.html?design=1389,
1390,MB1-1390,CROSS QUOTE,home decor and inspirational,"https://res.cloudinary.com/oxygre42/image/upload/f_auto,q_auto,c_pad,b_white,w_1200,h_1200/v1788351136/1390_CROSS_QUOTE.png","https://res.cloudinary.com/oxygre42/image/upload/f_auto,q_auto,c_pad,b_white,w_500,h_500/v1788351136/1390_CROSS_QUOTE.png",,lifestyle,,detail,,scale,,alternate,1,1390_,https://mb1advancedsolutions.github.io/mb1-catalog/index.html?design=1390,
1391,MB1-1391,FAITH CROSS,home decor and inspirational,"https://res.cloudinary.com/oxygre42/image/upload/f_auto,q_auto,c_pad,b_white,w_1200,h_1200/v1788351138/1391_FAITH_CROSS.png","https://res.cloudinary.com/oxygre42/image/upload/f_auto,q_auto,c_pad,b_white,w_500,h_500/v1788351138/1391_FAITH_CROSS.png",,lifestyle,,detail,,scale,,alternate,1,1391_,https://mb1advancedsolutions.github.io/mb1-catalog/index.html?design=1391,
1392,MB1-1392,FAITH LOVE HOPE,home decor and inspirational,"https://res.cloudinary.com/oxygre42/image/upload/f_auto,q_auto,c_pad,b_white,w_1200,h_1200/v1788351140/1392_FAITH_LOVE_HOPE.png","https://res.cloudinary.com/oxygre42/image/upload/f_auto,q_auto,c_pad,b_white,w_500,h_500/v1788351140/1392_FAITH_LOVE_HOPE.png",,lifestyle,,detail,,scale,,alternate,1,1392_,https://mb1advancedsolutions.github.io/mb1-catalog/index.html?design=1392,
1393,MB1-1393,GOD IS GOOD,home decor and inspirational,"https://res.cloudinary.com/oxygre42/image/upload/f_auto,q_auto,c_pad,b_white,w_1200,h_1200/v1788351142/1393_GOD_IS_GOOD.png","https://res.cloudinary.com/oxygre42/image/upload/f_auto,q_auto,c_pad,b_white,w_500,h_500/v1788351142/1393_GOD_IS_GOOD.png",,lifestyle,,detail,,scale,,alternate,1,1393_,https://mb1advancedsolutions.github.io/mb1-catalog/index.html?design=1393,
1394,MB1-1394,JESUS 1,home decor and inspirational,"https://res.cloudinary.com/oxygre42/image/upload/f_auto,q_auto,c_pad,b_white,w_1200,h_1200/v1788351144/1394_JESUS_1.png","https://res.cloudinary.com/oxygre42/image/upload/f_auto,q_auto,c_pad,b_white,w_500,h_500/v1788351144/1394_JESUS_1.png",,lifestyle,,detail,,scale,,alternate,1,1394_,https://mb1advancedsolutions.github.io/mb1-catalog/index.html?design=1394,
1395,MB1-1395,JESUS 2,home decor and inspirational,"https://res.cloudinary.com/oxygre42/image/upload/f_auto,q_auto,c_pad,b_white,w_1200,h_1200/v1788351146/1395_JESUS_2.png","https://res.cloudinary.com/oxygre42/image/upload/f_auto,q_auto,c_pad,b_white,w_500,h_500/v1788351146/1395_JESUS_2.png",,lifestyle,,detail,,scale,,alternate,1,1395_,https://mb1advancedsolutions.github.io/mb1-catalog/index.html?design=1395,
1396,MB1-1396,JESUS 3,home decor and inspirational,"https://res.cloudinary.com/oxygre42/image/upload/f_auto,q_auto,c_pad,b_white,w_1200,h_1200/v1788351148/1396_JESUS_3.png","https://res.cloudinary.com/oxygre42/image/upload/f_auto,q_auto,c_pad,b_white,w_500,h_500/v1788351148/1396_JESUS_3.png",,lifestyle,,detail,,scale,,alternate,1,1396_,https://mb1advancedsolutions.github.io/mb1-catalog/index.html?design=1396,
1397,MB1-1397,JESUS 4,home decor and inspirational,"https://res.cloudinary.com/oxygre42/image/upload/f_auto,q_auto,c_pad,b_white,w_1200,h_1200/v1788351150/1397_JESUS_4.png","https://res.cloudinary.com/oxygre42/image/upload/f_auto,q_auto,c_pad,b_white,w_500,h_500/v1788351150/1397_JESUS_4.png",,lifestyle,,detail,,scale,,alternate,1,1397_,https://mb1advancedsolutions.github.io/mb1-catalog/index.html?design=1397,
1398,MB1-1398,JESUS 5,home decor and inspirational,"https://res.cloudinary.com/oxygre42/image/upload/f_auto,q_auto,c_pad,b_white,w_1200,h_1200/v1788351151/1398_JESUS_5.png","https://res.cloudinary.com/oxygre42/image/upload/f_auto,q_auto,c_pad,b_white,w_500,h_500/v1788351151/1398_JESUS_5.png",,lifestyle,,detail,,scale,,alternate,1,1398_,https://mb1advancedsolutions.github.io/mb1-catalog/index.html?design=1398,
1399,MB1-1399,JESUS 6,home decor and inspirational,"https://res.cloudinary.com/oxygre42/image/upload/f_auto,q_auto,c_pad,b_white,w_1200,h_1200/v1788351153/1399_JESUS_6.png","https://res.cloudinary.com/oxygre42/image/upload/f_auto,q_auto,c_pad,b_white,w_500,h_500/v1788351153/1399_JESUS_6.png",,lifestyle,,detail,,scale,,alternate,1,1399_,https://mb1advancedsolutions.github.io/mb1-catalog/index.html?design=1399,
1401,MB1-1401,JESUS IS MY ANCHOR,lake house and nautical,"https://res.cloudinary.com/oxygre42/image/upload/f_auto,q_auto,c_pad,b_white,w_1200,h_1200/v1788351155/1401_JESUS_IS_MY_ANCHOR.png","https://res.cloudinary.com/oxygre42/image/upload/f_auto,q_auto,c_pad,b_white,w_500,h_500/v1788351155/1401_JESUS_IS_MY_ANCHOR.png",,lifestyle,,detail,,scale,,alternate,1,1401_,https://mb1advancedsolutions.github.io/mb1-catalog/index.html?design=1401,
1402,MB1-1402,JESUS IS THE REASON,home decor and inspirational,"https://res.cloudinary.com/oxygre42/image/upload/f_auto,q_auto,c_pad,b_white,w_1200,h_1200/v1788351157/1402_JESUS_IS_THE_REASON.png","https://res.cloudinary.com/oxygre42/image/upload/f_auto,q_auto,c_pad,b_white,w_500,h_500/v1788351157/1402_JESUS_IS_THE_REASON.png",,lifestyle,,detail,,scale,,alternate,1,1402_,https://mb1advancedsolutions.github.io/mb1-catalog/index.html?design=1402,
1403,MB1-1403,SIMPLE FLAG 1,seasonal and holiday,"https://res.cloudinary.com/oxygre42/image/upload/f_auto,q_auto,c_pad,b_white,w_1200,h_1200/v1788351159/1403_SIMPLE_FLAG_1.png","https://res.cloudinary.com/oxygre42/image/upload/f_auto,q_auto,c_pad,b_white,w_500,h_500/v1788351159/1403_SIMPLE_FLAG_1.png",,lifestyle,,detail,,scale,,alternate,1,1403_,https://mb1advancedsolutions.github.io/mb1-catalog/index.html?design=1403,
1404,MB1-1404,SIMPLE FLAG 2,seasonal and holiday,"https://res.cloudinary.com/oxygre42/image/upload/f_auto,q_auto,c_pad,b_white,w_1200,h_1200/v1788351161/1404_SIMPLE_FLAG_2.png","https://res.cloudinary.com/oxygre42/image/upload/f_auto,q_auto,c_pad,b_white,w_500,h_500/v1788351161/1404_SIMPLE_FLAG_2.png",,lifestyle,,detail,,scale,,alternate,1,1404_,https://mb1advancedsolutions.github.io/mb1-catalog/index.html?design=1404,
1405,MB1-1405,SIMPLE FLAG 3,seasonal and holiday,"https://res.cloudinary.com/oxygre42/image/upload/f_auto,q_auto,c_pad,b_white,w_1200,h_1200/v1788351163/1405_SIMPLE_FLAG_3.png","https://res.cloudinary.com/oxygre42/image/upload/f_auto,q_auto,c_pad,b_white,w_500,h_500/v1788351163/1405_SIMPLE_FLAG_3.png",,lifestyle,,detail,,scale,,alternate,1,1405_,https://mb1advancedsolutions.github.io/mb1-catalog/index.html?design=1405,
1406,MB1-1406,SIMPLE FLAG 4,seasonal and holiday,"https://res.cloudinary.com/oxygre42/image/upload/f_auto,q_auto,c_pad,b_white,w_1200,h_1200/v1788351165/1406_SIMPLE_FLAG_4.png","https://res.cloudinary.com/oxygre42/image/upload/f_auto,q_auto,c_pad,b_white,w_500,h_500/v1788351165/1406_SIMPLE_FLAG_4.png",,lifestyle,,detail,,scale,,alternate,1,1406_,https://mb1advancedsolutions.github.io/mb1-catalog/index.html?design=1406,
1407,MB1-1407,SIMPLE FLAG 5,seasonal and holiday,"https://res.cloudinary.com/oxygre42/image/upload/f_auto,q_auto,c_pad,b_white,w_1200,h_1200/v1788351166/1407_SIMPLE_FLAG_5.png","https://res.cloudinary.com/oxygre42/image/upload/f_auto,q_auto,c_pad,b_white,w_500,h_500/v1788351166/1407_SIMPLE_FLAG_5.png",,lifestyle,,detail,,scale,,alternate,1,1407_,https://mb1advancedsolutions.github.io/mb1-catalog/index.html?design=1407,
1408,MB1-1408,2Geckos,home decor and inspirational,"https://res.cloudinary.com/oxygre42/image/upload/f_auto,q_auto,c_pad,b_white,w_1200,h_1200/v1788351168/1408_2Geckos.png","https://res.cloudinary.com/oxygre42/image/upload/f_auto,q_auto,c_pad,b_white,w_500,h_500/v1788351168/1408_2Geckos.png",,lifestyle,,detail,,scale,,alternate,1,1408_,https://mb1advancedsolutions.github.io/mb1-catalog/index.html?design=1408,
1409,MB1-1409,2IndianPots,home decor and inspirational,"https://res.cloudinary.com/oxygre42/image/upload/f_auto,q_auto,c_pad,b_white,w_1200,h_1200/v1788351170/1409_2IndianPots.png","https://res.cloudinary.com/oxygre42/image/upload/f_auto,q_auto,c_pad,b_white,w_500,h_500/v1788351170/1409_2IndianPots.png",,lifestyle,,detail,,scale,,alternate,1,1409_,https://mb1advancedsolutions.github.io/mb1-catalog/index.html?design=1409,
1410,MB1-1410,2gegkosSun,home decor and inspirational,"https://res.cloudinary.com/oxygre42/image/upload/f_auto,q_auto,c_pad,b_white,w_1200,h_1200/v1788351172/1410_2gegkosSun.png","https://res.cloudinary.com/oxygre42/image/upload/f_auto,q_auto,c_pad,b_white,w_500,h_500/v1788351172/1410_2gegkosSun.png",,lifestyle,,detail,,scale,,alternate,1,1410_,https://mb1advancedsolutions.github.io/mb1-catalog/index.html?design=1410,
1411,MB1-1411,Funkysun,home decor and inspirational,"https://res.cloudinary.com/oxygre42/image/upload/f_auto,q_auto,c_pad,b_white,w_1200,h_1200/v1788351174/1411_Funkysun.png","https://res.cloudinary.com/oxygre42/image/upload/f_auto,q_auto,c_pad,b_white,w_500,h_500/v1788351174/1411_Funkysun.png",,lifestyle,,detail,,scale,,alternate,1,1411_,https://mb1advancedsolutions.github.io/mb1-catalog/index.html?design=1411,
1412,MB1-1412,Gekko ,wildlife and outdoors,"https://res.cloudinary.com/oxygre42/image/upload/f_auto,q_auto,c_pad,b_white,w_1200,h_1200/v1788351176/1412_Gekko.png","https://res.cloudinary.com/oxygre42/image/upload/f_auto,q_auto,c_pad,b_white,w_500,h_500/v1788351176/1412_Gekko.png",,lifestyle,,detail,,scale,,alternate,1,1412_,https://mb1advancedsolutions.github.io/mb1-catalog/index.html?design=1412,
1413,MB1-1413,IndianBirdFetish,home decor and inspirational,"https://res.cloudinary.com/oxygre42/image/upload/f_auto,q_auto,c_pad,b_white,w_1200,h_1200/v1788351178/1413_IndianBirdFetish.png","https://res.cloudinary.com/oxygre42/image/upload/f_auto,q_auto,c_pad,b_white,w_500,h_500/v1788351178/1413_IndianBirdFetish.png",,lifestyle,,detail,,scale,,alternate,1,1413_,https://mb1advancedsolutions.github.io/mb1-catalog/index.html?design=1413,
1414,MB1-1414,IndianTurtle2,home decor and inspirational,"https://res.cloudinary.com/oxygre42/image/upload/f_auto,q_auto,c_pad,b_white,w_1200,h_1200/v1788351180/1414_IndianTurtle2.png","https://res.cloudinary.com/oxygre42/image/upload/f_auto,q_auto,c_pad,b_white,w_500,h_500/v1788351180/1414_IndianTurtle2.png",,lifestyle,,detail,,scale,,alternate,1,1414_,https://mb1advancedsolutions.github.io/mb1-catalog/index.html?design=1414,
1415,MB1-1415,IndianTurtle3,home decor and inspirational,"https://res.cloudinary.com/oxygre42/image/upload/f_auto,q_auto,c_pad,b_white,w_1200,h_1200/v1788351181/1415_IndianTurtle3.png","https://res.cloudinary.com/oxygre42/image/upload/f_auto,q_auto,c_pad,b_white,w_500,h_500/v1788351181/1415_IndianTurtle3.png",,lifestyle,,detail,,scale,,alternate,1,1415_,https://mb1advancedsolutions.github.io/mb1-catalog/index.html?design=1415,
1416,MB1-1416,Kokapel15 ,farm and western,"https://res.cloudinary.com/oxygre42/image/upload/f_auto,q_auto,c_pad,b_white,w_1200,h_1200/v1788351183/1416_Kokapel15.png","https://res.cloudinary.com/oxygre42/image/upload/f_auto,q_auto,c_pad,b_white,w_500,h_500/v1788351183/1416_Kokapel15.png",,lifestyle,,detail,,scale,,alternate,1,1416_,https://mb1advancedsolutions.github.io/mb1-catalog/index.html?design=1416,
1417,MB1-1417,Kokapeli,farm and western,"https://res.cloudinary.com/oxygre42/image/upload/f_auto,q_auto,c_pad,b_white,w_1200,h_1200/v1788351185/1417_Kokapeli.png","https://res.cloudinary.com/oxygre42/image/upload/f_auto,q_auto,c_pad,b_white,w_500,h_500/v1788351185/1417_Kokapeli.png",,lifestyle,,detail,,scale,,alternate,1,1417_,https://mb1advancedsolutions.github.io/mb1-catalog/index.html?design=1417,
1418,MB1-1418,Kokop2,farm and western,"https://res.cloudinary.com/oxygre42/image/upload/f_auto,q_auto,c_pad,b_white,w_1200,h_1200/v1788351187/1418_Kokop2.png","https://res.cloudinary.com/oxygre42/image/upload/f_auto,q_auto,c_pad,b_white,w_500,h_500/v1788351187/1418_Kokop2.png",,lifestyle,,detail,,scale,,alternate,1,1418_,https://mb1advancedsolutions.github.io/mb1-catalog/index.html?design=1418,
1419,MB1-1419,SantaFeSun,home decor and inspirational,"https://res.cloudinary.com/oxygre42/image/upload/f_auto,q_auto,c_pad,b_white,w_1200,h_1200/v1788351189/1419_SantaFeSun.png","https://res.cloudinary.com/oxygre42/image/upload/f_auto,q_auto,c_pad,b_white,w_500,h_500/v1788351189/1419_SantaFeSun.png",,lifestyle,,detail,,scale,,alternate,1,1419_,https://mb1advancedsolutions.github.io/mb1-catalog/index.html?design=1419,
1420,MB1-1420,SpirtSun,home decor and inspirational,"https://res.cloudinary.com/oxygre42/image/upload/f_auto,q_auto,c_pad,b_white,w_1200,h_1200/v1788351191/1420_SpirtSun.png","https://res.cloudinary.com/oxygre42/image/upload/f_auto,q_auto,c_pad,b_white,w_500,h_500/v1788351191/1420_SpirtSun.png",,lifestyle,,detail,,scale,,alternate,1,1420_,https://mb1advancedsolutions.github.io/mb1-catalog/index.html?design=1420,
1421,MB1-1421,gecko5,home decor and inspirational,"https://res.cloudinary.com/oxygre42/image/upload/f_auto,q_auto,c_pad,b_white,w_1200,h_1200/v1788351193/1421_gecko5.png","https://res.cloudinary.com/oxygre42/image/upload/f_auto,q_auto,c_pad,b_white,w_500,h_500/v1788351193/1421_gecko5.png",,lifestyle,,detail,,scale,,alternate,1,1421_,https://mb1advancedsolutions.github.io/mb1-catalog/index.html?design=1421,
1422,MB1-1422,indianbear,farm and western,"https://res.cloudinary.com/oxygre42/image/upload/f_auto,q_auto,c_pad,b_white,w_1200,h_1200/v1788351195/1422_indianbear.png","https://res.cloudinary.com/oxygre42/image/upload/f_auto,q_auto,c_pad,b_white,w_500,h_500/v1788351195/1422_indianbear.png",,lifestyle,,detail,,scale,,alternate,1,1422_,https://mb1advancedsolutions.github.io/mb1-catalog/index.html?design=1422,
1423,MB1-1423,kieva dancers,farm and western,"https://res.cloudinary.com/oxygre42/image/upload/f_auto,q_auto,c_pad,b_white,w_1200,h_1200/v1788351196/1423_kieva_dancers.png","https://res.cloudinary.com/oxygre42/image/upload/f_auto,q_auto,c_pad,b_white,w_500,h_500/v1788351196/1423_kieva_dancers.png",,lifestyle,,detail,,scale,,alternate,1,1423_,https://mb1advancedsolutions.github.io/mb1-catalog/index.html?design=1423,
1424,MB1-1424,kokaSunBurst,farm and western,"https://res.cloudinary.com/oxygre42/image/upload/f_auto,q_auto,c_pad,b_white,w_1200,h_1200/v1788351198/1424_kokaSunBurst.png","https://res.cloudinary.com/oxygre42/image/upload/f_auto,q_auto,c_pad,b_white,w_500,h_500/v1788351198/1424_kokaSunBurst.png",,lifestyle,,detail,,scale,,alternate,1,1424_,https://mb1advancedsolutions.github.io/mb1-catalog/index.html?design=1424,
1425,MB1-1425,kokap3aa,farm and western,"https://res.cloudinary.com/oxygre42/image/upload/f_auto,q_auto,c_pad,b_white,w_1200,h_1200/v1788351200/1425_kokap3aa.png","https://res.cloudinary.com/oxygre42/image/upload/f_auto,q_auto,c_pad,b_white,w_500,h_500/v1788351200/1425_kokap3aa.png",,lifestyle,,detail,,scale,,alternate,1,1425_,https://mb1advancedsolutions.github.io/mb1-catalog/index.html?design=1425,
1426,MB1-1426,koko,farm and western,"https://res.cloudinary.com/oxygre42/image/upload/f_auto,q_auto,c_pad,b_white,w_1200,h_1200/v1788351202/1426_koko.png","https://res.cloudinary.com/oxygre42/image/upload/f_auto,q_auto,c_pad,b_white,w_500,h_500/v1788351202/1426_koko.png",,lifestyle,,detail,,scale,,alternate,1,1426_,https://mb1advancedsolutions.github.io/mb1-catalog/index.html?design=1426,
1427,MB1-1427,spirtbear,farm and western,"https://res.cloudinary.com/oxygre42/image/upload/f_auto,q_auto,c_pad,b_white,w_1200,h_1200/v1788351204/1427_spirtbear.png","https://res.cloudinary.com/oxygre42/image/upload/f_auto,q_auto,c_pad,b_white,w_500,h_500/v1788351204/1427_spirtbear.png",,lifestyle,,detail,,scale,,alternate,1,1427_,https://mb1advancedsolutions.github.io/mb1-catalog/index.html?design=1427,
1428,MB1-1428,vectorkokopeli,home decor and inspirational,"https://res.cloudinary.com/oxygre42/image/upload/f_auto,q_auto,c_pad,b_white,w_1200,h_1200/v1788351206/1428_vectorkokopeli.png","https://res.cloudinary.com/oxygre42/image/upload/f_auto,q_auto,c_pad,b_white,w_500,h_500/v1788351206/1428_vectorkokopeli.png",,lifestyle,,detail,,scale,,alternate,1,1428_,https://mb1advancedsolutions.github.io/mb1-catalog/index.html?design=1428,
1429,MB1-1429,SPLIT MONOGRAM 1,family & name,"https://res.cloudinary.com/oxygre42/image/upload/f_auto,q_auto,c_pad,b_white,w_1200,h_1200/v1788351208/1429_SPLIT_MONOGRAM_1.png","https://res.cloudinary.com/oxygre42/image/upload/f_auto,q_auto,c_pad,b_white,w_500,h_500/v1788351208/1429_SPLIT_MONOGRAM_1.png",,lifestyle,,detail,,scale,,alternate,1,1429_,https://mb1advancedsolutions.github.io/mb1-catalog/index.html?design=1429,
1430,MB1-1430,SPLIT MONOGRAM 10,family & name,"https://res.cloudinary.com/oxygre42/image/upload/f_auto,q_auto,c_pad,b_white,w_1200,h_1200/v1788351210/1430_SPLIT_MONOGRAM_10.png","https://res.cloudinary.com/oxygre42/image/upload/f_auto,q_auto,c_pad,b_white,w_500,h_500/v1788351210/1430_SPLIT_MONOGRAM_10.png",,lifestyle,,detail,,scale,,alternate,1,1430_,https://mb1advancedsolutions.github.io/mb1-catalog/index.html?design=1430,
1431,MB1-1431,SPLIT MONOGRAM 11,family & name,"https://res.cloudinary.com/oxygre42/image/upload/f_auto,q_auto,c_pad,b_white,w_1200,h_1200/v1788351212/1431_SPLIT_MONOGRAM_11.png","https://res.cloudinary.com/oxygre42/image/upload/f_auto,q_auto,c_pad,b_white,w_500,h_500/v1788351212/1431_SPLIT_MONOGRAM_11.png",,lifestyle,,detail,,scale,,alternate,1,1431_,https://mb1advancedsolutions.github.io/mb1-catalog/index.html?design=1431,
1432,MB1-1432,SPLIT MONOGRAM 12,family & name,"https://res.cloudinary.com/oxygre42/image/upload/f_auto,q_auto,c_pad,b_white,w_1200,h_1200/v1788351213/1432_SPLIT_MONOGRAM_12.png","https://res.cloudinary.com/oxygre42/image/upload/f_auto,q_auto,c_pad,b_white,w_500,h_500/v1788351213/1432_SPLIT_MONOGRAM_12.png",,lifestyle,,detail,,scale,,alternate,1,1432_,https://mb1advancedsolutions.github.io/mb1-catalog/index.html?design=1432,
1433,MB1-1433,SPLIT MONOGRAM 13,family & name,"https://res.cloudinary.com/oxygre42/image/upload/f_auto,q_auto,c_pad,b_white,w_1200,h_1200/v1788351215/1433_SPLIT_MONOGRAM_13.png","https://res.cloudinary.com/oxygre42/image/upload/f_auto,q_auto,c_pad,b_white,w_500,h_500/v1788351215/1433_SPLIT_MONOGRAM_13.png",,lifestyle,,detail,,scale,,alternate,1,1433_,https://mb1advancedsolutions.github.io/mb1-catalog/index.html?design=1433,
1434,MB1-1434,SPLIT MONOGRAM 14,family & name,"https://res.cloudinary.com/oxygre42/image/upload/f_auto,q_auto,c_pad,b_white,w_1200,h_1200/v1788351217/1434_SPLIT_MONOGRAM_14.png","https://res.cloudinary.com/oxygre42/image/upload/f_auto,q_auto,c_pad,b_white,w_500,h_500/v1788351217/1434_SPLIT_MONOGRAM_14.png",,lifestyle,,detail,,scale,,alternate,1,1434_,https://mb1advancedsolutions.github.io/mb1-catalog/index.html?design=1434,
1435,MB1-1435,SPLIT MONOGRAM 15,family & name,"https://res.cloudinary.com/oxygre42/image/upload/f_auto,q_auto,c_pad,b_white,w_1200,h_1200/v1788351219/1435_SPLIT_MONOGRAM_15.png","https://res.cloudinary.com/oxygre42/image/upload/f_auto,q_auto,c_pad,b_white,w_500,h_500/v1788351219/1435_SPLIT_MONOGRAM_15.png",,lifestyle,,detail,,scale,,alternate,1,1435_,https://mb1advancedsolutions.github.io/mb1-catalog/index.html?design=1435,
1436,MB1-1436,SPLIT MONOGRAM 16,family & name,"https://res.cloudinary.com/oxygre42/image/upload/f_auto,q_auto,c_pad,b_white,w_1200,h_1200/v1788351221/1436_SPLIT_MONOGRAM_16.png","https://res.cloudinary.com/oxygre42/image/upload/f_auto,q_auto,c_pad,b_white,w_500,h_500/v1788351221/1436_SPLIT_MONOGRAM_16.png",,lifestyle,,detail,,scale,,alternate,1,1436_,https://mb1advancedsolutions.github.io/mb1-catalog/index.html?design=1436,
1437,MB1-1437,SPLIT MONOGRAM 17,family & name,"https://res.cloudinary.com/oxygre42/image/upload/f_auto,q_auto,c_pad,b_white,w_1200,h_1200/v1788351223/1437_SPLIT_MONOGRAM_17.png","https://res.cloudinary.com/oxygre42/image/upload/f_auto,q_auto,c_pad,b_white,w_500,h_500/v1788351223/1437_SPLIT_MONOGRAM_17.png",,lifestyle,,detail,,scale,,alternate,1,1437_,https://mb1advancedsolutions.github.io/mb1-catalog/index.html?design=1437,
1438,MB1-1438,SPLIT MONOGRAM 18,family & name,"https://res.cloudinary.com/oxygre42/image/upload/f_auto,q_auto,c_pad,b_white,w_1200,h_1200/v1788351225/1438_SPLIT_MONOGRAM_18.png","https://res.cloudinary.com/oxygre42/image/upload/f_auto,q_auto,c_pad,b_white,w_500,h_500/v1788351225/1438_SPLIT_MONOGRAM_18.png",,lifestyle,,detail,,scale,,alternate,1,1438_,https://mb1advancedsolutions.github.io/mb1-catalog/index.html?design=1438,
1439,MB1-1439,SPLIT MONOGRAM 19,family & name,"https://res.cloudinary.com/oxygre42/image/upload/f_auto,q_auto,c_pad,b_white,w_1200,h_1200/v1788351227/1439_SPLIT_MONOGRAM_19.png","https://res.cloudinary.com/oxygre42/image/upload/f_auto,q_auto,c_pad,b_white,w_500,h_500/v1788351227/1439_SPLIT_MONOGRAM_19.png",,lifestyle,,detail,,scale,,alternate,1,1439_,https://mb1advancedsolutions.github.io/mb1-catalog/index.html?design=1439,
1440,MB1-1440,SPLIT MONOGRAM 2,family & name,"https://res.cloudinary.com/oxygre42/image/upload/f_auto,q_auto,c_pad,b_white,w_1200,h_1200/v1788351228/1440_SPLIT_MONOGRAM_2.png","https://res.cloudinary.com/oxygre42/image/upload/f_auto,q_auto,c_pad,b_white,w_500,h_500/v1788351228/1440_SPLIT_MONOGRAM_2.png",,lifestyle,,detail,,scale,,alternate,1,1440_,https://mb1advancedsolutions.github.io/mb1-catalog/index.html?design=1440,
1441,MB1-1441,SPLIT MONOGRAM 20,family & name,"https://res.cloudinary.com/oxygre42/image/upload/f_auto,q_auto,c_pad,b_white,w_1200,h_1200/v1788351230/1441_SPLIT_MONOGRAM_20.png","https://res.cloudinary.com/oxygre42/image/upload/f_auto,q_auto,c_pad,b_white,w_500,h_500/v1788351230/1441_SPLIT_MONOGRAM_20.png",,lifestyle,,detail,,scale,,alternate,1,1441_,https://mb1advancedsolutions.github.io/mb1-catalog/index.html?design=1441,
1442,MB1-1442,SPLIT MONOGRAM 21,family & name,"https://res.cloudinary.com/oxygre42/image/upload/f_auto,q_auto,c_pad,b_white,w_1200,h_1200/v1788351232/1442_SPLIT_MONOGRAM_21.png","https://res.cloudinary.com/oxygre42/image/upload/f_auto,q_auto,c_pad,b_white,w_500,h_500/v1788351232/1442_SPLIT_MONOGRAM_21.png",,lifestyle,,detail,,scale,,alternate,1,1442_,https://mb1advancedsolutions.github.io/mb1-catalog/index.html?design=1442,
1443,MB1-1443,SPLIT MONOGRAM 22,family & name,"https://res.cloudinary.com/oxygre42/image/upload/f_auto,q_auto,c_pad,b_white,w_1200,h_1200/v1788351234/1443_SPLIT_MONOGRAM_22.png","https://res.cloudinary.com/oxygre42/image/upload/f_auto,q_auto,c_pad,b_white,w_500,h_500/v1788351234/1443_SPLIT_MONOGRAM_22.png",,lifestyle,,detail,,scale,,alternate,1,1443_,https://mb1advancedsolutions.github.io/mb1-catalog/index.html?design=1443,
1444,MB1-1444,SPLIT MONOGRAM 23,family & name,"https://res.cloudinary.com/oxygre42/image/upload/f_auto,q_auto,c_pad,b_white,w_1200,h_1200/v1788351236/1444_SPLIT_MONOGRAM_23.png","https://res.cloudinary.com/oxygre42/image/upload/f_auto,q_auto,c_pad,b_white,w_500,h_500/v1788351236/1444_SPLIT_MONOGRAM_23.png",,lifestyle,,detail,,scale,,alternate,1,1444_,https://mb1advancedsolutions.github.io/mb1-catalog/index.html?design=1444,
1445,MB1-1445,SPLIT MONOGRAM 24,family & name,"https://res.cloudinary.com/oxygre42/image/upload/f_auto,q_auto,c_pad,b_white,w_1200,h_1200/v1788351238/1445_SPLIT_MONOGRAM_24.png","https://res.cloudinary.com/oxygre42/image/upload/f_auto,q_auto,c_pad,b_white,w_500,h_500/v1788351238/1445_SPLIT_MONOGRAM_24.png",,lifestyle,,detail,,scale,,alternate,1,1445_,https://mb1advancedsolutions.github.io/mb1-catalog/index.html?design=1445,
1446,MB1-1446,SPLIT MONOGRAM 25,family & name,"https://res.cloudinary.com/oxygre42/image/upload/f_auto,q_auto,c_pad,b_white,w_1200,h_1200/v1788351240/1446_SPLIT_MONOGRAM_25.png","https://res.cloudinary.com/oxygre42/image/upload/f_auto,q_auto,c_pad,b_white,w_500,h_500/v1788351240/1446_SPLIT_MONOGRAM_25.png",,lifestyle,,detail,,scale,,alternate,1,1446_,https://mb1advancedsolutions.github.io/mb1-catalog/index.html?design=1446,
1447,MB1-1447,SPLIT MONOGRAM 26,family & name,"https://res.cloudinary.com/oxygre42/image/upload/f_auto,q_auto,c_pad,b_white,w_1200,h_1200/v1788351242/1447_SPLIT_MONOGRAM_26.png","https://res.cloudinary.com/oxygre42/image/upload/f_auto,q_auto,c_pad,b_white,w_500,h_500/v1788351242/1447_SPLIT_MONOGRAM_26.png",,lifestyle,,detail,,scale,,alternate,1,1447_,https://mb1advancedsolutions.github.io/mb1-catalog/index.html?design=1447,
1448,MB1-1448,SPLIT MONOGRAM 27,family & name,"https://res.cloudinary.com/oxygre42/image/upload/f_auto,q_auto,c_pad,b_white,w_1200,h_1200/v1788351243/1448_SPLIT_MONOGRAM_27.png","https://res.cloudinary.com/oxygre42/image/upload/f_auto,q_auto,c_pad,b_white,w_500,h_500/v1788351243/1448_SPLIT_MONOGRAM_27.png",,lifestyle,,detail,,scale,,alternate,1,1448_,https://mb1advancedsolutions.github.io/mb1-catalog/index.html?design=1448,
1449,MB1-1449,SPLIT MONOGRAM 28,family & name,"https://res.cloudinary.com/oxygre42/image/upload/f_auto,q_auto,c_pad,b_white,w_1200,h_1200/v1788351245/1449_SPLIT_MONOGRAM_28.png","https://res.cloudinary.com/oxygre42/image/upload/f_auto,q_auto,c_pad,b_white,w_500,h_500/v1788351245/1449_SPLIT_MONOGRAM_28.png",,lifestyle,,detail,,scale,,alternate,1,1449_,https://mb1advancedsolutions.github.io/mb1-catalog/index.html?design=1449,
1450,MB1-1450,SPLIT MONOGRAM 3,family & name,"https://res.cloudinary.com/oxygre42/image/upload/f_auto,q_auto,c_pad,b_white,w_1200,h_1200/v1788351247/1450_SPLIT_MONOGRAM_3.png","https://res.cloudinary.com/oxygre42/image/upload/f_auto,q_auto,c_pad,b_white,w_500,h_500/v1788351247/1450_SPLIT_MONOGRAM_3.png",,lifestyle,,detail,,scale,,alternate,1,1450_,https://mb1advancedsolutions.github.io/mb1-catalog/index.html?design=1450,
1451,MB1-1451,SPLIT MONOGRAM 4,family & name,"https://res.cloudinary.com/oxygre42/image/upload/f_auto,q_auto,c_pad,b_white,w_1200,h_1200/v1788351249/1451_SPLIT_MONOGRAM_4.png","https://res.cloudinary.com/oxygre42/image/upload/f_auto,q_auto,c_pad,b_white,w_500,h_500/v1788351249/1451_SPLIT_MONOGRAM_4.png",,lifestyle,,detail,,scale,,alternate,1,1451_,https://mb1advancedsolutions.github.io/mb1-catalog/index.html?design=1451,
1454,MB1-1454,SPLIT MONOGRAM 7,family & name,"https://res.cloudinary.com/oxygre42/image/upload/f_auto,q_auto,c_pad,b_white,w_1200,h_1200/v1788351251/1454_SPLIT_MONOGRAM_7.png","https://res.cloudinary.com/oxygre42/image/upload/f_auto,q_auto,c_pad,b_white,w_500,h_500/v1788351251/1454_SPLIT_MONOGRAM_7.png",,lifestyle,,detail,,scale,,alternate,1,1454_,https://mb1advancedsolutions.github.io/mb1-catalog/index.html?design=1454,
1455,MB1-1455,SPLIT MONOGRAM 8,family & name,"https://res.cloudinary.com/oxygre42/image/upload/f_auto,q_auto,c_pad,b_white,w_1200,h_1200/v1788351253/1455_SPLIT_MONOGRAM_8.png","https://res.cloudinary.com/oxygre42/image/upload/f_auto,q_auto,c_pad,b_white,w_500,h_500/v1788351253/1455_SPLIT_MONOGRAM_8.png",,lifestyle,,detail,,scale,,alternate,1,1455_,https://mb1advancedsolutions.github.io/mb1-catalog/index.html?design=1455,
1456,MB1-1456,SPLIT MONOGRAM 9,family & name,"https://res.cloudinary.com/oxygre42/image/upload/f_auto,q_auto,c_pad,b_white,w_1200,h_1200/v1788351255/1456_SPLIT_MONOGRAM_9.png","https://res.cloudinary.com/oxygre42/image/upload/f_auto,q_auto,c_pad,b_white,w_500,h_500/v1788351255/1456_SPLIT_MONOGRAM_9.png",,lifestyle,,detail,,scale,,alternate,1,1456_,https://mb1advancedsolutions.github.io/mb1-catalog/index.html?design=1456,
1457,MB1-1457,sugar skull 1,home decor and inspirational,"https://res.cloudinary.com/oxygre42/image/upload/f_auto,q_auto,c_pad,b_white,w_1200,h_1200/v1788351257/1457_sugar_skull_1.png","https://res.cloudinary.com/oxygre42/image/upload/f_auto,q_auto,c_pad,b_white,w_500,h_500/v1788351257/1457_sugar_skull_1.png",,lifestyle,,detail,,scale,,alternate,1,1457_,https://mb1advancedsolutions.github.io/mb1-catalog/index.html?design=1457,
1458,MB1-1458,sugar skull 2,home decor and inspirational,"https://res.cloudinary.com/oxygre42/image/upload/f_auto,q_auto,c_pad,b_white,w_1200,h_1200/v1788351259/1458_sugar_skull_2.png","https://res.cloudinary.com/oxygre42/image/upload/f_auto,q_auto,c_pad,b_white,w_500,h_500/v1788351259/1458_sugar_skull_2.png",,lifestyle,,detail,,scale,,alternate,1,1458_,https://mb1advancedsolutions.github.io/mb1-catalog/index.html?design=1458,
1459,MB1-1459,sugar skull 3,home decor and inspirational,"https://res.cloudinary.com/oxygre42/image/upload/f_auto,q_auto,c_pad,b_white,w_1200,h_1200/v1788351260/1459_sugar_skull_3.png","https://res.cloudinary.com/oxygre42/image/upload/f_auto,q_auto,c_pad,b_white,w_500,h_500/v1788351260/1459_sugar_skull_3.png",,lifestyle,,detail,,scale,,alternate,1,1459_,https://mb1advancedsolutions.github.io/mb1-catalog/index.html?design=1459,
1460,MB1-1460,sugar skull 4,home decor and inspirational,"https://res.cloudinary.com/oxygre42/image/upload/f_auto,q_auto,c_pad,b_white,w_1200,h_1200/v1788351262/1460_sugar_skull_4.png","https://res.cloudinary.com/oxygre42/image/upload/f_auto,q_auto,c_pad,b_white,w_500,h_500/v1788351262/1460_sugar_skull_4.png",,lifestyle,,detail,,scale,,alternate,1,1460_,https://mb1advancedsolutions.github.io/mb1-catalog/index.html?design=1460,
1461,MB1-1461,sugar skull 5,home decor and inspirational,"https://res.cloudinary.com/oxygre42/image/upload/f_auto,q_auto,c_pad,b_white,w_1200,h_1200/v1788351264/1461_sugar_skull_5.png","https://res.cloudinary.com/oxygre42/image/upload/f_auto,q_auto,c_pad,b_white,w_500,h_500/v1788351264/1461_sugar_skull_5.png",,lifestyle,,detail,,scale,,alternate,1,1461_,https://mb1advancedsolutions.github.io/mb1-catalog/index.html?design=1461,
1462,MB1-1462,sugar skull 6 - SVG LASER,home decor and inspirational,"https://res.cloudinary.com/oxygre42/image/upload/f_auto,q_auto,c_pad,b_white,w_1200,h_1200/v1788351266/1462_sugar_skull_6_-_SVG_LASER.png","https://res.cloudinary.com/oxygre42/image/upload/f_auto,q_auto,c_pad,b_white,w_500,h_500/v1788351266/1462_sugar_skull_6_-_SVG_LASER.png",,lifestyle,,detail,,scale,,alternate,1,1462_,https://mb1advancedsolutions.github.io/mb1-catalog/index.html?design=1462,
1463,MB1-1463,sugar skull 6 - SVG PLASMA,home decor and inspirational,"https://res.cloudinary.com/oxygre42/image/upload/f_auto,q_auto,c_pad,b_white,w_1200,h_1200/v1788351268/1463_sugar_skull_6_-_SVG_PLASMA.png","https://res.cloudinary.com/oxygre42/image/upload/f_auto,q_auto,c_pad,b_white,w_500,h_500/v1788351268/1463_sugar_skull_6_-_SVG_PLASMA.png",,lifestyle,,detail,,scale,,alternate,1,1463_,https://mb1advancedsolutions.github.io/mb1-catalog/index.html?design=1463,
1464,MB1-1464,sugar skull 7,home decor and inspirational,"https://res.cloudinary.com/oxygre42/image/upload/f_auto,q_auto,c_pad,b_white,w_1200,h_1200/v1788351270/1464_sugar_skull_7.png","https://res.cloudinary.com/oxygre42/image/upload/f_auto,q_auto,c_pad,b_white,w_500,h_500/v1788351270/1464_sugar_skull_7.png",,lifestyle,,detail,,scale,,alternate,1,1464_,https://mb1advancedsolutions.github.io/mb1-catalog/index.html?design=1464,
1466,MB1-1466,beach life monogram,beach and coastal,"https://res.cloudinary.com/oxygre42/image/upload/f_auto,q_auto,c_pad,b_white,w_1200,h_1200/v1788351272/1466_beach_life_monogram.png","https://res.cloudinary.com/oxygre42/image/upload/f_auto,q_auto,c_pad,b_white,w_500,h_500/v1788351272/1466_beach_life_monogram.png",,lifestyle,,detail,,scale,,alternate,1,1466_,https://mb1advancedsolutions.github.io/mb1-catalog/index.html?design=1466,
1467,MB1-1467,beach life palm trees,beach and coastal,"https://res.cloudinary.com/oxygre42/image/upload/f_auto,q_auto,c_pad,b_white,w_1200,h_1200/v1788351274/1467_beach_life_palm_trees.png","https://res.cloudinary.com/oxygre42/image/upload/f_auto,q_auto,c_pad,b_white,w_500,h_500/v1788351274/1467_beach_life_palm_trees.png",,lifestyle,,detail,,scale,,alternate,1,1467_,https://mb1advancedsolutions.github.io/mb1-catalog/index.html?design=1467,
1468,MB1-1468,beach life,beach and coastal,"https://res.cloudinary.com/oxygre42/image/upload/f_auto,q_auto,c_pad,b_white,w_1200,h_1200/v1788351276/1468_beach_life.png","https://res.cloudinary.com/oxygre42/image/upload/f_auto,q_auto,c_pad,b_white,w_500,h_500/v1788351276/1468_beach_life.png",,lifestyle,,detail,,scale,,alternate,1,1468_,https://mb1advancedsolutions.github.io/mb1-catalog/index.html?design=1468,
1469,MB1-1469,beach sunset monogram,beach and coastal,"https://res.cloudinary.com/oxygre42/image/upload/f_auto,q_auto,c_pad,b_white,w_1200,h_1200/v1788351277/1469_beach_sunset_monogram.png","https://res.cloudinary.com/oxygre42/image/upload/f_auto,q_auto,c_pad,b_white,w_500,h_500/v1788351277/1469_beach_sunset_monogram.png",,lifestyle,,detail,,scale,,alternate,1,1469_,https://mb1advancedsolutions.github.io/mb1-catalog/index.html?design=1469,
1470,MB1-1470,flamingo beach scene monogram,beach and coastal,"https://res.cloudinary.com/oxygre42/image/upload/f_auto,q_auto,c_pad,b_white,w_1200,h_1200/v1788351279/1470_flamingo_beach_scene_monogram.png","https://res.cloudinary.com/oxygre42/image/upload/f_auto,q_auto,c_pad,b_white,w_500,h_500/v1788351279/1470_flamingo_beach_scene_monogram.png",,lifestyle,,detail,,scale,,alternate,1,1470_,https://mb1advancedsolutions.github.io/mb1-catalog/index.html?design=1470,
1471,MB1-1471,flip flop welcome,beach and coastal,"https://res.cloudinary.com/oxygre42/image/upload/f_auto,q_auto,c_pad,b_white,w_1200,h_1200/v1788351281/1471_flip_flop_welcome.png","https://res.cloudinary.com/oxygre42/image/upload/f_auto,q_auto,c_pad,b_white,w_500,h_500/v1788351281/1471_flip_flop_welcome.png",,lifestyle,,detail,,scale,,alternate,1,1471_,https://mb1advancedsolutions.github.io/mb1-catalog/index.html?design=1471,
1472,MB1-1472,hawaii girl,beach and coastal,"https://res.cloudinary.com/oxygre42/image/upload/f_auto,q_auto,c_pad,b_white,w_1200,h_1200/v1788351283/1472_hawaii_girl.png","https://res.cloudinary.com/oxygre42/image/upload/f_auto,q_auto,c_pad,b_white,w_500,h_500/v1788351283/1472_hawaii_girl.png",,lifestyle,,detail,,scale,,alternate,1,1472_,https://mb1advancedsolutions.github.io/mb1-catalog/index.html?design=1472,
1473,MB1-1473,hello summer pinapple,home decor and inspirational,"https://res.cloudinary.com/oxygre42/image/upload/f_auto,q_auto,c_pad,b_white,w_1200,h_1200/v1788351285/1473_hello_summer_pinapple.png","https://res.cloudinary.com/oxygre42/image/upload/f_auto,q_auto,c_pad,b_white,w_500,h_500/v1788351285/1473_hello_summer_pinapple.png",,lifestyle,,detail,,scale,,alternate,1,1473_,https://mb1advancedsolutions.github.io/mb1-catalog/index.html?design=1473,
1474,MB1-1474,palm trees sunset scene,beach and coastal,"https://res.cloudinary.com/oxygre42/image/upload/f_auto,q_auto,c_pad,b_white,w_1200,h_1200/v1788351287/1474_palm_trees_sunset_scene.png","https://res.cloudinary.com/oxygre42/image/upload/f_auto,q_auto,c_pad,b_white,w_500,h_500/v1788351287/1474_palm_trees_sunset_scene.png",,lifestyle,,detail,,scale,,alternate,1,1474_,https://mb1advancedsolutions.github.io/mb1-catalog/index.html?design=1474,
1475,MB1-1475,palms beach monogram,beach and coastal,"https://res.cloudinary.com/oxygre42/image/upload/f_auto,q_auto,c_pad,b_white,w_1200,h_1200/v1788351289/1475_palms_beach_monogram.png","https://res.cloudinary.com/oxygre42/image/upload/f_auto,q_auto,c_pad,b_white,w_500,h_500/v1788351289/1475_palms_beach_monogram.png",,lifestyle,,detail,,scale,,alternate,1,1475_,https://mb1advancedsolutions.github.io/mb1-catalog/index.html?design=1475,
1476,MB1-1476,surf palm tree monogram,beach and coastal,"https://res.cloudinary.com/oxygre42/image/upload/f_auto,q_auto,c_pad,b_white,w_1200,h_1200/v1788351290/1476_surf_palm_tree_monogram.png","https://res.cloudinary.com/oxygre42/image/upload/f_auto,q_auto,c_pad,b_white,w_500,h_500/v1788351290/1476_surf_palm_tree_monogram.png",,lifestyle,,detail,,scale,,alternate,1,1476_,https://mb1advancedsolutions.github.io/mb1-catalog/index.html?design=1476,
1477,MB1-1477,thailand palm trees,beach and coastal,"https://res.cloudinary.com/oxygre42/image/upload/f_auto,q_auto,c_pad,b_white,w_1200,h_1200/v1788351292/1477_thailand_palm_trees.png","https://res.cloudinary.com/oxygre42/image/upload/f_auto,q_auto,c_pad,b_white,w_500,h_500/v1788351292/1477_thailand_palm_trees.png",,lifestyle,,detail,,scale,,alternate,1,1477_,https://mb1advancedsolutions.github.io/mb1-catalog/index.html?design=1477,
1478,MB1-1478,welcome dolphines,home decor and inspirational,"https://res.cloudinary.com/oxygre42/image/upload/f_auto,q_auto,c_pad,b_white,w_1200,h_1200/v1788351294/1478_welcome_dolphines.png","https://res.cloudinary.com/oxygre42/image/upload/f_auto,q_auto,c_pad,b_white,w_500,h_500/v1788351294/1478_welcome_dolphines.png",,lifestyle,,detail,,scale,,alternate,1,1478_,https://mb1advancedsolutions.github.io/mb1-catalog/index.html?design=1478,
1479,MB1-1479,welcome palm trees ,beach and coastal,"https://res.cloudinary.com/oxygre42/image/upload/f_auto,q_auto,c_pad,b_white,w_1200,h_1200/v1788351296/1479_welcome_palm_trees.png","https://res.cloudinary.com/oxygre42/image/upload/f_auto,q_auto,c_pad,b_white,w_500,h_500/v1788351296/1479_welcome_palm_trees.png",,lifestyle,,detail,,scale,,alternate,1,1479_,https://mb1advancedsolutions.github.io/mb1-catalog/index.html?design=1479,
1480,MB1-1480,welcome surfer,beach and coastal,"https://res.cloudinary.com/oxygre42/image/upload/f_auto,q_auto,c_pad,b_white,w_1200,h_1200/v1788351298/1480_welcome_surfer.png","https://res.cloudinary.com/oxygre42/image/upload/f_auto,q_auto,c_pad,b_white,w_500,h_500/v1788351298/1480_welcome_surfer.png",,lifestyle,,detail,,scale,,alternate,1,1480_,https://mb1advancedsolutions.github.io/mb1-catalog/index.html?design=1480,
1481,MB1-1481,welcome to our home,home decor and inspirational,"https://res.cloudinary.com/oxygre42/image/upload/f_auto,q_auto,c_pad,b_white,w_1200,h_1200/v1788351300/1481_welcome_to_our_home.png","https://res.cloudinary.com/oxygre42/image/upload/f_auto,q_auto,c_pad,b_white,w_500,h_500/v1788351300/1481_welcome_to_our_home.png",,lifestyle,,detail,,scale,,alternate,1,1481_,https://mb1advancedsolutions.github.io/mb1-catalog/index.html?design=1481,
1482,MB1-1482,sunflower 1 ,home decor and inspirational,"https://res.cloudinary.com/oxygre42/image/upload/f_auto,q_auto,c_pad,b_white,w_1200,h_1200/v1788351302/1482_sunflower_1.png","https://res.cloudinary.com/oxygre42/image/upload/f_auto,q_auto,c_pad,b_white,w_500,h_500/v1788351302/1482_sunflower_1.png",,lifestyle,,detail,,scale,,alternate,1,1482_,https://mb1advancedsolutions.github.io/mb1-catalog/index.html?design=1482,
1483,MB1-1483,sunflower 10,home decor and inspirational,"https://res.cloudinary.com/oxygre42/image/upload/f_auto,q_auto,c_pad,b_white,w_1200,h_1200/v1788351304/1483_sunflower_10.png","https://res.cloudinary.com/oxygre42/image/upload/f_auto,q_auto,c_pad,b_white,w_500,h_500/v1788351304/1483_sunflower_10.png",,lifestyle,,detail,,scale,,alternate,1,1483_,https://mb1advancedsolutions.github.io/mb1-catalog/index.html?design=1483,
1484,MB1-1484,sunflower 11,home decor and inspirational,"https://res.cloudinary.com/oxygre42/image/upload/f_auto,q_auto,c_pad,b_white,w_1200,h_1200/v1788351306/1484_sunflower_11.png","https://res.cloudinary.com/oxygre42/image/upload/f_auto,q_auto,c_pad,b_white,w_500,h_500/v1788351306/1484_sunflower_11.png",,lifestyle,,detail,,scale,,alternate,1,1484_,https://mb1advancedsolutions.github.io/mb1-catalog/index.html?design=1484,
1485,MB1-1485,sunflower 2,home decor and inspirational,"https://res.cloudinary.com/oxygre42/image/upload/f_auto,q_auto,c_pad,b_white,w_1200,h_1200/v1788351308/1485_sunflower_2.png","https://res.cloudinary.com/oxygre42/image/upload/f_auto,q_auto,c_pad,b_white,w_500,h_500/v1788351308/1485_sunflower_2.png",,lifestyle,,detail,,scale,,alternate,1,1485_,https://mb1advancedsolutions.github.io/mb1-catalog/index.html?design=1485,
1486,MB1-1486,sunflower 3,home decor and inspirational,"https://res.cloudinary.com/oxygre42/image/upload/f_auto,q_auto,c_pad,b_white,w_1200,h_1200/v1788351309/1486_sunflower_3.png","https://res.cloudinary.com/oxygre42/image/upload/f_auto,q_auto,c_pad,b_white,w_500,h_500/v1788351309/1486_sunflower_3.png",,lifestyle,,detail,,scale,,alternate,1,1486_,https://mb1advancedsolutions.github.io/mb1-catalog/index.html?design=1486,
1487,MB1-1487,sunflower 4,home decor and inspirational,"https://res.cloudinary.com/oxygre42/image/upload/f_auto,q_auto,c_pad,b_white,w_1200,h_1200/v1788351311/1487_sunflower_4.png","https://res.cloudinary.com/oxygre42/image/upload/f_auto,q_auto,c_pad,b_white,w_500,h_500/v1788351311/1487_sunflower_4.png",,lifestyle,,detail,,scale,,alternate,1,1487_,https://mb1advancedsolutions.github.io/mb1-catalog/index.html?design=1487,
1488,MB1-1488,sunflower 5,home decor and inspirational,"https://res.cloudinary.com/oxygre42/image/upload/f_auto,q_auto,c_pad,b_white,w_1200,h_1200/v1788351313/1488_sunflower_5.png","https://res.cloudinary.com/oxygre42/image/upload/f_auto,q_auto,c_pad,b_white,w_500,h_500/v1788351313/1488_sunflower_5.png",,lifestyle,,detail,,scale,,alternate,1,1488_,https://mb1advancedsolutions.github.io/mb1-catalog/index.html?design=1488,
1489,MB1-1489,sunflower 6,home decor and inspirational,"https://res.cloudinary.com/oxygre42/image/upload/f_auto,q_auto,c_pad,b_white,w_1200,h_1200/v1788351315/1489_sunflower_6.png","https://res.cloudinary.com/oxygre42/image/upload/f_auto,q_auto,c_pad,b_white,w_500,h_500/v1788351315/1489_sunflower_6.png",,lifestyle,,detail,,scale,,alternate,1,1489_,https://mb1advancedsolutions.github.io/mb1-catalog/index.html?design=1489,
1490,MB1-1490,sunflower 7,home decor and inspirational,"https://res.cloudinary.com/oxygre42/image/upload/f_auto,q_auto,c_pad,b_white,w_1200,h_1200/v1788351317/1490_sunflower_7.png","https://res.cloudinary.com/oxygre42/image/upload/f_auto,q_auto,c_pad,b_white,w_500,h_500/v1788351317/1490_sunflower_7.png",,lifestyle,,detail,,scale,,alternate,1,1490_,https://mb1advancedsolutions.github.io/mb1-catalog/index.html?design=1490,
1491,MB1-1491,sunflower 8,home decor and inspirational,"https://res.cloudinary.com/oxygre42/image/upload/f_auto,q_auto,c_pad,b_white,w_1200,h_1200/v1788351319/1491_sunflower_8.png","https://res.cloudinary.com/oxygre42/image/upload/f_auto,q_auto,c_pad,b_white,w_500,h_500/v1788351319/1491_sunflower_8.png",,lifestyle,,detail,,scale,,alternate,1,1491_,https://mb1advancedsolutions.github.io/mb1-catalog/index.html?design=1491,
1492,MB1-1492,sunflower 9,home decor and inspirational,"https://res.cloudinary.com/oxygre42/image/upload/f_auto,q_auto,c_pad,b_white,w_1200,h_1200/v1788351321/1492_sunflower_9.png","https://res.cloudinary.com/oxygre42/image/upload/f_auto,q_auto,c_pad,b_white,w_500,h_500/v1788351321/1492_sunflower_9.png",,lifestyle,,detail,,scale,,alternate,1,1492_,https://mb1advancedsolutions.github.io/mb1-catalog/index.html?design=1492,
1493,MB1-1493,sunflower monogram A,family & name,"https://res.cloudinary.com/oxygre42/image/upload/f_auto,q_auto,c_pad,b_white,w_1200,h_1200/v1788351323/1493_sunflower_monogram_A.png","https://res.cloudinary.com/oxygre42/image/upload/f_auto,q_auto,c_pad,b_white,w_500,h_500/v1788351323/1493_sunflower_monogram_A.png",,lifestyle,,detail,,scale,,alternate,1,1493_,https://mb1advancedsolutions.github.io/mb1-catalog/index.html?design=1493,
1494,MB1-1494,sunflower monogram B,family & name,"https://res.cloudinary.com/oxygre42/image/upload/f_auto,q_auto,c_pad,b_white,w_1200,h_1200/v1788351325/1494_sunflower_monogram_B.png","https://res.cloudinary.com/oxygre42/image/upload/f_auto,q_auto,c_pad,b_white,w_500,h_500/v1788351325/1494_sunflower_monogram_B.png",,lifestyle,,detail,,scale,,alternate,1,1494_,https://mb1advancedsolutions.github.io/mb1-catalog/index.html?design=1494,
1495,MB1-1495,sunflower monogram C,family & name,"https://res.cloudinary.com/oxygre42/image/upload/f_auto,q_auto,c_pad,b_white,w_1200,h_1200/v1788351326/1495_sunflower_monogram_C.png","https://res.cloudinary.com/oxygre42/image/upload/f_auto,q_auto,c_pad,b_white,w_500,h_500/v1788351326/1495_sunflower_monogram_C.png",,lifestyle,,detail,,scale,,alternate,1,1495_,https://mb1advancedsolutions.github.io/mb1-catalog/index.html?design=1495,
1496,MB1-1496,sunflower monogram D,family & name,"https://res.cloudinary.com/oxygre42/image/upload/f_auto,q_auto,c_pad,b_white,w_1200,h_1200/v1788351329/1496_sunflower_monogram_D.png","https://res.cloudinary.com/oxygre42/image/upload/f_auto,q_auto,c_pad,b_white,w_500,h_500/v1788351329/1496_sunflower_monogram_D.png",,lifestyle,,detail,,scale,,alternate,1,1496_,https://mb1advancedsolutions.github.io/mb1-catalog/index.html?design=1496,
1497,MB1-1497,sunflower monogram E,family & name,"https://res.cloudinary.com/oxygre42/image/upload/f_auto,q_auto,c_pad,b_white,w_1200,h_1200/v1788351330/1497_sunflower_monogram_E.png","https://res.cloudinary.com/oxygre42/image/upload/f_auto,q_auto,c_pad,b_white,w_500,h_500/v1788351330/1497_sunflower_monogram_E.png",,lifestyle,,detail,,scale,,alternate,1,1497_,https://mb1advancedsolutions.github.io/mb1-catalog/index.html?design=1497,
1498,MB1-1498,sunflower monogram F,family & name,"https://res.cloudinary.com/oxygre42/image/upload/f_auto,q_auto,c_pad,b_white,w_1200,h_1200/v1788351332/1498_sunflower_monogram_F.png","https://res.cloudinary.com/oxygre42/image/upload/f_auto,q_auto,c_pad,b_white,w_500,h_500/v1788351332/1498_sunflower_monogram_F.png",,lifestyle,,detail,,scale,,alternate,1,1498_,https://mb1advancedsolutions.github.io/mb1-catalog/index.html?design=1498,
1499,MB1-1499,sunflower monogram G,family & name,"https://res.cloudinary.com/oxygre42/image/upload/f_auto,q_auto,c_pad,b_white,w_1200,h_1200/v1788351334/1499_sunflower_monogram_G.png","https://res.cloudinary.com/oxygre42/image/upload/f_auto,q_auto,c_pad,b_white,w_500,h_500/v1788351334/1499_sunflower_monogram_G.png",,lifestyle,,detail,,scale,,alternate,1,1499_,https://mb1advancedsolutions.github.io/mb1-catalog/index.html?design=1499,
1500,MB1-1500,sunflower monogram H,family & name,"https://res.cloudinary.com/oxygre42/image/upload/f_auto,q_auto,c_pad,b_white,w_1200,h_1200/v1788351336/1500_sunflower_monogram_H.png","https://res.cloudinary.com/oxygre42/image/upload/f_auto,q_auto,c_pad,b_white,w_500,h_500/v1788351336/1500_sunflower_monogram_H.png",,lifestyle,,detail,,scale,,alternate,1,1500_,https://mb1advancedsolutions.github.io/mb1-catalog/index.html?design=1500,
1501,MB1-1501,sunflower monogram I,family & name,"https://res.cloudinary.com/oxygre42/image/upload/f_auto,q_auto,c_pad,b_white,w_1200,h_1200/v1788351338/1501_sunflower_monogram_I.png","https://res.cloudinary.com/oxygre42/image/upload/f_auto,q_auto,c_pad,b_white,w_500,h_500/v1788351338/1501_sunflower_monogram_I.png",,lifestyle,,detail,,scale,,alternate,1,1501_,https://mb1advancedsolutions.github.io/mb1-catalog/index.html?design=1501,
1502,MB1-1502,sunflower monogram J,family & name,"https://res.cloudinary.com/oxygre42/image/upload/f_auto,q_auto,c_pad,b_white,w_1200,h_1200/v1788351340/1502_sunflower_monogram_J.png","https://res.cloudinary.com/oxygre42/image/upload/f_auto,q_auto,c_pad,b_white,w_500,h_500/v1788351340/1502_sunflower_monogram_J.png",,lifestyle,,detail,,scale,,alternate,1,1502_,https://mb1advancedsolutions.github.io/mb1-catalog/index.html?design=1502,
1503,MB1-1503,sunflower monogram K,family & name,"https://res.cloudinary.com/oxygre42/image/upload/f_auto,q_auto,c_pad,b_white,w_1200,h_1200/v1788351341/1503_sunflower_monogram_K.png","https://res.cloudinary.com/oxygre42/image/upload/f_auto,q_auto,c_pad,b_white,w_500,h_500/v1788351341/1503_sunflower_monogram_K.png",,lifestyle,,detail,,scale,,alternate,1,1503_,https://mb1advancedsolutions.github.io/mb1-catalog/index.html?design=1503,
1504,MB1-1504,sunflower monogram L,family & name,"https://res.cloudinary.com/oxygre42/image/upload/f_auto,q_auto,c_pad,b_white,w_1200,h_1200/v1788351343/1504_sunflower_monogram_L.png","https://res.cloudinary.com/oxygre42/image/upload/f_auto,q_auto,c_pad,b_white,w_500,h_500/v1788351343/1504_sunflower_monogram_L.png",,lifestyle,,detail,,scale,,alternate,1,1504_,https://mb1advancedsolutions.github.io/mb1-catalog/index.html?design=1504,
1505,MB1-1505,sunflower monogram M,family & name,"https://res.cloudinary.com/oxygre42/image/upload/f_auto,q_auto,c_pad,b_white,w_1200,h_1200/v1788351345/1505_sunflower_monogram_M.png","https://res.cloudinary.com/oxygre42/image/upload/f_auto,q_auto,c_pad,b_white,w_500,h_500/v1788351345/1505_sunflower_monogram_M.png",,lifestyle,,detail,,scale,,alternate,1,1505_,https://mb1advancedsolutions.github.io/mb1-catalog/index.html?design=1505,
1506,MB1-1506,sunflower monogram N,family & name,"https://res.cloudinary.com/oxygre42/image/upload/f_auto,q_auto,c_pad,b_white,w_1200,h_1200/v1788351347/1506_sunflower_monogram_N.png","https://res.cloudinary.com/oxygre42/image/upload/f_auto,q_auto,c_pad,b_white,w_500,h_500/v1788351347/1506_sunflower_monogram_N.png",,lifestyle,,detail,,scale,,alternate,1,1506_,https://mb1advancedsolutions.github.io/mb1-catalog/index.html?design=1506,
1507,MB1-1507,sunflower monogram O,family & name,"https://res.cloudinary.com/oxygre42/image/upload/f_auto,q_auto,c_pad,b_white,w_1200,h_1200/v1788351349/1507_sunflower_monogram_O.png","https://res.cloudinary.com/oxygre42/image/upload/f_auto,q_auto,c_pad,b_white,w_500,h_500/v1788351349/1507_sunflower_monogram_O.png",,lifestyle,,detail,,scale,,alternate,1,1507_,https://mb1advancedsolutions.github.io/mb1-catalog/index.html?design=1507,
1508,MB1-1508,sunflower monogram P,family & name,"https://res.cloudinary.com/oxygre42/image/upload/f_auto,q_auto,c_pad,b_white,w_1200,h_1200/v1788351351/1508_sunflower_monogram_P.png","https://res.cloudinary.com/oxygre42/image/upload/f_auto,q_auto,c_pad,b_white,w_500,h_500/v1788351351/1508_sunflower_monogram_P.png",,lifestyle,,detail,,scale,,alternate,1,1508_,https://mb1advancedsolutions.github.io/mb1-catalog/index.html?design=1508,
1509,MB1-1509,sunflower monogram Q,family & name,"https://res.cloudinary.com/oxygre42/image/upload/f_auto,q_auto,c_pad,b_white,w_1200,h_1200/v1788351353/1509_sunflower_monogram_Q.png","https://res.cloudinary.com/oxygre42/image/upload/f_auto,q_auto,c_pad,b_white,w_500,h_500/v1788351353/1509_sunflower_monogram_Q.png",,lifestyle,,detail,,scale,,alternate,1,1509_,https://mb1advancedsolutions.github.io/mb1-catalog/index.html?design=1509,
1510,MB1-1510,sunflower monogram R,family & name,"https://res.cloudinary.com/oxygre42/image/upload/f_auto,q_auto,c_pad,b_white,w_1200,h_1200/v1788351355/1510_sunflower_monogram_R.png","https://res.cloudinary.com/oxygre42/image/upload/f_auto,q_auto,c_pad,b_white,w_500,h_500/v1788351355/1510_sunflower_monogram_R.png",,lifestyle,,detail,,scale,,alternate,1,1510_,https://mb1advancedsolutions.github.io/mb1-catalog/index.html?design=1510,
1511,MB1-1511,sunflower monogram S,family & name,"https://res.cloudinary.com/oxygre42/image/upload/f_auto,q_auto,c_pad,b_white,w_1200,h_1200/v1788351357/1511_sunflower_monogram_S.png","https://res.cloudinary.com/oxygre42/image/upload/f_auto,q_auto,c_pad,b_white,w_500,h_500/v1788351357/1511_sunflower_monogram_S.png",,lifestyle,,detail,,scale,,alternate,1,1511_,https://mb1advancedsolutions.github.io/mb1-catalog/index.html?design=1511,
1512,MB1-1512,sunflower monogram T,family & name,"https://res.cloudinary.com/oxygre42/image/upload/f_auto,q_auto,c_pad,b_white,w_1200,h_1200/v1788351359/1512_sunflower_monogram_T.png","https://res.cloudinary.com/oxygre42/image/upload/f_auto,q_auto,c_pad,b_white,w_500,h_500/v1788351359/1512_sunflower_monogram_T.png",,lifestyle,,detail,,scale,,alternate,1,1512_,https://mb1advancedsolutions.github.io/mb1-catalog/index.html?design=1512,
1513,MB1-1513,sunflower monogram U,family & name,"https://res.cloudinary.com/oxygre42/image/upload/f_auto,q_auto,c_pad,b_white,w_1200,h_1200/v1788351360/1513_sunflower_monogram_U.png","https://res.cloudinary.com/oxygre42/image/upload/f_auto,q_auto,c_pad,b_white,w_500,h_500/v1788351360/1513_sunflower_monogram_U.png",,lifestyle,,detail,,scale,,alternate,1,1513_,https://mb1advancedsolutions.github.io/mb1-catalog/index.html?design=1513,
1514,MB1-1514,sunflower monogram V,family & name,"https://res.cloudinary.com/oxygre42/image/upload/f_auto,q_auto,c_pad,b_white,w_1200,h_1200/v1788351362/1514_sunflower_monogram_V.png","https://res.cloudinary.com/oxygre42/image/upload/f_auto,q_auto,c_pad,b_white,w_500,h_500/v1788351362/1514_sunflower_monogram_V.png",,lifestyle,,detail,,scale,,alternate,1,1514_,https://mb1advancedsolutions.github.io/mb1-catalog/index.html?design=1514,
1515,MB1-1515,sunflower monogram W,family & name,"https://res.cloudinary.com/oxygre42/image/upload/f_auto,q_auto,c_pad,b_white,w_1200,h_1200/v1788351364/1515_sunflower_monogram_W.png","https://res.cloudinary.com/oxygre42/image/upload/f_auto,q_auto,c_pad,b_white,w_500,h_500/v1788351364/1515_sunflower_monogram_W.png",,lifestyle,,detail,,scale,,alternate,1,1515_,https://mb1advancedsolutions.github.io/mb1-catalog/index.html?design=1515,
1516,MB1-1516,sunflower monogram X,family & name,"https://res.cloudinary.com/oxygre42/image/upload/f_auto,q_auto,c_pad,b_white,w_1200,h_1200/v1788351366/1516_sunflower_monogram_X.png","https://res.cloudinary.com/oxygre42/image/upload/f_auto,q_auto,c_pad,b_white,w_500,h_500/v1788351366/1516_sunflower_monogram_X.png",,lifestyle,,detail,,scale,,alternate,1,1516_,https://mb1advancedsolutions.github.io/mb1-catalog/index.html?design=1516,
1517,MB1-1517,sunflower monogram Y,family & name,"https://res.cloudinary.com/oxygre42/image/upload/f_auto,q_auto,c_pad,b_white,w_1200,h_1200/v1788351368/1517_sunflower_monogram_Y.png","https://res.cloudinary.com/oxygre42/image/upload/f_auto,q_auto,c_pad,b_white,w_500,h_500/v1788351368/1517_sunflower_monogram_Y.png",,lifestyle,,detail,,scale,,alternate,1,1517_,https://mb1advancedsolutions.github.io/mb1-catalog/index.html?design=1517,
1518,MB1-1518,sunflower monogram Z,family & name,"https://res.cloudinary.com/oxygre42/image/upload/f_auto,q_auto,c_pad,b_white,w_1200,h_1200/v1788351370/1518_sunflower_monogram_Z.png","https://res.cloudinary.com/oxygre42/image/upload/f_auto,q_auto,c_pad,b_white,w_500,h_500/v1788351370/1518_sunflower_monogram_Z.png",,lifestyle,,detail,,scale,,alternate,1,1518_,https://mb1advancedsolutions.github.io/mb1-catalog/index.html?design=1518,
1519,MB1-1519,tree of life 1,home decor and inspirational,"https://res.cloudinary.com/oxygre42/image/upload/f_auto,q_auto,c_pad,b_white,w_1200,h_1200/v1788351372/1519_tree_of_life_1.png","https://res.cloudinary.com/oxygre42/image/upload/f_auto,q_auto,c_pad,b_white,w_500,h_500/v1788351372/1519_tree_of_life_1.png",,lifestyle,,detail,,scale,,alternate,1,1519_,https://mb1advancedsolutions.github.io/mb1-catalog/index.html?design=1519,
1520,MB1-1520,tree of life 10,home decor and inspirational,"https://res.cloudinary.com/oxygre42/image/upload/f_auto,q_auto,c_pad,b_white,w_1200,h_1200/v1788351373/1520_tree_of_life_10.png","https://res.cloudinary.com/oxygre42/image/upload/f_auto,q_auto,c_pad,b_white,w_500,h_500/v1788351373/1520_tree_of_life_10.png",,lifestyle,,detail,,scale,,alternate,1,1520_,https://mb1advancedsolutions.github.io/mb1-catalog/index.html?design=1520,
1521,MB1-1521,tree of life 11,home decor and inspirational,"https://res.cloudinary.com/oxygre42/image/upload/f_auto,q_auto,c_pad,b_white,w_1200,h_1200/v1788351375/1521_tree_of_life_11.png","https://res.cloudinary.com/oxygre42/image/upload/f_auto,q_auto,c_pad,b_white,w_500,h_500/v1788351375/1521_tree_of_life_11.png",,lifestyle,,detail,,scale,,alternate,1,1521_,https://mb1advancedsolutions.github.io/mb1-catalog/index.html?design=1521,
1522,MB1-1522,tree of life 12,home decor and inspirational,"https://res.cloudinary.com/oxygre42/image/upload/f_auto,q_auto,c_pad,b_white,w_1200,h_1200/v1788351377/1522_tree_of_life_12.png","https://res.cloudinary.com/oxygre42/image/upload/f_auto,q_auto,c_pad,b_white,w_500,h_500/v1788351377/1522_tree_of_life_12.png",,lifestyle,,detail,,scale,,alternate,1,1522_,https://mb1advancedsolutions.github.io/mb1-catalog/index.html?design=1522,
1523,MB1-1523,tree of life 13,home decor and inspirational,"https://res.cloudinary.com/oxygre42/image/upload/f_auto,q_auto,c_pad,b_white,w_1200,h_1200/v1788351379/1523_tree_of_life_13.png","https://res.cloudinary.com/oxygre42/image/upload/f_auto,q_auto,c_pad,b_white,w_500,h_500/v1788351379/1523_tree_of_life_13.png",,lifestyle,,detail,,scale,,alternate,1,1523_,https://mb1advancedsolutions.github.io/mb1-catalog/index.html?design=1523,
1524,MB1-1524,tree of life 14,home decor and inspirational,"https://res.cloudinary.com/oxygre42/image/upload/f_auto,q_auto,c_pad,b_white,w_1200,h_1200/v1788351381/1524_tree_of_life_14.png","https://res.cloudinary.com/oxygre42/image/upload/f_auto,q_auto,c_pad,b_white,w_500,h_500/v1788351381/1524_tree_of_life_14.png",,lifestyle,,detail,,scale,,alternate,1,1524_,https://mb1advancedsolutions.github.io/mb1-catalog/index.html?design=1524,
1525,MB1-1525,tree of life 15,home decor and inspirational,"https://res.cloudinary.com/oxygre42/image/upload/f_auto,q_auto,c_pad,b_white,w_1200,h_1200/v1788351383/1525_tree_of_life_15.png","https://res.cloudinary.com/oxygre42/image/upload/f_auto,q_auto,c_pad,b_white,w_500,h_500/v1788351383/1525_tree_of_life_15.png",,lifestyle,,detail,,scale,,alternate,1,1525_,https://mb1advancedsolutions.github.io/mb1-catalog/index.html?design=1525,
1526,MB1-1526,tree of life 16,home decor and inspirational,"https://res.cloudinary.com/oxygre42/image/upload/f_auto,q_auto,c_pad,b_white,w_1200,h_1200/v1788351385/1526_tree_of_life_16.png","https://res.cloudinary.com/oxygre42/image/upload/f_auto,q_auto,c_pad,b_white,w_500,h_500/v1788351385/1526_tree_of_life_16.png",,lifestyle,,detail,,scale,,alternate,1,1526_,https://mb1advancedsolutions.github.io/mb1-catalog/index.html?design=1526,
1527,MB1-1527,tree of life 17,home decor and inspirational,"https://res.cloudinary.com/oxygre42/image/upload/f_auto,q_auto,c_pad,b_white,w_1200,h_1200/v1788351387/1527_tree_of_life_17.png","https://res.cloudinary.com/oxygre42/image/upload/f_auto,q_auto,c_pad,b_white,w_500,h_500/v1788351387/1527_tree_of_life_17.png",,lifestyle,,detail,,scale,,alternate,1,1527_,https://mb1advancedsolutions.github.io/mb1-catalog/index.html?design=1527,
1528,MB1-1528,tree of life 18,home decor and inspirational,"https://res.cloudinary.com/oxygre42/image/upload/f_auto,q_auto,c_pad,b_white,w_1200,h_1200/v1788351388/1528_tree_of_life_18.png","https://res.cloudinary.com/oxygre42/image/upload/f_auto,q_auto,c_pad,b_white,w_500,h_500/v1788351388/1528_tree_of_life_18.png",,lifestyle,,detail,,scale,,alternate,1,1528_,https://mb1advancedsolutions.github.io/mb1-catalog/index.html?design=1528,
1529,MB1-1529,tree of life 19,home decor and inspirational,"https://res.cloudinary.com/oxygre42/image/upload/f_auto,q_auto,c_pad,b_white,w_1200,h_1200/v1788351390/1529_tree_of_life_19.png","https://res.cloudinary.com/oxygre42/image/upload/f_auto,q_auto,c_pad,b_white,w_500,h_500/v1788351390/1529_tree_of_life_19.png",,lifestyle,,detail,,scale,,alternate,1,1529_,https://mb1advancedsolutions.github.io/mb1-catalog/index.html?design=1529,
1530,MB1-1530,tree of life 2,home decor and inspirational,"https://res.cloudinary.com/oxygre42/image/upload/f_auto,q_auto,c_pad,b_white,w_1200,h_1200/v1788351392/1530_tree_of_life_2.png","https://res.cloudinary.com/oxygre42/image/upload/f_auto,q_auto,c_pad,b_white,w_500,h_500/v1788351392/1530_tree_of_life_2.png",,lifestyle,,detail,,scale,,alternate,1,1530_,https://mb1advancedsolutions.github.io/mb1-catalog/index.html?design=1530,
1531,MB1-1531,tree of life 20,home decor and inspirational,"https://res.cloudinary.com/oxygre42/image/upload/f_auto,q_auto,c_pad,b_white,w_1200,h_1200/v1788351394/1531_tree_of_life_20.png","https://res.cloudinary.com/oxygre42/image/upload/f_auto,q_auto,c_pad,b_white,w_500,h_500/v1788351394/1531_tree_of_life_20.png",,lifestyle,,detail,,scale,,alternate,1,1531_,https://mb1advancedsolutions.github.io/mb1-catalog/index.html?design=1531,
1532,MB1-1532,tree of life 21,home decor and inspirational,"https://res.cloudinary.com/oxygre42/image/upload/f_auto,q_auto,c_pad,b_white,w_1200,h_1200/v1788351396/1532_tree_of_life_21.png","https://res.cloudinary.com/oxygre42/image/upload/f_auto,q_auto,c_pad,b_white,w_500,h_500/v1788351396/1532_tree_of_life_21.png",,lifestyle,,detail,,scale,,alternate,1,1532_,https://mb1advancedsolutions.github.io/mb1-catalog/index.html?design=1532,
1533,MB1-1533,tree of life 22,home decor and inspirational,"https://res.cloudinary.com/oxygre42/image/upload/f_auto,q_auto,c_pad,b_white,w_1200,h_1200/v1788351398/1533_tree_of_life_22.png","https://res.cloudinary.com/oxygre42/image/upload/f_auto,q_auto,c_pad,b_white,w_500,h_500/v1788351398/1533_tree_of_life_22.png",,lifestyle,,detail,,scale,,alternate,1,1533_,https://mb1advancedsolutions.github.io/mb1-catalog/index.html?design=1533,
1534,MB1-1534,tree of life 23 ,home decor and inspirational,"https://res.cloudinary.com/oxygre42/image/upload/f_auto,q_auto,c_pad,b_white,w_1200,h_1200/v1788351400/1534_tree_of_life_23.png","https://res.cloudinary.com/oxygre42/image/upload/f_auto,q_auto,c_pad,b_white,w_500,h_500/v1788351400/1534_tree_of_life_23.png",,lifestyle,,detail,,scale,,alternate,1,1534_,https://mb1advancedsolutions.github.io/mb1-catalog/index.html?design=1534,
1535,MB1-1535,tree of life 24,home decor and inspirational,"https://res.cloudinary.com/oxygre42/image/upload/f_auto,q_auto,c_pad,b_white,w_1200,h_1200/v1788351402/1535_tree_of_life_24.png","https://res.cloudinary.com/oxygre42/image/upload/f_auto,q_auto,c_pad,b_white,w_500,h_500/v1788351402/1535_tree_of_life_24.png",,lifestyle,,detail,,scale,,alternate,1,1535_,https://mb1advancedsolutions.github.io/mb1-catalog/index.html?design=1535,
1536,MB1-1536,tree of life 25,home decor and inspirational,"https://res.cloudinary.com/oxygre42/image/upload/f_auto,q_auto,c_pad,b_white,w_1200,h_1200/v1788351404/1536_tree_of_life_25.png","https://res.cloudinary.com/oxygre42/image/upload/f_auto,q_auto,c_pad,b_white,w_500,h_500/v1788351404/1536_tree_of_life_25.png",,lifestyle,,detail,,scale,,alternate,1,1536_,https://mb1advancedsolutions.github.io/mb1-catalog/index.html?design=1536,
1537,MB1-1537,tree of life 26,home decor and inspirational,"https://res.cloudinary.com/oxygre42/image/upload/f_auto,q_auto,c_pad,b_white,w_1200,h_1200/v1788351405/1537_tree_of_life_26.png","https://res.cloudinary.com/oxygre42/image/upload/f_auto,q_auto,c_pad,b_white,w_500,h_500/v1788351405/1537_tree_of_life_26.png",,lifestyle,,detail,,scale,,alternate,1,1537_,https://mb1advancedsolutions.github.io/mb1-catalog/index.html?design=1537,
1538,MB1-1538,tree of life 27,home decor and inspirational,"https://res.cloudinary.com/oxygre42/image/upload/f_auto,q_auto,c_pad,b_white,w_1200,h_1200/v1788351407/1538_tree_of_life_27.png","https://res.cloudinary.com/oxygre42/image/upload/f_auto,q_auto,c_pad,b_white,w_500,h_500/v1788351407/1538_tree_of_life_27.png",,lifestyle,,detail,,scale,,alternate,1,1538_,https://mb1advancedsolutions.github.io/mb1-catalog/index.html?design=1538,
1539,MB1-1539,tree of life 28,home decor and inspirational,"https://res.cloudinary.com/oxygre42/image/upload/f_auto,q_auto,c_pad,b_white,w_1200,h_1200/v1788351409/1539_tree_of_life_28.png","https://res.cloudinary.com/oxygre42/image/upload/f_auto,q_auto,c_pad,b_white,w_500,h_500/v1788351409/1539_tree_of_life_28.png",,lifestyle,,detail,,scale,,alternate,1,1539_,https://mb1advancedsolutions.github.io/mb1-catalog/index.html?design=1539,
1540,MB1-1540,tree of life 29,home decor and inspirational,"https://res.cloudinary.com/oxygre42/image/upload/f_auto,q_auto,c_pad,b_white,w_1200,h_1200/v1788351411/1540_tree_of_life_29.png","https://res.cloudinary.com/oxygre42/image/upload/f_auto,q_auto,c_pad,b_white,w_500,h_500/v1788351411/1540_tree_of_life_29.png",,lifestyle,,detail,,scale,,alternate,1,1540_,https://mb1advancedsolutions.github.io/mb1-catalog/index.html?design=1540,
1541,MB1-1541,tree of life 3,home decor and inspirational,"https://res.cloudinary.com/oxygre42/image/upload/f_auto,q_auto,c_pad,b_white,w_1200,h_1200/v1788351413/1541_tree_of_life_3.png","https://res.cloudinary.com/oxygre42/image/upload/f_auto,q_auto,c_pad,b_white,w_500,h_500/v1788351413/1541_tree_of_life_3.png",,lifestyle,,detail,,scale,,alternate,1,1541_,https://mb1advancedsolutions.github.io/mb1-catalog/index.html?design=1541,
1542,MB1-1542,tree of life 30,home decor and inspirational,"https://res.cloudinary.com/oxygre42/image/upload/f_auto,q_auto,c_pad,b_white,w_1200,h_1200/v1788351415/1542_tree_of_life_30.png","https://res.cloudinary.com/oxygre42/image/upload/f_auto,q_auto,c_pad,b_white,w_500,h_500/v1788351415/1542_tree_of_life_30.png",,lifestyle,,detail,,scale,,alternate,1,1542_,https://mb1advancedsolutions.github.io/mb1-catalog/index.html?design=1542,
1543,MB1-1543,tree of life 31,home decor and inspirational,"https://res.cloudinary.com/oxygre42/image/upload/f_auto,q_auto,c_pad,b_white,w_1200,h_1200/v1788351417/1543_tree_of_life_31.png","https://res.cloudinary.com/oxygre42/image/upload/f_auto,q_auto,c_pad,b_white,w_500,h_500/v1788351417/1543_tree_of_life_31.png",,lifestyle,,detail,,scale,,alternate,1,1543_,https://mb1advancedsolutions.github.io/mb1-catalog/index.html?design=1543,
1544,MB1-1544,tree of life 32,home decor and inspirational,"https://res.cloudinary.com/oxygre42/image/upload/f_auto,q_auto,c_pad,b_white,w_1200,h_1200/v1788351419/1544_tree_of_life_32.png","https://res.cloudinary.com/oxygre42/image/upload/f_auto,q_auto,c_pad,b_white,w_500,h_500/v1788351419/1544_tree_of_life_32.png",,lifestyle,,detail,,scale,,alternate,1,1544_,https://mb1advancedsolutions.github.io/mb1-catalog/index.html?design=1544,
1545,MB1-1545,tree of life 33,home decor and inspirational,"https://res.cloudinary.com/oxygre42/image/upload/f_auto,q_auto,c_pad,b_white,w_1200,h_1200/v1788351420/1545_tree_of_life_33.png","https://res.cloudinary.com/oxygre42/image/upload/f_auto,q_auto,c_pad,b_white,w_500,h_500/v1788351420/1545_tree_of_life_33.png",,lifestyle,,detail,,scale,,alternate,1,1545_,https://mb1advancedsolutions.github.io/mb1-catalog/index.html?design=1545,
1547,MB1-1547,tree of life 35,home decor and inspirational,"https://res.cloudinary.com/oxygre42/image/upload/f_auto,q_auto,c_pad,b_white,w_1200,h_1200/v1788351422/1547_tree_of_life_35.png","https://res.cloudinary.com/oxygre42/image/upload/f_auto,q_auto,c_pad,b_white,w_500,h_500/v1788351422/1547_tree_of_life_35.png",,lifestyle,,detail,,scale,,alternate,1,1547_,https://mb1advancedsolutions.github.io/mb1-catalog/index.html?design=1547,
1548,MB1-1548,tree of life 36,home decor and inspirational,"https://res.cloudinary.com/oxygre42/image/upload/f_auto,q_auto,c_pad,b_white,w_1200,h_1200/v1788351424/1548_tree_of_life_36.png","https://res.cloudinary.com/oxygre42/image/upload/f_auto,q_auto,c_pad,b_white,w_500,h_500/v1788351424/1548_tree_of_life_36.png",,lifestyle,,detail,,scale,,alternate,1,1548_,https://mb1advancedsolutions.github.io/mb1-catalog/index.html?design=1548,
1549,MB1-1549,tree of life 37,home decor and inspirational,"https://res.cloudinary.com/oxygre42/image/upload/f_auto,q_auto,c_pad,b_white,w_1200,h_1200/v1788351426/1549_tree_of_life_37.png","https://res.cloudinary.com/oxygre42/image/upload/f_auto,q_auto,c_pad,b_white,w_500,h_500/v1788351426/1549_tree_of_life_37.png",,lifestyle,,detail,,scale,,alternate,1,1549_,https://mb1advancedsolutions.github.io/mb1-catalog/index.html?design=1549,
1550,MB1-1550,tree of life 38,home decor and inspirational,"https://res.cloudinary.com/oxygre42/image/upload/f_auto,q_auto,c_pad,b_white,w_1200,h_1200/v1788351428/1550_tree_of_life_38.png","https://res.cloudinary.com/oxygre42/image/upload/f_auto,q_auto,c_pad,b_white,w_500,h_500/v1788351428/1550_tree_of_life_38.png",,lifestyle,,detail,,scale,,alternate,1,1550_,https://mb1advancedsolutions.github.io/mb1-catalog/index.html?design=1550,
1551,MB1-1551,tree of life 39,home decor and inspirational,"https://res.cloudinary.com/oxygre42/image/upload/f_auto,q_auto,c_pad,b_white,w_1200,h_1200/v1788351430/1551_tree_of_life_39.png","https://res.cloudinary.com/oxygre42/image/upload/f_auto,q_auto,c_pad,b_white,w_500,h_500/v1788351430/1551_tree_of_life_39.png",,lifestyle,,detail,,scale,,alternate,1,1551_,https://mb1advancedsolutions.github.io/mb1-catalog/index.html?design=1551,
1552,MB1-1552,tree of life 4,home decor and inspirational,"https://res.cloudinary.com/oxygre42/image/upload/f_auto,q_auto,c_pad,b_white,w_1200,h_1200/v1788351432/1552_tree_of_life_4.png","https://res.cloudinary.com/oxygre42/image/upload/f_auto,q_auto,c_pad,b_white,w_500,h_500/v1788351432/1552_tree_of_life_4.png",,lifestyle,,detail,,scale,,alternate,1,1552_,https://mb1advancedsolutions.github.io/mb1-catalog/index.html?design=1552,
1553,MB1-1553,tree of life 40,home decor and inspirational,"https://res.cloudinary.com/oxygre42/image/upload/f_auto,q_auto,c_pad,b_white,w_1200,h_1200/v1788351434/1553_tree_of_life_40.png","https://res.cloudinary.com/oxygre42/image/upload/f_auto,q_auto,c_pad,b_white,w_500,h_500/v1788351434/1553_tree_of_life_40.png",,lifestyle,,detail,,scale,,alternate,1,1553_,https://mb1advancedsolutions.github.io/mb1-catalog/index.html?design=1553,
1554,MB1-1554,tree of life 41,home decor and inspirational,"https://res.cloudinary.com/oxygre42/image/upload/f_auto,q_auto,c_pad,b_white,w_1200,h_1200/v1788351435/1554_tree_of_life_41.png","https://res.cloudinary.com/oxygre42/image/upload/f_auto,q_auto,c_pad,b_white,w_500,h_500/v1788351435/1554_tree_of_life_41.png",,lifestyle,,detail,,scale,,alternate,1,1554_,https://mb1advancedsolutions.github.io/mb1-catalog/index.html?design=1554,
1555,MB1-1555,tree of life 42,home decor and inspirational,"https://res.cloudinary.com/oxygre42/image/upload/f_auto,q_auto,c_pad,b_white,w_1200,h_1200/v1788351437/1555_tree_of_life_42.png","https://res.cloudinary.com/oxygre42/image/upload/f_auto,q_auto,c_pad,b_white,w_500,h_500/v1788351437/1555_tree_of_life_42.png",,lifestyle,,detail,,scale,,alternate,1,1555_,https://mb1advancedsolutions.github.io/mb1-catalog/index.html?design=1555,
1556,MB1-1556,tree of life 43,home decor and inspirational,"https://res.cloudinary.com/oxygre42/image/upload/f_auto,q_auto,c_pad,b_white,w_1200,h_1200/v1788351439/1556_tree_of_life_43.png","https://res.cloudinary.com/oxygre42/image/upload/f_auto,q_auto,c_pad,b_white,w_500,h_500/v1788351439/1556_tree_of_life_43.png",,lifestyle,,detail,,scale,,alternate,1,1556_,https://mb1advancedsolutions.github.io/mb1-catalog/index.html?design=1556,
1557,MB1-1557,tree of life 44,home decor and inspirational,"https://res.cloudinary.com/oxygre42/image/upload/f_auto,q_auto,c_pad,b_white,w_1200,h_1200/v1788351441/1557_tree_of_life_44.png","https://res.cloudinary.com/oxygre42/image/upload/f_auto,q_auto,c_pad,b_white,w_500,h_500/v1788351441/1557_tree_of_life_44.png",,lifestyle,,detail,,scale,,alternate,1,1557_,https://mb1advancedsolutions.github.io/mb1-catalog/index.html?design=1557,
1558,MB1-1558,tree of life 45,home decor and inspirational,"https://res.cloudinary.com/oxygre42/image/upload/f_auto,q_auto,c_pad,b_white,w_1200,h_1200/v1788351443/1558_tree_of_life_45.png","https://res.cloudinary.com/oxygre42/image/upload/f_auto,q_auto,c_pad,b_white,w_500,h_500/v1788351443/1558_tree_of_life_45.png",,lifestyle,,detail,,scale,,alternate,1,1558_,https://mb1advancedsolutions.github.io/mb1-catalog/index.html?design=1558,
1559,MB1-1559,tree of life 46,home decor and inspirational,"https://res.cloudinary.com/oxygre42/image/upload/f_auto,q_auto,c_pad,b_white,w_1200,h_1200/v1788351445/1559_tree_of_life_46.png","https://res.cloudinary.com/oxygre42/image/upload/f_auto,q_auto,c_pad,b_white,w_500,h_500/v1788351445/1559_tree_of_life_46.png",,lifestyle,,detail,,scale,,alternate,1,1559_,https://mb1advancedsolutions.github.io/mb1-catalog/index.html?design=1559,
1560,MB1-1560,tree of life 47,home decor and inspirational,"https://res.cloudinary.com/oxygre42/image/upload/f_auto,q_auto,c_pad,b_white,w_1200,h_1200/v1788351447/1560_tree_of_life_47.png","https://res.cloudinary.com/oxygre42/image/upload/f_auto,q_auto,c_pad,b_white,w_500,h_500/v1788351447/1560_tree_of_life_47.png",,lifestyle,,detail,,scale,,alternate,1,1560_,https://mb1advancedsolutions.github.io/mb1-catalog/index.html?design=1560,
1561,MB1-1561,tree of life 48,home decor and inspirational,"https://res.cloudinary.com/oxygre42/image/upload/f_auto,q_auto,c_pad,b_white,w_1200,h_1200/v1788351449/1561_tree_of_life_48.png","https://res.cloudinary.com/oxygre42/image/upload/f_auto,q_auto,c_pad,b_white,w_500,h_500/v1788351449/1561_tree_of_life_48.png",,lifestyle,,detail,,scale,,alternate,1,1561_,https://mb1advancedsolutions.github.io/mb1-catalog/index.html?design=1561,
1562,MB1-1562,tree of life 5,home decor and inspirational,"https://res.cloudinary.com/oxygre42/image/upload/f_auto,q_auto,c_pad,b_white,w_1200,h_1200/v1788351451/1562_tree_of_life_5.png","https://res.cloudinary.com/oxygre42/image/upload/f_auto,q_auto,c_pad,b_white,w_500,h_500/v1788351451/1562_tree_of_life_5.png",,lifestyle,,detail,,scale,,alternate,1,1562_,https://mb1advancedsolutions.github.io/mb1-catalog/index.html?design=1562,
1563,MB1-1563,tree of life 50,home decor and inspirational,"https://res.cloudinary.com/oxygre42/image/upload/f_auto,q_auto,c_pad,b_white,w_1200,h_1200/v1788351452/1563_tree_of_life_50.png","https://res.cloudinary.com/oxygre42/image/upload/f_auto,q_auto,c_pad,b_white,w_500,h_500/v1788351452/1563_tree_of_life_50.png",,lifestyle,,detail,,scale,,alternate,1,1563_,https://mb1advancedsolutions.github.io/mb1-catalog/index.html?design=1563,
1564,MB1-1564,tree of life 51,home decor and inspirational,"https://res.cloudinary.com/oxygre42/image/upload/f_auto,q_auto,c_pad,b_white,w_1200,h_1200/v1788351454/1564_tree_of_life_51.png","https://res.cloudinary.com/oxygre42/image/upload/f_auto,q_auto,c_pad,b_white,w_500,h_500/v1788351454/1564_tree_of_life_51.png",,lifestyle,,detail,,scale,,alternate,1,1564_,https://mb1advancedsolutions.github.io/mb1-catalog/index.html?design=1564,
1565,MB1-1565,tree of life 52,home decor and inspirational,"https://res.cloudinary.com/oxygre42/image/upload/f_auto,q_auto,c_pad,b_white,w_1200,h_1200/v1788351456/1565_tree_of_life_52.png","https://res.cloudinary.com/oxygre42/image/upload/f_auto,q_auto,c_pad,b_white,w_500,h_500/v1788351456/1565_tree_of_life_52.png",,lifestyle,,detail,,scale,,alternate,1,1565_,https://mb1advancedsolutions.github.io/mb1-catalog/index.html?design=1565,
1566,MB1-1566,tree of life 53,home decor and inspirational,"https://res.cloudinary.com/oxygre42/image/upload/f_auto,q_auto,c_pad,b_white,w_1200,h_1200/v1788351458/1566_tree_of_life_53.png","https://res.cloudinary.com/oxygre42/image/upload/f_auto,q_auto,c_pad,b_white,w_500,h_500/v1788351458/1566_tree_of_life_53.png",,lifestyle,,detail,,scale,,alternate,1,1566_,https://mb1advancedsolutions.github.io/mb1-catalog/index.html?design=1566,
1567,MB1-1567,tree of life 54,home decor and inspirational,"https://res.cloudinary.com/oxygre42/image/upload/f_auto,q_auto,c_pad,b_white,w_1200,h_1200/v1788351460/1567_tree_of_life_54.png","https://res.cloudinary.com/oxygre42/image/upload/f_auto,q_auto,c_pad,b_white,w_500,h_500/v1788351460/1567_tree_of_life_54.png",,lifestyle,,detail,,scale,,alternate,1,1567_,https://mb1advancedsolutions.github.io/mb1-catalog/index.html?design=1567,
1568,MB1-1568,tree of life 55,home decor and inspirational,"https://res.cloudinary.com/oxygre42/image/upload/f_auto,q_auto,c_pad,b_white,w_1200,h_1200/v1788351462/1568_tree_of_life_55.png","https://res.cloudinary.com/oxygre42/image/upload/f_auto,q_auto,c_pad,b_white,w_500,h_500/v1788351462/1568_tree_of_life_55.png",,lifestyle,,detail,,scale,,alternate,1,1568_,https://mb1advancedsolutions.github.io/mb1-catalog/index.html?design=1568,
1569,MB1-1569,tree of life 56,home decor and inspirational,"https://res.cloudinary.com/oxygre42/image/upload/f_auto,q_auto,c_pad,b_white,w_1200,h_1200/v1788351464/1569_tree_of_life_56.png","https://res.cloudinary.com/oxygre42/image/upload/f_auto,q_auto,c_pad,b_white,w_500,h_500/v1788351464/1569_tree_of_life_56.png",,lifestyle,,detail,,scale,,alternate,1,1569_,https://mb1advancedsolutions.github.io/mb1-catalog/index.html?design=1569,
1570,MB1-1570,tree of life 6,home decor and inspirational,"https://res.cloudinary.com/oxygre42/image/upload/f_auto,q_auto,c_pad,b_white,w_1200,h_1200/v1788351466/1570_tree_of_life_6.png","https://res.cloudinary.com/oxygre42/image/upload/f_auto,q_auto,c_pad,b_white,w_500,h_500/v1788351466/1570_tree_of_life_6.png",,lifestyle,,detail,,scale,,alternate,1,1570_,https://mb1advancedsolutions.github.io/mb1-catalog/index.html?design=1570,
1571,MB1-1571,tree of life 7,home decor and inspirational,"https://res.cloudinary.com/oxygre42/image/upload/f_auto,q_auto,c_pad,b_white,w_1200,h_1200/v1788351468/1571_tree_of_life_7.png","https://res.cloudinary.com/oxygre42/image/upload/f_auto,q_auto,c_pad,b_white,w_500,h_500/v1788351468/1571_tree_of_life_7.png",,lifestyle,,detail,,scale,,alternate,1,1571_,https://mb1advancedsolutions.github.io/mb1-catalog/index.html?design=1571,
1572,MB1-1572,tree of life 8,home decor and inspirational,"https://res.cloudinary.com/oxygre42/image/upload/f_auto,q_auto,c_pad,b_white,w_1200,h_1200/v1788351469/1572_tree_of_life_8.png","https://res.cloudinary.com/oxygre42/image/upload/f_auto,q_auto,c_pad,b_white,w_500,h_500/v1788351469/1572_tree_of_life_8.png",,lifestyle,,detail,,scale,,alternate,1,1572_,https://mb1advancedsolutions.github.io/mb1-catalog/index.html?design=1572,
1573,MB1-1573,tree of life 9,home decor and inspirational,"https://res.cloudinary.com/oxygre42/image/upload/f_auto,q_auto,c_pad,b_white,w_1200,h_1200/v1788351471/1573_tree_of_life_9.png","https://res.cloudinary.com/oxygre42/image/upload/f_auto,q_auto,c_pad,b_white,w_500,h_500/v1788351471/1573_tree_of_life_9.png",,lifestyle,,detail,,scale,,alternate,1,1573_,https://mb1advancedsolutions.github.io/mb1-catalog/index.html?design=1573,
1574,MB1-1574,tree stake bigfoot,home decor and inspirational,"https://res.cloudinary.com/oxygre42/image/upload/f_auto,q_auto,c_pad,b_white,w_1200,h_1200/v1788351473/1574_tree_stake_bigfoot.png","https://res.cloudinary.com/oxygre42/image/upload/f_auto,q_auto,c_pad,b_white,w_500,h_500/v1788351473/1574_tree_stake_bigfoot.png",,lifestyle,,detail,,scale,,alternate,1,1574_,https://mb1advancedsolutions.github.io/mb1-catalog/index.html?design=1574,
1575,MB1-1575,tree stake bird family,family & name,"https://res.cloudinary.com/oxygre42/image/upload/f_auto,q_auto,c_pad,b_white,w_1200,h_1200/v1788351475/1575_tree_stake_bird_family.png","https://res.cloudinary.com/oxygre42/image/upload/f_auto,q_auto,c_pad,b_white,w_500,h_500/v1788351475/1575_tree_stake_bird_family.png",,lifestyle,,detail,,scale,,alternate,1,1575_,https://mb1advancedsolutions.github.io/mb1-catalog/index.html?design=1575,
1576,MB1-1576,tree stake bird mom family,family & name,"https://res.cloudinary.com/oxygre42/image/upload/f_auto,q_auto,c_pad,b_white,w_1200,h_1200/v1788351477/1576_tree_stake_bird_mom_family.png","https://res.cloudinary.com/oxygre42/image/upload/f_auto,q_auto,c_pad,b_white,w_500,h_500/v1788351477/1576_tree_stake_bird_mom_family.png",,lifestyle,,detail,,scale,,alternate,1,1576_,https://mb1advancedsolutions.github.io/mb1-catalog/index.html?design=1576,
1577,MB1-1577,tree stake butterfly,wildlife and outdoors,"https://res.cloudinary.com/oxygre42/image/upload/f_auto,q_auto,c_pad,b_white,w_1200,h_1200/v1788351479/1577_tree_stake_butterfly.png","https://res.cloudinary.com/oxygre42/image/upload/f_auto,q_auto,c_pad,b_white,w_500,h_500/v1788351479/1577_tree_stake_butterfly.png",,lifestyle,,detail,,scale,,alternate,1,1577_,https://mb1advancedsolutions.github.io/mb1-catalog/index.html?design=1577,
1578,MB1-1578,tree stake cardinal,home decor and inspirational,"https://res.cloudinary.com/oxygre42/image/upload/f_auto,q_auto,c_pad,b_white,w_1200,h_1200/v1788351481/1578_tree_stake_cardinal.png","https://res.cloudinary.com/oxygre42/image/upload/f_auto,q_auto,c_pad,b_white,w_500,h_500/v1788351481/1578_tree_stake_cardinal.png",,lifestyle,,detail,,scale,,alternate,1,1578_,https://mb1advancedsolutions.github.io/mb1-catalog/index.html?design=1578,
1579,MB1-1579,tree stake dragon ,wildlife and outdoors,"https://res.cloudinary.com/oxygre42/image/upload/f_auto,q_auto,c_pad,b_white,w_1200,h_1200/v1788351483/1579_tree_stake_dragon.png","https://res.cloudinary.com/oxygre42/image/upload/f_auto,q_auto,c_pad,b_white,w_500,h_500/v1788351483/1579_tree_stake_dragon.png",,lifestyle,,detail,,scale,,alternate,1,1579_,https://mb1advancedsolutions.github.io/mb1-catalog/index.html?design=1579,
1580,MB1-1580,tree stake eagle flag,seasonal and holiday,"https://res.cloudinary.com/oxygre42/image/upload/f_auto,q_auto,c_pad,b_white,w_1200,h_1200/v1788351485/1580_tree_stake_eagle_flag.png","https://res.cloudinary.com/oxygre42/image/upload/f_auto,q_auto,c_pad,b_white,w_500,h_500/v1788351485/1580_tree_stake_eagle_flag.png",,lifestyle,,detail,,scale,,alternate,1,1580_,https://mb1advancedsolutions.github.io/mb1-catalog/index.html?design=1580,
1581,MB1-1581,tree stake eagle,wildlife and outdoors,"https://res.cloudinary.com/oxygre42/image/upload/f_auto,q_auto,c_pad,b_white,w_1200,h_1200/v1788351486/1581_tree_stake_eagle.png","https://res.cloudinary.com/oxygre42/image/upload/f_auto,q_auto,c_pad,b_white,w_500,h_500/v1788351486/1581_tree_stake_eagle.png",,lifestyle,,detail,,scale,,alternate,1,1581_,https://mb1advancedsolutions.github.io/mb1-catalog/index.html?design=1581,
1582,MB1-1582,tree stake fairy,home decor and inspirational,"https://res.cloudinary.com/oxygre42/image/upload/f_auto,q_auto,c_pad,b_white,w_1200,h_1200/v1788351488/1582_tree_stake_fairy.png","https://res.cloudinary.com/oxygre42/image/upload/f_auto,q_auto,c_pad,b_white,w_500,h_500/v1788351488/1582_tree_stake_fairy.png",,lifestyle,,detail,,scale,,alternate,1,1582_,https://mb1advancedsolutions.github.io/mb1-catalog/index.html?design=1582,
1583,MB1-1583,tree stake flag humming bird,seasonal and holiday,"https://res.cloudinary.com/oxygre42/image/upload/f_auto,q_auto,c_pad,b_white,w_1200,h_1200/v1788351490/1583_tree_stake_flag_humming_bird.png","https://res.cloudinary.com/oxygre42/image/upload/f_auto,q_auto,c_pad,b_white,w_500,h_500/v1788351490/1583_tree_stake_flag_humming_bird.png",,lifestyle,,detail,,scale,,alternate,1,1583_,https://mb1advancedsolutions.github.io/mb1-catalog/index.html?design=1583,
1584,MB1-1584,tree stake flag lemer,seasonal and holiday,"https://res.cloudinary.com/oxygre42/image/upload/f_auto,q_auto,c_pad,b_white,w_1200,h_1200/v1788351492/1584_tree_stake_flag_lemer.png","https://res.cloudinary.com/oxygre42/image/upload/f_auto,q_auto,c_pad,b_white,w_500,h_500/v1788351492/1584_tree_stake_flag_lemer.png",,lifestyle,,detail,,scale,,alternate,1,1584_,https://mb1advancedsolutions.github.io/mb1-catalog/index.html?design=1584,
1585,MB1-1585,tree stake flag,seasonal and holiday,"https://res.cloudinary.com/oxygre42/image/upload/f_auto,q_auto,c_pad,b_white,w_1200,h_1200/v1788351494/1585_tree_stake_flag.png","https://res.cloudinary.com/oxygre42/image/upload/f_auto,q_auto,c_pad,b_white,w_500,h_500/v1788351494/1585_tree_stake_flag.png",,lifestyle,,detail,,scale,,alternate,1,1585_,https://mb1advancedsolutions.github.io/mb1-catalog/index.html?design=1585,
1586,MB1-1586,tree stake gnomes family,family & name,"https://res.cloudinary.com/oxygre42/image/upload/f_auto,q_auto,c_pad,b_white,w_1200,h_1200/v1788351496/1586_tree_stake_gnomes_family.png","https://res.cloudinary.com/oxygre42/image/upload/f_auto,q_auto,c_pad,b_white,w_500,h_500/v1788351496/1586_tree_stake_gnomes_family.png",,lifestyle,,detail,,scale,,alternate,1,1586_,https://mb1advancedsolutions.github.io/mb1-catalog/index.html?design=1586,
1587,MB1-1587,tree stake gnomes love,home decor and inspirational,"https://res.cloudinary.com/oxygre42/image/upload/f_auto,q_auto,c_pad,b_white,w_1200,h_1200/v1788351498/1587_tree_stake_gnomes_love.png","https://res.cloudinary.com/oxygre42/image/upload/f_auto,q_auto,c_pad,b_white,w_500,h_500/v1788351498/1587_tree_stake_gnomes_love.png",,lifestyle,,detail,,scale,,alternate,1,1587_,https://mb1advancedsolutions.github.io/mb1-catalog/index.html?design=1587,
1588,MB1-1588,tree stake little bird,home decor and inspirational,"https://res.cloudinary.com/oxygre42/image/upload/f_auto,q_auto,c_pad,b_white,w_1200,h_1200/v1788351499/1588_tree_stake_little_bird.png","https://res.cloudinary.com/oxygre42/image/upload/f_auto,q_auto,c_pad,b_white,w_500,h_500/v1788351499/1588_tree_stake_little_bird.png",,lifestyle,,detail,,scale,,alternate,1,1588_,https://mb1advancedsolutions.github.io/mb1-catalog/index.html?design=1588,
1589,MB1-1589,tree stake love birds,home decor and inspirational,"https://res.cloudinary.com/oxygre42/image/upload/f_auto,q_auto,c_pad,b_white,w_1200,h_1200/v1788351501/1589_tree_stake_love_birds.png","https://res.cloudinary.com/oxygre42/image/upload/f_auto,q_auto,c_pad,b_white,w_500,h_500/v1788351501/1589_tree_stake_love_birds.png",,lifestyle,,detail,,scale,,alternate,1,1589_,https://mb1advancedsolutions.github.io/mb1-catalog/index.html?design=1589,
1590,MB1-1590,tree stake owl,wildlife and outdoors,"https://res.cloudinary.com/oxygre42/image/upload/f_auto,q_auto,c_pad,b_white,w_1200,h_1200/v1788351503/1590_tree_stake_owl.png","https://res.cloudinary.com/oxygre42/image/upload/f_auto,q_auto,c_pad,b_white,w_500,h_500/v1788351503/1590_tree_stake_owl.png",,lifestyle,,detail,,scale,,alternate,1,1590_,https://mb1advancedsolutions.github.io/mb1-catalog/index.html?design=1590,
1591,MB1-1591,tree stake quail,home decor and inspirational,"https://res.cloudinary.com/oxygre42/image/upload/f_auto,q_auto,c_pad,b_white,w_1200,h_1200/v1788351505/1591_tree_stake_quail.png","https://res.cloudinary.com/oxygre42/image/upload/f_auto,q_auto,c_pad,b_white,w_500,h_500/v1788351505/1591_tree_stake_quail.png",,lifestyle,,detail,,scale,,alternate,1,1591_,https://mb1advancedsolutions.github.io/mb1-catalog/index.html?design=1591,
1592,MB1-1592,tree stake racoon,home decor and inspirational,"https://res.cloudinary.com/oxygre42/image/upload/f_auto,q_auto,c_pad,b_white,w_1200,h_1200/v1788351507/1592_tree_stake_racoon.png","https://res.cloudinary.com/oxygre42/image/upload/f_auto,q_auto,c_pad,b_white,w_500,h_500/v1788351507/1592_tree_stake_racoon.png",,lifestyle,,detail,,scale,,alternate,1,1592_,https://mb1advancedsolutions.github.io/mb1-catalog/index.html?design=1592,
1593,MB1-1593,tree stake raven,home decor and inspirational,"https://res.cloudinary.com/oxygre42/image/upload/f_auto,q_auto,c_pad,b_white,w_1200,h_1200/v1788351509/1593_tree_stake_raven.png","https://res.cloudinary.com/oxygre42/image/upload/f_auto,q_auto,c_pad,b_white,w_500,h_500/v1788351509/1593_tree_stake_raven.png",,lifestyle,,detail,,scale,,alternate,1,1593_,https://mb1advancedsolutions.github.io/mb1-catalog/index.html?design=1593,
1594,MB1-1594,tree stake skunk,home decor and inspirational,"https://res.cloudinary.com/oxygre42/image/upload/f_auto,q_auto,c_pad,b_white,w_1200,h_1200/v1788351511/1594_tree_stake_skunk.png","https://res.cloudinary.com/oxygre42/image/upload/f_auto,q_auto,c_pad,b_white,w_500,h_500/v1788351511/1594_tree_stake_skunk.png",,lifestyle,,detail,,scale,,alternate,1,1594_,https://mb1advancedsolutions.github.io/mb1-catalog/index.html?design=1594,
1595,MB1-1595,tree stake squirrel,home decor and inspirational,"https://res.cloudinary.com/oxygre42/image/upload/f_auto,q_auto,c_pad,b_white,w_1200,h_1200/v1788351513/1595_tree_stake_squirrel.png","https://res.cloudinary.com/oxygre42/image/upload/f_auto,q_auto,c_pad,b_white,w_500,h_500/v1788351513/1595_tree_stake_squirrel.png",,lifestyle,,detail,,scale,,alternate,1,1595_,https://mb1advancedsolutions.github.io/mb1-catalog/index.html?design=1595,
1596,MB1-1596,2nd security 1789,address and property,"https://res.cloudinary.com/oxygre42/image/upload/f_auto,q_auto,c_pad,b_white,w_1200,h_1200/v1788351514/1596_2nd_security_1789.png","https://res.cloudinary.com/oxygre42/image/upload/f_auto,q_auto,c_pad,b_white,w_500,h_500/v1788351514/1596_2nd_security_1789.png",,lifestyle,,detail,,scale,,alternate,1,1596_,https://mb1advancedsolutions.github.io/mb1-catalog/index.html?design=1596,
1597,MB1-1597,AR-15 911,address and property,"https://res.cloudinary.com/oxygre42/image/upload/f_auto,q_auto,c_pad,b_white,w_1200,h_1200/v1788351516/1597_AR-15_911.png","https://res.cloudinary.com/oxygre42/image/upload/f_auto,q_auto,c_pad,b_white,w_500,h_500/v1788351516/1597_AR-15_911.png",,lifestyle,,detail,,scale,,alternate,1,1597_,https://mb1advancedsolutions.github.io/mb1-catalog/index.html?design=1597,
1598,MB1-1598,Wife Warning Sign,address and property,"https://res.cloudinary.com/oxygre42/image/upload/f_auto,q_auto,c_pad,b_white,w_1200,h_1200/v1788351518/1598_Wife_Warning_Sign.png","https://res.cloudinary.com/oxygre42/image/upload/f_auto,q_auto,c_pad,b_white,w_500,h_500/v1788351518/1598_Wife_Warning_Sign.png",,lifestyle,,detail,,scale,,alternate,1,1598_,https://mb1advancedsolutions.github.io/mb1-catalog/index.html?design=1598,
1601,MB1-1601,fuck around and find out,home decor and inspirational,"https://res.cloudinary.com/oxygre42/image/upload/f_auto,q_auto,c_pad,b_white,w_1200,h_1200/v1788351520/1601_fuck_around_and_find_out.png","https://res.cloudinary.com/oxygre42/image/upload/f_auto,q_auto,c_pad,b_white,w_500,h_500/v1788351520/1601_fuck_around_and_find_out.png",,lifestyle,,detail,,scale,,alternate,1,1601_,https://mb1advancedsolutions.github.io/mb1-catalog/index.html?design=1601,
1602,MB1-1602,funny trespassing sign,address and property,"https://res.cloudinary.com/oxygre42/image/upload/f_auto,q_auto,c_pad,b_white,w_1200,h_1200/v1788351522/1602_funny_trespassing_sign.png","https://res.cloudinary.com/oxygre42/image/upload/f_auto,q_auto,c_pad,b_white,w_500,h_500/v1788351522/1602_funny_trespassing_sign.png",,lifestyle,,detail,,scale,,alternate,1,1602_,https://mb1advancedsolutions.github.io/mb1-catalog/index.html?design=1602,
1603,MB1-1603,just the tip i promise,home decor and inspirational,"https://res.cloudinary.com/oxygre42/image/upload/f_auto,q_auto,c_pad,b_white,w_1200,h_1200/v1788351524/1603_just_the_tip_i_promise.png","https://res.cloudinary.com/oxygre42/image/upload/f_auto,q_auto,c_pad,b_white,w_500,h_500/v1788351524/1603_just_the_tip_i_promise.png",,lifestyle,,detail,,scale,,alternate,1,1603_,https://mb1advancedsolutions.github.io/mb1-catalog/index.html?design=1603,
1604,MB1-1604,kill yourself before i catch you,home decor and inspirational,"https://res.cloudinary.com/oxygre42/image/upload/f_auto,q_auto,c_pad,b_white,w_1200,h_1200/v1788351526/1604_kill_yourself_before_i_catch_you.png","https://res.cloudinary.com/oxygre42/image/upload/f_auto,q_auto,c_pad,b_white,w_500,h_500/v1788351526/1604_kill_yourself_before_i_catch_you.png",,lifestyle,,detail,,scale,,alternate,1,1604_,https://mb1advancedsolutions.github.io/mb1-catalog/index.html?design=1604,
1605,MB1-1605,no trespassing,address and property,"https://res.cloudinary.com/oxygre42/image/upload/f_auto,q_auto,c_pad,b_white,w_1200,h_1200/v1788351528/1605_no_trespassing.png","https://res.cloudinary.com/oxygre42/image/upload/f_auto,q_auto,c_pad,b_white,w_500,h_500/v1788351528/1605_no_trespassing.png",,lifestyle,,detail,,scale,,alternate,1,1605_,https://mb1advancedsolutions.github.io/mb1-catalog/index.html?design=1605,
1606,MB1-1606,protected by second amendment,address and property,"https://res.cloudinary.com/oxygre42/image/upload/f_auto,q_auto,c_pad,b_white,w_1200,h_1200/v1788351530/1606_protected_by_second_amendment.png","https://res.cloudinary.com/oxygre42/image/upload/f_auto,q_auto,c_pad,b_white,w_500,h_500/v1788351530/1606_protected_by_second_amendment.png",,lifestyle,,detail,,scale,,alternate,1,1606_,https://mb1advancedsolutions.github.io/mb1-catalog/index.html?design=1606,
1607,MB1-1607,protected by the lord 2,home decor and inspirational,"https://res.cloudinary.com/oxygre42/image/upload/f_auto,q_auto,c_pad,b_white,w_1200,h_1200/v1788351531/1607_protected_by_the_lord_2.png","https://res.cloudinary.com/oxygre42/image/upload/f_auto,q_auto,c_pad,b_white,w_500,h_500/v1788351531/1607_protected_by_the_lord_2.png",,lifestyle,,detail,,scale,,alternate,1,1607_,https://mb1advancedsolutions.github.io/mb1-catalog/index.html?design=1607,
1609,MB1-1609,think twice ,home decor and inspirational,"https://res.cloudinary.com/oxygre42/image/upload/f_auto,q_auto,c_pad,b_white,w_1200,h_1200/v1788351533/1609_think_twice.png","https://res.cloudinary.com/oxygre42/image/upload/f_auto,q_auto,c_pad,b_white,w_500,h_500/v1788351533/1609_think_twice.png",,lifestyle,,detail,,scale,,alternate,1,1609_,https://mb1advancedsolutions.github.io/mb1-catalog/index.html?design=1609,
1610,MB1-1610,warning alarm,address and property,"https://res.cloudinary.com/oxygre42/image/upload/f_auto,q_auto,c_pad,b_white,w_1200,h_1200/v1788351535/1610_warning_alarm.png","https://res.cloudinary.com/oxygre42/image/upload/f_auto,q_auto,c_pad,b_white,w_500,h_500/v1788351535/1610_warning_alarm.png",,lifestyle,,detail,,scale,,alternate,1,1610_,https://mb1advancedsolutions.github.io/mb1-catalog/index.html?design=1610,
1611,MB1-1611,we do not dial 911 flag,seasonal and holiday,"https://res.cloudinary.com/oxygre42/image/upload/f_auto,q_auto,c_pad,b_white,w_1200,h_1200/v1788351537/1611_we_do_not_dial_911_flag.png","https://res.cloudinary.com/oxygre42/image/upload/f_auto,q_auto,c_pad,b_white,w_500,h_500/v1788351537/1611_we_do_not_dial_911_flag.png",,lifestyle,,detail,,scale,,alternate,1,1611_,https://mb1advancedsolutions.github.io/mb1-catalog/index.html?design=1611,
1612,MB1-1612,you are in range,address and property,"https://res.cloudinary.com/oxygre42/image/upload/f_auto,q_auto,c_pad,b_white,w_1200,h_1200/v1788351539/1612_you_are_in_range.png","https://res.cloudinary.com/oxygre42/image/upload/f_auto,q_auto,c_pad,b_white,w_500,h_500/v1788351539/1612_you_are_in_range.png",,lifestyle,,detail,,scale,,alternate,1,1612_,https://mb1advancedsolutions.github.io/mb1-catalog/index.html?design=1612,
1613,MB1-1613,you are now in range,address and property,"https://res.cloudinary.com/oxygre42/image/upload/f_auto,q_auto,c_pad,b_white,w_1200,h_1200/v1788351541/1613_you_are_now_in_range.png","https://res.cloudinary.com/oxygre42/image/upload/f_auto,q_auto,c_pad,b_white,w_500,h_500/v1788351541/1613_you_are_now_in_range.png",,lifestyle,,detail,,scale,,alternate,1,1613_,https://mb1advancedsolutions.github.io/mb1-catalog/index.html?design=1613,
1614,MB1-1614,Truck 001,home decor and inspirational,"https://res.cloudinary.com/oxygre42/image/upload/f_auto,q_auto,c_pad,b_white,w_1200,h_1200/v1788351543/1614_Truck_001.png","https://res.cloudinary.com/oxygre42/image/upload/f_auto,q_auto,c_pad,b_white,w_500,h_500/v1788351543/1614_Truck_001.png",,lifestyle,,detail,,scale,,alternate,1,1614_,https://mb1advancedsolutions.github.io/mb1-catalog/index.html?design=1614,
1615,MB1-1615,Truck 002 ,home decor and inspirational,"https://res.cloudinary.com/oxygre42/image/upload/f_auto,q_auto,c_pad,b_white,w_1200,h_1200/v1788351545/1615_Truck_002.png","https://res.cloudinary.com/oxygre42/image/upload/f_auto,q_auto,c_pad,b_white,w_500,h_500/v1788351545/1615_Truck_002.png",,lifestyle,,detail,,scale,,alternate,1,1615_,https://mb1advancedsolutions.github.io/mb1-catalog/index.html?design=1615,
1616,MB1-1616,Truck 003,home decor and inspirational,"https://res.cloudinary.com/oxygre42/image/upload/f_auto,q_auto,c_pad,b_white,w_1200,h_1200/v1788351547/1616_Truck_003.png","https://res.cloudinary.com/oxygre42/image/upload/f_auto,q_auto,c_pad,b_white,w_500,h_500/v1788351547/1616_Truck_003.png",,lifestyle,,detail,,scale,,alternate,1,1616_,https://mb1advancedsolutions.github.io/mb1-catalog/index.html?design=1616,
1617,MB1-1617,Truck 004 ,home decor and inspirational,"https://res.cloudinary.com/oxygre42/image/upload/f_auto,q_auto,c_pad,b_white,w_1200,h_1200/v1788351548/1617_Truck_004.png","https://res.cloudinary.com/oxygre42/image/upload/f_auto,q_auto,c_pad,b_white,w_500,h_500/v1788351548/1617_Truck_004.png",,lifestyle,,detail,,scale,,alternate,1,1617_,https://mb1advancedsolutions.github.io/mb1-catalog/index.html?design=1617,
1618,MB1-1618,Truck 005,home decor and inspirational,"https://res.cloudinary.com/oxygre42/image/upload/f_auto,q_auto,c_pad,b_white,w_1200,h_1200/v1788351550/1618_Truck_005.png","https://res.cloudinary.com/oxygre42/image/upload/f_auto,q_auto,c_pad,b_white,w_500,h_500/v1788351550/1618_Truck_005.png",,lifestyle,,detail,,scale,,alternate,1,1618_,https://mb1advancedsolutions.github.io/mb1-catalog/index.html?design=1618,
1619,MB1-1619,Truck 006,home decor and inspirational,"https://res.cloudinary.com/oxygre42/image/upload/f_auto,q_auto,c_pad,b_white,w_1200,h_1200/v1788351552/1619_Truck_006.png","https://res.cloudinary.com/oxygre42/image/upload/f_auto,q_auto,c_pad,b_white,w_500,h_500/v1788351552/1619_Truck_006.png",,lifestyle,,detail,,scale,,alternate,1,1619_,https://mb1advancedsolutions.github.io/mb1-catalog/index.html?design=1619,
1620,MB1-1620,Truck 007,home decor and inspirational,"https://res.cloudinary.com/oxygre42/image/upload/f_auto,q_auto,c_pad,b_white,w_1200,h_1200/v1788351554/1620_Truck_007.png","https://res.cloudinary.com/oxygre42/image/upload/f_auto,q_auto,c_pad,b_white,w_500,h_500/v1788351554/1620_Truck_007.png",,lifestyle,,detail,,scale,,alternate,1,1620_,https://mb1advancedsolutions.github.io/mb1-catalog/index.html?design=1620,
1621,MB1-1621,Truck 008,home decor and inspirational,"https://res.cloudinary.com/oxygre42/image/upload/f_auto,q_auto,c_pad,b_white,w_1200,h_1200/v1788351558/1621_Truck_008.png","https://res.cloudinary.com/oxygre42/image/upload/f_auto,q_auto,c_pad,b_white,w_500,h_500/v1788351558/1621_Truck_008.png",,lifestyle,,detail,,scale,,alternate,1,1621_,https://mb1advancedsolutions.github.io/mb1-catalog/index.html?design=1621,
1622,MB1-1622,Truck 009,home decor and inspirational,"https://res.cloudinary.com/oxygre42/image/upload/f_auto,q_auto,c_pad,b_white,w_1200,h_1200/v1788351558/1622_Truck_009.png","https://res.cloudinary.com/oxygre42/image/upload/f_auto,q_auto,c_pad,b_white,w_500,h_500/v1788351558/1622_Truck_009.png",,lifestyle,,detail,,scale,,alternate,1,1622_,https://mb1advancedsolutions.github.io/mb1-catalog/index.html?design=1622,
1623,MB1-1623,Truck 010,home decor and inspirational,"https://res.cloudinary.com/oxygre42/image/upload/f_auto,q_auto,c_pad,b_white,w_1200,h_1200/v1788351560/1623_Truck_010.png","https://res.cloudinary.com/oxygre42/image/upload/f_auto,q_auto,c_pad,b_white,w_500,h_500/v1788351560/1623_Truck_010.png",,lifestyle,,detail,,scale,,alternate,1,1623_,https://mb1advancedsolutions.github.io/mb1-catalog/index.html?design=1623,
1624,MB1-1624,Truck 011,home decor and inspirational,"https://res.cloudinary.com/oxygre42/image/upload/f_auto,q_auto,c_pad,b_white,w_1200,h_1200/v1788351562/1624_Truck_011.png","https://res.cloudinary.com/oxygre42/image/upload/f_auto,q_auto,c_pad,b_white,w_500,h_500/v1788351562/1624_Truck_011.png",,lifestyle,,detail,,scale,,alternate,1,1624_,https://mb1advancedsolutions.github.io/mb1-catalog/index.html?design=1624,
1625,MB1-1625,Truck 012,home decor and inspirational,"https://res.cloudinary.com/oxygre42/image/upload/f_auto,q_auto,c_pad,b_white,w_1200,h_1200/v1788351564/1625_Truck_012.png","https://res.cloudinary.com/oxygre42/image/upload/f_auto,q_auto,c_pad,b_white,w_500,h_500/v1788351564/1625_Truck_012.png",,lifestyle,,detail,,scale,,alternate,1,1625_,https://mb1advancedsolutions.github.io/mb1-catalog/index.html?design=1625,
1626,MB1-1626,Truck 013,home decor and inspirational,"https://res.cloudinary.com/oxygre42/image/upload/f_auto,q_auto,c_pad,b_white,w_1200,h_1200/v1788351567/1626_Truck_013.png","https://res.cloudinary.com/oxygre42/image/upload/f_auto,q_auto,c_pad,b_white,w_500,h_500/v1788351567/1626_Truck_013.png",,lifestyle,,detail,,scale,,alternate,1,1626_,https://mb1advancedsolutions.github.io/mb1-catalog/index.html?design=1626,
1627,MB1-1627,Truck 014 ,home decor and inspirational,"https://res.cloudinary.com/oxygre42/image/upload/f_auto,q_auto,c_pad,b_white,w_1200,h_1200/v1788351567/1627_Truck_014.png","https://res.cloudinary.com/oxygre42/image/upload/f_auto,q_auto,c_pad,b_white,w_500,h_500/v1788351567/1627_Truck_014.png",,lifestyle,,detail,,scale,,alternate,1,1627_,https://mb1advancedsolutions.github.io/mb1-catalog/index.html?design=1627,
1628,MB1-1628,Truck 015,home decor and inspirational,"https://res.cloudinary.com/oxygre42/image/upload/f_auto,q_auto,c_pad,b_white,w_1200,h_1200/v1788351569/1628_Truck_015.png","https://res.cloudinary.com/oxygre42/image/upload/f_auto,q_auto,c_pad,b_white,w_500,h_500/v1788351569/1628_Truck_015.png",,lifestyle,,detail,,scale,,alternate,1,1628_,https://mb1advancedsolutions.github.io/mb1-catalog/index.html?design=1628,
1629,MB1-1629,Truck 016,home decor and inspirational,"https://res.cloudinary.com/oxygre42/image/upload/f_auto,q_auto,c_pad,b_white,w_1200,h_1200/v1788351571/1629_Truck_016.png","https://res.cloudinary.com/oxygre42/image/upload/f_auto,q_auto,c_pad,b_white,w_500,h_500/v1788351571/1629_Truck_016.png",,lifestyle,,detail,,scale,,alternate,1,1629_,https://mb1advancedsolutions.github.io/mb1-catalog/index.html?design=1629,
1630,MB1-1630,Truck 017,home decor and inspirational,"https://res.cloudinary.com/oxygre42/image/upload/f_auto,q_auto,c_pad,b_white,w_1200,h_1200/v1788351573/1630_Truck_017.png","https://res.cloudinary.com/oxygre42/image/upload/f_auto,q_auto,c_pad,b_white,w_500,h_500/v1788351573/1630_Truck_017.png",,lifestyle,,detail,,scale,,alternate,1,1630_,https://mb1advancedsolutions.github.io/mb1-catalog/index.html?design=1630,
1631,MB1-1631,viking 1,sports and hobbies,"https://res.cloudinary.com/oxygre42/image/upload/f_auto,q_auto,c_pad,b_white,w_1200,h_1200/v1788351575/1631_viking_1.png","https://res.cloudinary.com/oxygre42/image/upload/f_auto,q_auto,c_pad,b_white,w_500,h_500/v1788351575/1631_viking_1.png",,lifestyle,,detail,,scale,,alternate,1,1631_,https://mb1advancedsolutions.github.io/mb1-catalog/index.html?design=1631,
1632,MB1-1632,viking 2,sports and hobbies,"https://res.cloudinary.com/oxygre42/image/upload/f_auto,q_auto,c_pad,b_white,w_1200,h_1200/v1788351576/1632_viking_2.png","https://res.cloudinary.com/oxygre42/image/upload/f_auto,q_auto,c_pad,b_white,w_500,h_500/v1788351576/1632_viking_2.png",,lifestyle,,detail,,scale,,alternate,1,1632_,https://mb1advancedsolutions.github.io/mb1-catalog/index.html?design=1632,
1633,MB1-1633,viking 3,sports and hobbies,"https://res.cloudinary.com/oxygre42/image/upload/f_auto,q_auto,c_pad,b_white,w_1200,h_1200/v1788351579/1633_viking_3.png","https://res.cloudinary.com/oxygre42/image/upload/f_auto,q_auto,c_pad,b_white,w_500,h_500/v1788351579/1633_viking_3.png",,lifestyle,,detail,,scale,,alternate,1,1633_,https://mb1advancedsolutions.github.io/mb1-catalog/index.html?design=1633,
1643,MB1-1643,welcome to the farm,farm and western,"https://res.cloudinary.com/oxygre42/image/upload/f_auto,q_auto,c_pad,b_white,w_1200,h_1200/v1788351580/1643_welcome_to_the_farm.png","https://res.cloudinary.com/oxygre42/image/upload/f_auto,q_auto,c_pad,b_white,w_500,h_500/v1788351580/1643_welcome_to_the_farm.png",,lifestyle,,detail,,scale,,alternate,1,1643_,https://mb1advancedsolutions.github.io/mb1-catalog/index.html?design=1643,
1652,MB1-1652,axe monogram 1,sports and hobbies,"https://res.cloudinary.com/oxygre42/image/upload/f_auto,q_auto,c_pad,b_white,w_1200,h_1200/v1788351582/1652_axe_monogram_1.png","https://res.cloudinary.com/oxygre42/image/upload/f_auto,q_auto,c_pad,b_white,w_500,h_500/v1788351582/1652_axe_monogram_1.png",,lifestyle,,detail,,scale,,alternate,1,1652_,https://mb1advancedsolutions.github.io/mb1-catalog/index.html?design=1652,
1653,MB1-1653,axe monogram 10,sports and hobbies,"https://res.cloudinary.com/oxygre42/image/upload/f_auto,q_auto,c_pad,b_white,w_1200,h_1200/v1788351584/1653_axe_monogram_10.png","https://res.cloudinary.com/oxygre42/image/upload/f_auto,q_auto,c_pad,b_white,w_500,h_500/v1788351584/1653_axe_monogram_10.png",,lifestyle,,detail,,scale,,alternate,1,1653_,https://mb1advancedsolutions.github.io/mb1-catalog/index.html?design=1653,
1654,MB1-1654,axe monogram 2,sports and hobbies,"https://res.cloudinary.com/oxygre42/image/upload/f_auto,q_auto,c_pad,b_white,w_1200,h_1200/v1788351586/1654_axe_monogram_2.png","https://res.cloudinary.com/oxygre42/image/upload/f_auto,q_auto,c_pad,b_white,w_500,h_500/v1788351586/1654_axe_monogram_2.png",,lifestyle,,detail,,scale,,alternate,1,1654_,https://mb1advancedsolutions.github.io/mb1-catalog/index.html?design=1654,
1655,MB1-1655,axe monogram 3,sports and hobbies,"https://res.cloudinary.com/oxygre42/image/upload/f_auto,q_auto,c_pad,b_white,w_1200,h_1200/v1788351590/1655_axe_monogram_3.png","https://res.cloudinary.com/oxygre42/image/upload/f_auto,q_auto,c_pad,b_white,w_500,h_500/v1788351590/1655_axe_monogram_3.png",,lifestyle,,detail,,scale,,alternate,1,1655_,https://mb1advancedsolutions.github.io/mb1-catalog/index.html?design=1655,
1656,MB1-1656,axe monogram 4,sports and hobbies,"https://res.cloudinary.com/oxygre42/image/upload/f_auto,q_auto,c_pad,b_white,w_1200,h_1200/v1788351590/1656_axe_monogram_4.png","https://res.cloudinary.com/oxygre42/image/upload/f_auto,q_auto,c_pad,b_white,w_500,h_500/v1788351590/1656_axe_monogram_4.png",,lifestyle,,detail,,scale,,alternate,1,1656_,https://mb1advancedsolutions.github.io/mb1-catalog/index.html?design=1656,
1657,MB1-1657,axe monogram 5,sports and hobbies,"https://res.cloudinary.com/oxygre42/image/upload/f_auto,q_auto,c_pad,b_white,w_1200,h_1200/v1788351592/1657_axe_monogram_5.png","https://res.cloudinary.com/oxygre42/image/upload/f_auto,q_auto,c_pad,b_white,w_500,h_500/v1788351592/1657_axe_monogram_5.png",,lifestyle,,detail,,scale,,alternate,1,1657_,https://mb1advancedsolutions.github.io/mb1-catalog/index.html?design=1657,
1658,MB1-1658,axe monogram 6,sports and hobbies,"https://res.cloudinary.com/oxygre42/image/upload/f_auto,q_auto,c_pad,b_white,w_1200,h_1200/v1788351593/1658_axe_monogram_6.png","https://res.cloudinary.com/oxygre42/image/upload/f_auto,q_auto,c_pad,b_white,w_500,h_500/v1788351593/1658_axe_monogram_6.png",,lifestyle,,detail,,scale,,alternate,1,1658_,https://mb1advancedsolutions.github.io/mb1-catalog/index.html?design=1658,
1659,MB1-1659,axe monogram 7,sports and hobbies,"https://res.cloudinary.com/oxygre42/image/upload/f_auto,q_auto,c_pad,b_white,w_1200,h_1200/v1788351595/1659_axe_monogram_7.png","https://res.cloudinary.com/oxygre42/image/upload/f_auto,q_auto,c_pad,b_white,w_500,h_500/v1788351595/1659_axe_monogram_7.png",,lifestyle,,detail,,scale,,alternate,1,1659_,https://mb1advancedsolutions.github.io/mb1-catalog/index.html?design=1659,
1660,MB1-1660,axe monogram 8,sports and hobbies,"https://res.cloudinary.com/oxygre42/image/upload/f_auto,q_auto,c_pad,b_white,w_1200,h_1200/v1788351597/1660_axe_monogram_8.png","https://res.cloudinary.com/oxygre42/image/upload/f_auto,q_auto,c_pad,b_white,w_500,h_500/v1788351597/1660_axe_monogram_8.png",,lifestyle,,detail,,scale,,alternate,1,1660_,https://mb1advancedsolutions.github.io/mb1-catalog/index.html?design=1660,
1661,MB1-1661,axe monogram 9,sports and hobbies,"https://res.cloudinary.com/oxygre42/image/upload/f_auto,q_auto,c_pad,b_white,w_1200,h_1200/v1788351599/1661_axe_monogram_9.png","https://res.cloudinary.com/oxygre42/image/upload/f_auto,q_auto,c_pad,b_white,w_500,h_500/v1788351599/1661_axe_monogram_9.png",,lifestyle,,detail,,scale,,alternate,1,1661_,https://mb1advancedsolutions.github.io/mb1-catalog/index.html?design=1661,
1662,MB1-1662,Christmas Wreath,seasonal and holiday,"https://res.cloudinary.com/oxygre42/image/upload/f_auto,q_auto,c_pad,b_white,w_1200,h_1200/v1788351601/1662_Christmas_Wreath.png","https://res.cloudinary.com/oxygre42/image/upload/f_auto,q_auto,c_pad,b_white,w_500,h_500/v1788351601/1662_Christmas_Wreath.png",,lifestyle,,detail,,scale,,alternate,1,1662_,https://mb1advancedsolutions.github.io/mb1-catalog/index.html?design=1662,
1663,MB1-1663,merry christmas monogram fancy metal,seasonal and holiday,"https://res.cloudinary.com/oxygre42/image/upload/f_auto,q_auto,c_pad,b_white,w_1200,h_1200/v1788351603/1663_merry_christmas_monogram_fancy_metal.png","https://res.cloudinary.com/oxygre42/image/upload/f_auto,q_auto,c_pad,b_white,w_500,h_500/v1788351603/1663_merry_christmas_monogram_fancy_metal.png",,lifestyle,,detail,,scale,,alternate,1,1663_,https://mb1advancedsolutions.github.io/mb1-catalog/index.html?design=1663,
1664,MB1-1664,merry christmas tree,seasonal and holiday,"https://res.cloudinary.com/oxygre42/image/upload/f_auto,q_auto,c_pad,b_white,w_1200,h_1200/v1788351605/1664_merry_christmas_tree.png","https://res.cloudinary.com/oxygre42/image/upload/f_auto,q_auto,c_pad,b_white,w_500,h_500/v1788351605/1664_merry_christmas_tree.png",,lifestyle,,detail,,scale,,alternate,1,1664_,https://mb1advancedsolutions.github.io/mb1-catalog/index.html?design=1664,
1665,MB1-1665,deer elk  monogram 1,wildlife and outdoors,"https://res.cloudinary.com/oxygre42/image/upload/f_auto,q_auto,c_pad,b_white,w_1200,h_1200/v1788351607/1665_deer_elk_monogram_1.png","https://res.cloudinary.com/oxygre42/image/upload/f_auto,q_auto,c_pad,b_white,w_500,h_500/v1788351607/1665_deer_elk_monogram_1.png",,lifestyle,,detail,,scale,,alternate,1,1665_,https://mb1advancedsolutions.github.io/mb1-catalog/index.html?design=1665,
1666,MB1-1666,deer elk  monogram 2,wildlife and outdoors,"https://res.cloudinary.com/oxygre42/image/upload/f_auto,q_auto,c_pad,b_white,w_1200,h_1200/v1788351609/1666_deer_elk_monogram_2.png","https://res.cloudinary.com/oxygre42/image/upload/f_auto,q_auto,c_pad,b_white,w_500,h_500/v1788351609/1666_deer_elk_monogram_2.png",,lifestyle,,detail,,scale,,alternate,1,1666_,https://mb1advancedsolutions.github.io/mb1-catalog/index.html?design=1666,
