design,sku,name,primary_category,additional_category_1,additional_category_2,additional_category_3,all_categories,customizable,assignment_notes
0002,MB1-0002,all gave some 1,memorial and tribute,,,,memorial and tribute,Yes,
0003,MB1-0003,all gave some 2,memorial and tribute,,,,memorial and tribute,Yes,
0004,MB1-0004,all gave some 3,memorial and tribute,,,,memorial and tribute,Yes,
0005,MB1-0005,all gave some 4,memorial and tribute,,,,memorial and tribute,Yes,
0031,MB1-0031,Anchor Monogram frame,lake house and nautical,beach and coastal,family & name,home decor and inspirational,lake house and nautical; beach and coastal; family & name; home decor and inspirational,Yes,Beach & Coastal: nautical/coastal crossover | Family & Name: monogram/name theme | Home Décor & Inspirational: lake/nautical home décor crossover
0032,MB1-0032,Good Luck anchor,lake house and nautical,beach and coastal,home decor and inspirational,,lake house and nautical; beach and coastal; home decor and inspirational,No,Beach & Coastal: nautical/coastal crossover | Home Décor & Inspirational: lake/nautical home décor crossover
0034,MB1-0034,anchor 1,lake house and nautical,beach and coastal,home decor and inspirational,,lake house and nautical; beach and coastal; home decor and inspirational,No,Beach & Coastal: nautical/coastal crossover | Home Décor & Inspirational: lake/nautical home décor crossover
0035,MB1-0035,anchor 2,lake house and nautical,beach and coastal,home decor and inspirational,,lake house and nautical; beach and coastal; home decor and inspirational,No,Beach & Coastal: nautical/coastal crossover | Home Décor & Inspirational: lake/nautical home décor crossover
0036,MB1-0036,anchor 3,lake house and nautical,beach and coastal,home decor and inspirational,,lake house and nautical; beach and coastal; home decor and inspirational,No,Beach & Coastal: nautical/coastal crossover | Home Décor & Inspirational: lake/nautical home décor crossover
0037,MB1-0037,anchor 4,lake house and nautical,beach and coastal,home decor and inspirational,,lake house and nautical; beach and coastal; home decor and inspirational,No,Beach & Coastal: nautical/coastal crossover | Home Décor & Inspirational: lake/nautical home décor crossover
0038,MB1-0038,anchor 5,lake house and nautical,beach and coastal,home decor and inspirational,,lake house and nautical; beach and coastal; home decor and inspirational,No,Beach & Coastal: nautical/coastal crossover | Home Décor & Inspirational: lake/nautical home décor crossover
0039,MB1-0039,anchor 6,lake house and nautical,beach and coastal,home decor and inspirational,,lake house and nautical; beach and coastal; home decor and inspirational,No,Beach & Coastal: nautical/coastal crossover | Home Décor & Inspirational: lake/nautical home décor crossover
0040,MB1-0040,anchor 7,lake house and nautical,beach and coastal,home decor and inspirational,,lake house and nautical; beach and coastal; home decor and inspirational,No,Beach & Coastal: nautical/coastal crossover | Home Décor & Inspirational: lake/nautical home décor crossover
0041,MB1-0041,anchor 8,lake house and nautical,beach and coastal,home decor and inspirational,,lake house and nautical; beach and coastal; home decor and inspirational,No,Beach & Coastal: nautical/coastal crossover | Home Décor & Inspirational: lake/nautical home décor crossover
0042,MB1-0042,anchor 9,lake house and nautical,beach and coastal,home decor and inspirational,,lake house and nautical; beach and coastal; home decor and inspirational,No,Beach & Coastal: nautical/coastal crossover | Home Décor & Inspirational: lake/nautical home décor crossover
0043,MB1-0043,BASEBALL 1,sports and hobbies,,,,sports and hobbies,Yes,
0044,MB1-0044,BASEBALL 10,sports and hobbies,,,,sports and hobbies,Yes,
0045,MB1-0045,BASEBALL 11,sports and hobbies,,,,sports and hobbies,Yes,
0046,MB1-0046,BASEBALL 12,sports and hobbies,,,,sports and hobbies,Yes,
0047,MB1-0047,BASEBALL 13,sports and hobbies,,,,sports and hobbies,Yes,
0048,MB1-0048,BASEBALL 2,sports and hobbies,,,,sports and hobbies,Yes,
0049,MB1-0049,BASEBALL 3,sports and hobbies,,,,sports and hobbies,Yes,
0050,MB1-0050,BASEBALL 4,sports and hobbies,,,,sports and hobbies,Yes,
0051,MB1-0051,BASEBALL 5,sports and hobbies,,,,sports and hobbies,Yes,
0052,MB1-0052,BASEBALL 6,sports and hobbies,,,,sports and hobbies,Yes,
0053,MB1-0053,BASEBALL 7,sports and hobbies,,,,sports and hobbies,Yes,
0054,MB1-0054,BASEBALL 8,sports and hobbies,,,,sports and hobbies,Yes,
0055,MB1-0055,BASEBALL 9,sports and hobbies,,,,sports and hobbies,Yes,
0056,MB1-0056,BBQ GRILL 1,sports and hobbies,,,,sports and hobbies,No,
0057,MB1-0057,BBQ GRILL 10,sports and hobbies,,,,sports and hobbies,No,
0058,MB1-0058,BBQ GRILL 11,sports and hobbies,,,,sports and hobbies,No,
0059,MB1-0059,BBQ GRILL 12,sports and hobbies,,,,sports and hobbies,No,
0060,MB1-0060,BBQ GRILL 13,sports and hobbies,,,,sports and hobbies,No,
0061,MB1-0061,BBQ GRILL 14,sports and hobbies,,,,sports and hobbies,No,
0062,MB1-0062,BBQ GRILL 2,sports and hobbies,,,,sports and hobbies,No,
0063,MB1-0063,BBQ GRILL 3,sports and hobbies,,,,sports and hobbies,No,
0064,MB1-0064,BBQ GRILL 4,sports and hobbies,,,,sports and hobbies,No,
0065,MB1-0065,BBQ GRILL 5,sports and hobbies,,,,sports and hobbies,No,
0066,MB1-0066,BBQ GRILL 6,sports and hobbies,,,,sports and hobbies,No,
0067,MB1-0067,BBQ GRILL 7,sports and hobbies,,,,sports and hobbies,No,
0068,MB1-0068,BBQ GRILL 8,sports and hobbies,,,,sports and hobbies,No,
0069,MB1-0069,BBQ GRILL 9,sports and hobbies,,,,sports and hobbies,No,
0070,MB1-0070,Bee Honeycomb 1,wildlife and outdoors,,,,wildlife and outdoors,No,
0071,MB1-0071,Bee Honeycomb 2,wildlife and outdoors,,,,wildlife and outdoors,No,
0072,MB1-0072,Bee Honeycomb 3,wildlife and outdoors,,,,wildlife and outdoors,No,
0073,MB1-0073,Bee Honeycomb 4,wildlife and outdoors,,,,wildlife and outdoors,No,
0074,MB1-0074,Bee Honeycomb 5,wildlife and outdoors,,,,wildlife and outdoors,No,
0075,MB1-0075,Bee Honeycomb 6,wildlife and outdoors,,,,wildlife and outdoors,No,
0076,MB1-0076,Bees and Honeycomb 01,wildlife and outdoors,,,,wildlife and outdoors,No,
0077,MB1-0077,Bees and Honeycomb 02,wildlife and outdoors,,,,wildlife and outdoors,No,
0078,MB1-0078,Bees and Honeycomb 03,wildlife and outdoors,,,,wildlife and outdoors,No,
0079,MB1-0079,Bees and Honeycomb 04,wildlife and outdoors,,,,wildlife and outdoors,No,
0080,MB1-0080,Bees and Honeycomb 05,wildlife and outdoors,,,,wildlife and outdoors,No,
0081,MB1-0081,Bees and Honeycomb 06,wildlife and outdoors,,,,wildlife and outdoors,No,
0082,MB1-0082,Bees and Honeycomb 07,wildlife and outdoors,,,,wildlife and outdoors,No,
0083,MB1-0083,Bees and Honeycomb 08,wildlife and outdoors,,,,wildlife and outdoors,No,
0084,MB1-0084,Bees and Honeycomb 09,wildlife and outdoors,,,,wildlife and outdoors,No,
0085,MB1-0085,Bees and Honeycomb 10,wildlife and outdoors,,,,wildlife and outdoors,No,
0086,MB1-0086,Bees and Honeycomb 11,wildlife and outdoors,,,,wildlife and outdoors,No,
0087,MB1-0087,Bees and Honeycomb 12,wildlife and outdoors,,,,wildlife and outdoors,No,
0088,MB1-0088,Bees and Honeycomb 13,wildlife and outdoors,,,,wildlife and outdoors,No,
0089,MB1-0089,Bees and Honeycomb 14,wildlife and outdoors,,,,wildlife and outdoors,No,
0090,MB1-0090,Bees and Honeycomb 15,wildlife and outdoors,,,,wildlife and outdoors,No,
0091,MB1-0091,Bees and Honeycomb 16,wildlife and outdoors,,,,wildlife and outdoors,No,
0092,MB1-0092,Bees and Honeycomb 17,wildlife and outdoors,,,,wildlife and outdoors,No,
0093,MB1-0093,Bees and Honeycomb 18,wildlife and outdoors,,,,wildlife and outdoors,No,
0094,MB1-0094,Bees and Honeycomb 19,wildlife and outdoors,,,,wildlife and outdoors,No,
0095,MB1-0095,Bees and Honeycomb 20,wildlife and outdoors,,,,wildlife and outdoors,No,
0096,MB1-0096,Bees and Honeycomb 21,wildlife and outdoors,,,,wildlife and outdoors,No,
0097,MB1-0097,Bees and Honeycomb 22,wildlife and outdoors,,,,wildlife and outdoors,No,
0098,MB1-0098,Bees and Honeycomb 23,wildlife and outdoors,,,,wildlife and outdoors,No,
0099,MB1-0099,Bees and Honeycomb 24,wildlife and outdoors,,,,wildlife and outdoors,No,
0100,MB1-0100,Bees and Honeycomb 25,wildlife and outdoors,,,,wildlife and outdoors,No,
0101,MB1-0101,Bees and Honeycomb 26,wildlife and outdoors,,,,wildlife and outdoors,No,
0102,MB1-0102,Bees and Honeycomb 27,wildlife and outdoors,,,,wildlife and outdoors,No,
0103,MB1-0103,Bees and Honeycomb 28,wildlife and outdoors,,,,wildlife and outdoors,No,
0104,MB1-0104,Bees and Honeycomb 29,wildlife and outdoors,,,,wildlife and outdoors,No,
0105,MB1-0105,Bees and Honeycomb 30,wildlife and outdoors,,,,wildlife and outdoors,No,
0106,MB1-0106,CAR FRONT END 1,garage and workshop,,,,garage and workshop,No,
0107,MB1-0107,CAR FRONT END 10,garage and workshop,,,,garage and workshop,No,
0108,MB1-0108,CAR FRONT END 11,garage and workshop,,,,garage and workshop,No,
0109,MB1-0109,CAR FRONT END 12,garage and workshop,,,,garage and workshop,No,
0110,MB1-0110,CAR FRONT END 13,garage and workshop,,,,garage and workshop,No,
0111,MB1-0111,CAR FRONT END 14,garage and workshop,,,,garage and workshop,No,
0112,MB1-0112,CAR FRONT END 15,garage and workshop,,,,garage and workshop,No,
0113,MB1-0113,CAR FRONT END 16,garage and workshop,,,,garage and workshop,No,
0114,MB1-0114,CAR FRONT END 2,garage and workshop,,,,garage and workshop,No,
0115,MB1-0115,CAR FRONT END 3,garage and workshop,,,,garage and workshop,No,
0116,MB1-0116,CAR FRONT END 4,garage and workshop,,,,garage and workshop,No,
0117,MB1-0117,CAR FRONT END 5,garage and workshop,,,,garage and workshop,No,
0118,MB1-0118,CAR FRONT END 6,garage and workshop,,,,garage and workshop,No,
0119,MB1-0119,CAR FRONT END 7,garage and workshop,,,,garage and workshop,No,
0120,MB1-0120,CAR FRONT END 8,garage and workshop,,,,garage and workshop,No,
0121,MB1-0121,CAR FRONT END 9,garage and workshop,,,,garage and workshop,No,
0122,MB1-0122,christmas 1,seasonal and holiday,,,,seasonal and holiday,No,
0123,MB1-0123,christmas 10,seasonal and holiday,,,,seasonal and holiday,No,
0124,MB1-0124,christmas 11 ,seasonal and holiday,,,,seasonal and holiday,No,
0125,MB1-0125,christmas 12,seasonal and holiday,,,,seasonal and holiday,No,
0126,MB1-0126,christmas 13,seasonal and holiday,,,,seasonal and holiday,No,
0127,MB1-0127,christmas 14,seasonal and holiday,,,,seasonal and holiday,No,
0128,MB1-0128,christmas 15,seasonal and holiday,,,,seasonal and holiday,No,
0129,MB1-0129,christmas 16,seasonal and holiday,,,,seasonal and holiday,No,
0130,MB1-0130,christmas 17,seasonal and holiday,,,,seasonal and holiday,No,
0131,MB1-0131,christmas 18,seasonal and holiday,,,,seasonal and holiday,No,
0132,MB1-0132,christmas 19,seasonal and holiday,,,,seasonal and holiday,No,
0133,MB1-0133,christmas 2,seasonal and holiday,,,,seasonal and holiday,No,
0134,MB1-0134,christmas 20,seasonal and holiday,,,,seasonal and holiday,No,
0135,MB1-0135,christmas 21,seasonal and holiday,,,,seasonal and holiday,No,
0136,MB1-0136,christmas 22,seasonal and holiday,,,,seasonal and holiday,No,
0137,MB1-0137,christmas 23,seasonal and holiday,,,,seasonal and holiday,No,
0138,MB1-0138,christmas 24,seasonal and holiday,,,,seasonal and holiday,No,
0139,MB1-0139,christmas 25,seasonal and holiday,,,,seasonal and holiday,No,
0140,MB1-0140,christmas 3,seasonal and holiday,,,,seasonal and holiday,No,
0141,MB1-0141,christmas 4,seasonal and holiday,,,,seasonal and holiday,No,
0142,MB1-0142,christmas 5,seasonal and holiday,,,,seasonal and holiday,No,
0143,MB1-0143,christmas 6,seasonal and holiday,,,,seasonal and holiday,No,
0144,MB1-0144,christmas 7,seasonal and holiday,,,,seasonal and holiday,No,
0145,MB1-0145,christmas 8,seasonal and holiday,,,,seasonal and holiday,No,
0146,MB1-0146,christmas 9,seasonal and holiday,,,,seasonal and holiday,No,
0147,MB1-0147,CHRISTMAS DESIGN 1,seasonal and holiday,,,,seasonal and holiday,No,
0148,MB1-0148,CHRISTMAS DESIGN 10,seasonal and holiday,,,,seasonal and holiday,No,
0149,MB1-0149,CHRISTMAS DESIGN 11,seasonal and holiday,,,,seasonal and holiday,No,
0150,MB1-0150,CHRISTMAS DESIGN 12,seasonal and holiday,,,,seasonal and holiday,No,
0151,MB1-0151,CHRISTMAS DESIGN 13,seasonal and holiday,,,,seasonal and holiday,No,
0152,MB1-0152,CHRISTMAS DESIGN 14,seasonal and holiday,,,,seasonal and holiday,No,
0153,MB1-0153,CHRISTMAS DESIGN 15,seasonal and holiday,,,,seasonal and holiday,No,
0154,MB1-0154,CHRISTMAS DESIGN 16,seasonal and holiday,,,,seasonal and holiday,No,
0155,MB1-0155,CHRISTMAS DESIGN 2,seasonal and holiday,,,,seasonal and holiday,No,
0156,MB1-0156,CHRISTMAS DESIGN 3,seasonal and holiday,,,,seasonal and holiday,No,
0157,MB1-0157,CHRISTMAS DESIGN 4,seasonal and holiday,,,,seasonal and holiday,No,
0158,MB1-0158,CHRISTMAS DESIGN 5,seasonal and holiday,,,,seasonal and holiday,No,
0159,MB1-0159,CHRISTMAS DESIGN 6,seasonal and holiday,,,,seasonal and holiday,No,
0160,MB1-0160,CHRISTMAS DESIGN 7,seasonal and holiday,,,,seasonal and holiday,No,
0161,MB1-0161,CHRISTMAS DESIGN 8,seasonal and holiday,,,,seasonal and holiday,No,
0162,MB1-0162,CHRISTMAS DESIGN 9,seasonal and holiday,,,,seasonal and holiday,No,
0163,MB1-0163,Vintage cinema sign SVG LASER,sports and hobbies,,,,sports and hobbies,No,
0164,MB1-0164,Vintage hollywood sign SVG LASER,sports and hobbies,,,,sports and hobbies,No,
0165,MB1-0165,Vintage now playing sign SVG,sports and hobbies,,,,sports and hobbies,No,
0166,MB1-0166,Vintage now showing sign SVG LASER,sports and hobbies,,,,sports and hobbies,No,
0167,MB1-0167,Vintage show time sign SVG LASER,sports and hobbies,,,,sports and hobbies,No,
0168,MB1-0168,Vintage theater sign SVG LASER,sports and hobbies,,,,sports and hobbies,No,
0169,MB1-0169,cinema movie 1  SVG LASER,sports and hobbies,,,,sports and hobbies,No,
0170,MB1-0170,cinema movie 1 SVG,sports and hobbies,,,,sports and hobbies,No,
0171,MB1-0171,cinema movie 2 SVG LASER,sports and hobbies,,,,sports and hobbies,No,
0172,MB1-0172,cinema movie 2 SVG,sports and hobbies,,,,sports and hobbies,No,
0173,MB1-0173,cinema movie 3 SVG LASER,sports and hobbies,,,,sports and hobbies,No,
0174,MB1-0174,cinema movie sign ,sports and hobbies,,,,sports and hobbies,No,
0175,MB1-0175,cinema movie ticket 2 SVG,sports and hobbies,,,,sports and hobbies,No,
0176,MB1-0176,cinema movie ticket SVG,sports and hobbies,,,,sports and hobbies,No,
0177,MB1-0177,cinema sign 1,sports and hobbies,,,,sports and hobbies,No,
0178,MB1-0178,cinema sign 2,sports and hobbies,,,,sports and hobbies,No,
0179,MB1-0179,cinema sign 3,sports and hobbies,,,,sports and hobbies,No,
0180,MB1-0180,cinema sign 4,sports and hobbies,,,,sports and hobbies,No,
0181,MB1-0181,cinema sign 5,sports and hobbies,,,,sports and hobbies,No,
0182,MB1-0182,cinema sign 6,sports and hobbies,,,,sports and hobbies,No,
0183,MB1-0183,cinema sign 8,sports and hobbies,,,,sports and hobbies,No,
0184,MB1-0184,pop corn 1,home decor and inspirational,,,,home decor and inspirational,No,
0185,MB1-0185,pop corn 2,home decor and inspirational,,,,home decor and inspirational,No,
0186,MB1-0186,pop corn 3,home decor and inspirational,,,,home decor and inspirational,No,
0187,MB1-0187,COIN 1,sports and hobbies,,,,sports and hobbies,No,
0188,MB1-0188,COIN 2,sports and hobbies,,,,sports and hobbies,No,
0189,MB1-0189,COIN 3,sports and hobbies,,,,sports and hobbies,No,
0190,MB1-0190,COIN 4,sports and hobbies,,,,sports and hobbies,No,
0191,MB1-0191,COIN 5,sports and hobbies,,,,sports and hobbies,No,
0193,MB1-0193,One Hundred Dollar,sports and hobbies,,,,sports and hobbies,No,
0194,MB1-0194,Compass Monogram A,lake house and nautical,family & name,home decor and inspirational,,lake house and nautical; family & name; home decor and inspirational,Yes,Family & Name: monogram/name theme | Home Décor & Inspirational: lake/nautical home décor crossover
0195,MB1-0195,Compass Monogram B,lake house and nautical,family & name,home decor and inspirational,,lake house and nautical; family & name; home decor and inspirational,Yes,Family & Name: monogram/name theme | Home Décor & Inspirational: lake/nautical home décor crossover
0196,MB1-0196,Compass Monogram C,lake house and nautical,family & name,home decor and inspirational,,lake house and nautical; family & name; home decor and inspirational,Yes,Family & Name: monogram/name theme | Home Décor & Inspirational: lake/nautical home décor crossover
0197,MB1-0197,Compass Monogram D,lake house and nautical,family & name,home decor and inspirational,,lake house and nautical; family & name; home decor and inspirational,Yes,Family & Name: monogram/name theme | Home Décor & Inspirational: lake/nautical home décor crossover
0198,MB1-0198,Compass Monogram E,lake house and nautical,family & name,home decor and inspirational,,lake house and nautical; family & name; home decor and inspirational,Yes,Family & Name: monogram/name theme | Home Décor & Inspirational: lake/nautical home décor crossover
0199,MB1-0199,Compass Monogram F,lake house and nautical,family & name,home decor and inspirational,,lake house and nautical; family & name; home decor and inspirational,Yes,Family & Name: monogram/name theme | Home Décor & Inspirational: lake/nautical home décor crossover
0200,MB1-0200,Compass Monogram G,lake house and nautical,family & name,home decor and inspirational,,lake house and nautical; family & name; home decor and inspirational,Yes,Family & Name: monogram/name theme | Home Décor & Inspirational: lake/nautical home décor crossover
0201,MB1-0201,Compass Monogram H,lake house and nautical,family & name,home decor and inspirational,,lake house and nautical; family & name; home decor and inspirational,Yes,Family & Name: monogram/name theme | Home Décor & Inspirational: lake/nautical home décor crossover
0202,MB1-0202,Compass Monogram I,lake house and nautical,family & name,home decor and inspirational,,lake house and nautical; family & name; home decor and inspirational,Yes,Family & Name: monogram/name theme | Home Décor & Inspirational: lake/nautical home décor crossover
0203,MB1-0203,Compass Monogram J,lake house and nautical,family & name,home decor and inspirational,,lake house and nautical; family & name; home decor and inspirational,Yes,Family & Name: monogram/name theme | Home Décor & Inspirational: lake/nautical home décor crossover
0204,MB1-0204,Compass Monogram K,lake house and nautical,family & name,home decor and inspirational,,lake house and nautical; family & name; home decor and inspirational,Yes,Family & Name: monogram/name theme | Home Décor & Inspirational: lake/nautical home décor crossover
0205,MB1-0205,Compass Monogram L,lake house and nautical,family & name,home decor and inspirational,,lake house and nautical; family & name; home decor and inspirational,Yes,Family & Name: monogram/name theme | Home Décor & Inspirational: lake/nautical home décor crossover
0206,MB1-0206,Compass Monogram M,lake house and nautical,family & name,home decor and inspirational,,lake house and nautical; family & name; home decor and inspirational,Yes,Family & Name: monogram/name theme | Home Décor & Inspirational: lake/nautical home décor crossover
0207,MB1-0207,Compass Monogram N,lake house and nautical,family & name,home decor and inspirational,,lake house and nautical; family & name; home decor and inspirational,Yes,Family & Name: monogram/name theme | Home Décor & Inspirational: lake/nautical home décor crossover
0208,MB1-0208,Compass Monogram O,lake house and nautical,family & name,home decor and inspirational,,lake house and nautical; family & name; home decor and inspirational,Yes,Family & Name: monogram/name theme | Home Décor & Inspirational: lake/nautical home décor crossover
0209,MB1-0209,Compass Monogram P,lake house and nautical,family & name,home decor and inspirational,,lake house and nautical; family & name; home decor and inspirational,Yes,Family & Name: monogram/name theme | Home Décor & Inspirational: lake/nautical home décor crossover
0210,MB1-0210,Compass Monogram Q,lake house and nautical,family & name,home decor and inspirational,,lake house and nautical; family & name; home decor and inspirational,Yes,Family & Name: monogram/name theme | Home Décor & Inspirational: lake/nautical home décor crossover
0211,MB1-0211,Compass Monogram R,lake house and nautical,family & name,home decor and inspirational,,lake house and nautical; family & name; home decor and inspirational,Yes,Family & Name: monogram/name theme | Home Décor & Inspirational: lake/nautical home décor crossover
0212,MB1-0212,Compass Monogram S,lake house and nautical,family & name,home decor and inspirational,,lake house and nautical; family & name; home decor and inspirational,Yes,Family & Name: monogram/name theme | Home Décor & Inspirational: lake/nautical home décor crossover
0213,MB1-0213,Compass Monogram T,lake house and nautical,family & name,home decor and inspirational,,lake house and nautical; family & name; home decor and inspirational,Yes,Family & Name: monogram/name theme | Home Décor & Inspirational: lake/nautical home décor crossover
0214,MB1-0214,Compass Monogram U,lake house and nautical,family & name,home decor and inspirational,,lake house and nautical; family & name; home decor and inspirational,Yes,Family & Name: monogram/name theme | Home Décor & Inspirational: lake/nautical home décor crossover
0215,MB1-0215,Compass Monogram V,lake house and nautical,family & name,home decor and inspirational,,lake house and nautical; family & name; home decor and inspirational,Yes,Family & Name: monogram/name theme | Home Décor & Inspirational: lake/nautical home décor crossover
0216,MB1-0216,Compass Monogram W,lake house and nautical,family & name,home decor and inspirational,,lake house and nautical; family & name; home decor and inspirational,Yes,Family & Name: monogram/name theme | Home Décor & Inspirational: lake/nautical home décor crossover
0217,MB1-0217,Compass Monogram X,lake house and nautical,family & name,home decor and inspirational,,lake house and nautical; family & name; home decor and inspirational,Yes,Family & Name: monogram/name theme | Home Décor & Inspirational: lake/nautical home décor crossover
0218,MB1-0218,Compass Monogram Y,lake house and nautical,family & name,home decor and inspirational,,lake house and nautical; family & name; home decor and inspirational,Yes,Family & Name: monogram/name theme | Home Décor & Inspirational: lake/nautical home décor crossover
0219,MB1-0219,Compass Monogram Z,lake house and nautical,family & name,home decor and inspirational,,lake house and nautical; family & name; home decor and inspirational,Yes,Family & Name: monogram/name theme | Home Décor & Inspirational: lake/nautical home décor crossover
0220,MB1-0220,COMPASS 1,lake house and nautical,home decor and inspirational,,,lake house and nautical; home decor and inspirational,No,Home Décor & Inspirational: lake/nautical home décor crossover
0221,MB1-0221,COMPASS 10,lake house and nautical,home decor and inspirational,,,lake house and nautical; home decor and inspirational,No,Home Décor & Inspirational: lake/nautical home décor crossover
0222,MB1-0222,COMPASS 11,lake house and nautical,home decor and inspirational,,,lake house and nautical; home decor and inspirational,No,Home Décor & Inspirational: lake/nautical home décor crossover
0223,MB1-0223,COMPASS 12,lake house and nautical,home decor and inspirational,,,lake house and nautical; home decor and inspirational,No,Home Décor & Inspirational: lake/nautical home décor crossover
0224,MB1-0224,COMPASS 13,lake house and nautical,home decor and inspirational,,,lake house and nautical; home decor and inspirational,No,Home Décor & Inspirational: lake/nautical home décor crossover
0225,MB1-0225,COMPASS 14,lake house and nautical,home decor and inspirational,,,lake house and nautical; home decor and inspirational,No,Home Décor & Inspirational: lake/nautical home décor crossover
0226,MB1-0226,COMPASS 15,lake house and nautical,home decor and inspirational,,,lake house and nautical; home decor and inspirational,No,Home Décor & Inspirational: lake/nautical home décor crossover
0227,MB1-0227,COMPASS 16,lake house and nautical,home decor and inspirational,,,lake house and nautical; home decor and inspirational,No,Home Décor & Inspirational: lake/nautical home décor crossover
0228,MB1-0228,COMPASS 17,lake house and nautical,home decor and inspirational,,,lake house and nautical; home decor and inspirational,No,Home Décor & Inspirational: lake/nautical home décor crossover
0229,MB1-0229,COMPASS 18,lake house and nautical,home decor and inspirational,,,lake house and nautical; home decor and inspirational,No,Home Décor & Inspirational: lake/nautical home décor crossover
0230,MB1-0230,COMPASS 19,lake house and nautical,home decor and inspirational,,,lake house and nautical; home decor and inspirational,No,Home Décor & Inspirational: lake/nautical home décor crossover
0231,MB1-0231,COMPASS 2,lake house and nautical,home decor and inspirational,,,lake house and nautical; home decor and inspirational,No,Home Décor & Inspirational: lake/nautical home décor crossover
0232,MB1-0232,COMPASS 20,lake house and nautical,home decor and inspirational,,,lake house and nautical; home decor and inspirational,No,Home Décor & Inspirational: lake/nautical home décor crossover
0233,MB1-0233,COMPASS 3,lake house and nautical,home decor and inspirational,,,lake house and nautical; home decor and inspirational,No,Home Décor & Inspirational: lake/nautical home décor crossover
0234,MB1-0234,COMPASS 4,lake house and nautical,home decor and inspirational,,,lake house and nautical; home decor and inspirational,No,Home Décor & Inspirational: lake/nautical home décor crossover
0235,MB1-0235,COMPASS 5,lake house and nautical,home decor and inspirational,,,lake house and nautical; home decor and inspirational,No,Home Décor & Inspirational: lake/nautical home décor crossover
0236,MB1-0236,COMPASS 6,lake house and nautical,home decor and inspirational,,,lake house and nautical; home decor and inspirational,No,Home Décor & Inspirational: lake/nautical home décor crossover
0237,MB1-0237,COMPASS 7,lake house and nautical,home decor and inspirational,,,lake house and nautical; home decor and inspirational,No,Home Décor & Inspirational: lake/nautical home décor crossover
0238,MB1-0238,COMPASS 8,lake house and nautical,home decor and inspirational,,,lake house and nautical; home decor and inspirational,No,Home Décor & Inspirational: lake/nautical home décor crossover
0239,MB1-0239,COMPASS 9,lake house and nautical,home decor and inspirational,,,lake house and nautical; home decor and inspirational,No,Home Décor & Inspirational: lake/nautical home décor crossover
0240,MB1-0240,Compass Anchor,lake house and nautical,beach and coastal,home decor and inspirational,,lake house and nautical; beach and coastal; home decor and inspirational,No,Beach & Coastal: nautical/coastal crossover | Home Décor & Inspirational: lake/nautical home décor crossover
0241,MB1-0241,Compass Bear,lake house and nautical,home decor and inspirational,wildlife and outdoors,,lake house and nautical; home decor and inspirational; wildlife and outdoors,No,Home Décor & Inspirational: lake/nautical home décor crossover | Wildlife & Outdoors: wildlife/outdoor theme
0242,MB1-0242,Compass Deer,lake house and nautical,home decor and inspirational,wildlife and outdoors,,lake house and nautical; home decor and inspirational; wildlife and outdoors,No,Home Décor & Inspirational: lake/nautical home décor crossover | Wildlife & Outdoors: wildlife/outdoor theme
0243,MB1-0243,Compass Elk,lake house and nautical,home decor and inspirational,wildlife and outdoors,,lake house and nautical; home decor and inspirational; wildlife and outdoors,No,Home Décor & Inspirational: lake/nautical home décor crossover | Wildlife & Outdoors: wildlife/outdoor theme
0244,MB1-0244,Compass Fish,lake house and nautical,home decor and inspirational,wildlife and outdoors,,lake house and nautical; home decor and inspirational; wildlife and outdoors,No,Home Décor & Inspirational: lake/nautical home décor crossover | Wildlife & Outdoors: wildlife/outdoor theme
0245,MB1-0245,Compass Hunter Dog,sports and hobbies,wildlife and outdoors,lake house and nautical,,sports and hobbies; wildlife and outdoors; lake house and nautical,No,Wildlife & Outdoors: wildlife/outdoor theme; outdoor sport crossover | Lake House & Nautical: lake/nautical theme
0246,MB1-0246,Compass Hunter Pheaseant,sports and hobbies,wildlife and outdoors,lake house and nautical,,sports and hobbies; wildlife and outdoors; lake house and nautical,No,Wildlife & Outdoors: wildlife/outdoor theme; outdoor sport crossover | Lake House & Nautical: lake/nautical theme
0247,MB1-0247,Compass Sign,lake house and nautical,home decor and inspirational,,,lake house and nautical; home decor and inspirational,No,Home Décor & Inspirational: lake/nautical home décor crossover
0248,MB1-0248,Compass Wolves,lake house and nautical,home decor and inspirational,,,lake house and nautical; home decor and inspirational,No,Home Décor & Inspirational: lake/nautical home décor crossover
0249,MB1-0249,Earth Compass model 24 inch compact,lake house and nautical,home decor and inspirational,,,lake house and nautical; home decor and inspirational,No,Home Décor & Inspirational: lake/nautical home décor crossover
0250,MB1-0250,Earth Compass model 24 inch,lake house and nautical,home decor and inspirational,,,lake house and nautical; home decor and inspirational,No,Home Décor & Inspirational: lake/nautical home décor crossover
0251,MB1-0251,compass globe,lake house and nautical,home decor and inspirational,,,lake house and nautical; home decor and inspirational,No,Home Décor & Inspirational: lake/nautical home décor crossover
0252,MB1-0252,compass love is a journey,lake house and nautical,home decor and inspirational,,,lake house and nautical; home decor and inspirational,No,Home Décor & Inspirational: home décor/inspirational theme; lake/nautical home décor crossover
0253,MB1-0253,Apple Pie Rev,home decor and inspirational,,,,home decor and inspirational,No,
0254,MB1-0254,Corn liquor Rev,home decor and inspirational,,,,home decor and inspirational,No,
0255,MB1-0255,Less Ugly,home decor and inspirational,,,,home decor and inspirational,No,
0256,MB1-0256,Luckys Bar,sports and hobbies,,,,sports and hobbies,Yes,
0257,MB1-0257,Pacific Northwest,home decor and inspirational,,,,home decor and inspirational,No,
0258,MB1-0258,Pinot Gris,home decor and inspirational,,,,home decor and inspirational,No,
0259,MB1-0259,Wine shop Rev,sports and hobbies,,,,sports and hobbies,Yes,
0260,MB1-0260,You are the Salt,home decor and inspirational,,,,home decor and inspirational,No,
0261,MB1-0261,the Best Beer,sports and hobbies,,,,sports and hobbies,No,
0262,MB1-0262,DAD'S GARAGE,garage and workshop,family & name,,,garage and workshop; family & name,Yes,Family & Name: family relationship theme; family garage/workshop crossover
0263,MB1-0263,DAD'S HANGAR,garage and workshop,family & name,,,garage and workshop; family & name,Yes,Family & Name: family relationship theme; family garage/workshop crossover
0264,MB1-0264,DAD'S MAN CAVE,family & name,home decor and inspirational,,,family & name; home decor and inspirational,Yes,Home Décor & Inspirational: family/name sign home décor crossover
0265,MB1-0265,DAD'S WORKSHOP,garage and workshop,family & name,,,garage and workshop; family & name,Yes,Family & Name: family relationship theme; family garage/workshop crossover
0266,MB1-0266,DAD'S GARAGE 2,garage and workshop,family & name,,,garage and workshop; family & name,Yes,Family & Name: family relationship theme; family garage/workshop crossover
0267,MB1-0267,DAD'S GARAGE 4,garage and workshop,family & name,,,garage and workshop; family & name,Yes,Family & Name: family relationship theme; family garage/workshop crossover
0268,MB1-0268,DAD'S GARAGE VINTAGE 2,garage and workshop,family & name,,,garage and workshop; family & name,Yes,Family & Name: family relationship theme; family garage/workshop crossover
0269,MB1-0269,DAD'S GARAGE VINTAGE,garage and workshop,family & name,,,garage and workshop; family & name,Yes,Family & Name: family relationship theme; family garage/workshop crossover
0272,MB1-0272,DAD'S MANCAVE ,family & name,home decor and inspirational,,,family & name; home decor and inspirational,Yes,Home Décor & Inspirational: family/name sign home décor crossover
0273,MB1-0273,DAD'S SHOP,garage and workshop,family & name,,,garage and workshop; family & name,Yes,Family & Name: family relationship theme; family garage/workshop crossover
0274,MB1-0274,DAD'S WORKSHOP 2,garage and workshop,family & name,,,garage and workshop; family & name,Yes,Family & Name: family relationship theme; family garage/workshop crossover
0276,MB1-0276,DADDY'S WORKSHOP 2,garage and workshop,family & name,,,garage and workshop; family & name,Yes,Family & Name: family relationship theme; family garage/workshop crossover
0277,MB1-0277,DADDY'S WORKSHOP,garage and workshop,family & name,,,garage and workshop; family & name,Yes,Family & Name: family relationship theme; family garage/workshop crossover
0278,MB1-0278,GARAGE FREE SIGN ,garage and workshop,,,,garage and workshop,Yes,
0279,MB1-0279,REPAIRS BY DAD,garage and workshop,family & name,,,garage and workshop; family & name,No,Family & Name: family relationship theme; family garage/workshop crossover
0280,MB1-0280,VINTAGE GARAGE SIGN,garage and workshop,,,,garage and workshop,Yes,
0281,MB1-0281,EAGLE 1,wildlife and outdoors,,,,wildlife and outdoors,No,
0282,MB1-0282,EAGLE 10,wildlife and outdoors,,,,wildlife and outdoors,No,
0283,MB1-0283,EAGLE 11,wildlife and outdoors,,,,wildlife and outdoors,No,
0284,MB1-0284,EAGLE 12,wildlife and outdoors,,,,wildlife and outdoors,No,
0285,MB1-0285,EAGLE 13,wildlife and outdoors,,,,wildlife and outdoors,No,
0286,MB1-0286,EAGLE 14,wildlife and outdoors,,,,wildlife and outdoors,No,
0287,MB1-0287,EAGLE 15,wildlife and outdoors,,,,wildlife and outdoors,No,
0288,MB1-0288,EAGLE 16,wildlife and outdoors,,,,wildlife and outdoors,No,
0289,MB1-0289,EAGLE 17,wildlife and outdoors,,,,wildlife and outdoors,No,
0290,MB1-0290,EAGLE 18,wildlife and outdoors,,,,wildlife and outdoors,No,
0291,MB1-0291,EAGLE 19 SVG LASER,wildlife and outdoors,,,,wildlife and outdoors,No,
0292,MB1-0292,EAGLE 19,wildlife and outdoors,,,,wildlife and outdoors,No,
0293,MB1-0293,EAGLE 2,wildlife and outdoors,,,,wildlife and outdoors,No,
0294,MB1-0294,EAGLE 21 SVG LASER,wildlife and outdoors,,,,wildlife and outdoors,No,
0295,MB1-0295,EAGLE 3,wildlife and outdoors,,,,wildlife and outdoors,No,
0296,MB1-0296,EAGLE 4,wildlife and outdoors,,,,wildlife and outdoors,No,
0297,MB1-0297,EAGLE 5,wildlife and outdoors,,,,wildlife and outdoors,No,
0298,MB1-0298,EAGLE 6,wildlife and outdoors,,,,wildlife and outdoors,No,
0299,MB1-0299,EAGLE 7,wildlife and outdoors,,,,wildlife and outdoors,No,
0300,MB1-0300,EAGLE 8,wildlife and outdoors,,,,wildlife and outdoors,No,
0301,MB1-0301,EAGLE 9,wildlife and outdoors,,,,wildlife and outdoors,No,
0302,MB1-0302,FALL 1,seasonal and holiday,,,,seasonal and holiday,No,
0303,MB1-0303,FALL 2,seasonal and holiday,,,,seasonal and holiday,No,
0304,MB1-0304,FALL 3,seasonal and holiday,,,,seasonal and holiday,No,
0305,MB1-0305,FALL 4,seasonal and holiday,,,,seasonal and holiday,No,
0306,MB1-0306,FALL 5,seasonal and holiday,,,,seasonal and holiday,No,
0307,MB1-0307,FALL 6,seasonal and holiday,,,,seasonal and holiday,No,
0308,MB1-0308,FALL 7,seasonal and holiday,,,,seasonal and holiday,No,
0309,MB1-0309,FALL 8,seasonal and holiday,,,,seasonal and holiday,No,
0311,MB1-0311,all time best dad,family & name,home decor and inspirational,,,family & name; home decor and inspirational,Yes,Home Décor & Inspirational: family/name sign home décor crossover
0312,MB1-0312,best dad ever fishing,sports and hobbies,family & name,,,sports and hobbies; family & name,No,Family & Name: family relationship theme
0313,MB1-0313,best dad in the galaxy(1),family & name,home decor and inspirational,,,family & name; home decor and inspirational,Yes,Home Décor & Inspirational: family/name sign home décor crossover
0314,MB1-0314,best dad in the galaxy,family & name,home decor and inspirational,,,family & name; home decor and inspirational,Yes,Home Décor & Inspirational: family/name sign home décor crossover
0315,MB1-0315,dad life,family & name,home decor and inspirational,,,family & name; home decor and inspirational,Yes,Home Décor & Inspirational: family/name sign home décor crossover
0316,MB1-0316,dad teacher ,family & name,home decor and inspirational,,,family & name; home decor and inspirational,Yes,Home Décor & Inspirational: family/name sign home décor crossover
0317,MB1-0317,dad the man the myth the legend,family & name,home decor and inspirational,,,family & name; home decor and inspirational,Yes,Home Décor & Inspirational: family/name sign home décor crossover
0318,MB1-0318,Worlds Greatest Dad 1,family & name,home decor and inspirational,,,family & name; home decor and inspirational,Yes,Home Décor & Inspirational: family/name sign home décor crossover
0319,MB1-0319,father's day 1,seasonal and holiday,family & name,,,seasonal and holiday; family & name,No,Family & Name: family relationship theme; personalized seasonal crossover
0320,MB1-0320,father's day 2,seasonal and holiday,family & name,,,seasonal and holiday; family & name,No,Family & Name: family relationship theme; personalized seasonal crossover
0321,MB1-0321,father's day 3,seasonal and holiday,family & name,,,seasonal and holiday; family & name,No,Family & Name: family relationship theme; personalized seasonal crossover
0322,MB1-0322,father's day 4,seasonal and holiday,family & name,,,seasonal and holiday; family & name,No,Family & Name: family relationship theme; personalized seasonal crossover
0323,MB1-0323,father's day 5,seasonal and holiday,family & name,,,seasonal and holiday; family & name,No,Family & Name: family relationship theme; personalized seasonal crossover
0324,MB1-0324,father's day 6,seasonal and holiday,family & name,,,seasonal and holiday; family & name,No,Family & Name: family relationship theme; personalized seasonal crossover
0325,MB1-0325,father's day 7,seasonal and holiday,family & name,,,seasonal and holiday; family & name,No,Family & Name: family relationship theme; personalized seasonal crossover
0326,MB1-0326,father's day 8,seasonal and holiday,family & name,,,seasonal and holiday; family & name,No,Family & Name: family relationship theme; personalized seasonal crossover
0327,MB1-0327,father's day 9,seasonal and holiday,family & name,,,seasonal and holiday; family & name,No,Family & Name: family relationship theme; personalized seasonal crossover
0328,MB1-0328,world's coolest dad,family & name,home decor and inspirational,,,family & name; home decor and inspirational,Yes,Home Décor & Inspirational: family/name sign home décor crossover
0329,MB1-0329,happy father_s day 2,seasonal and holiday,family & name,,,seasonal and holiday; family & name,No,Family & Name: family relationship theme; personalized seasonal crossover
0330,MB1-0330,happy father_s day,seasonal and holiday,family & name,,,seasonal and holiday; family & name,No,Family & Name: family relationship theme; personalized seasonal crossover
0331,MB1-0331,papa the man the myth the legend,family & name,home decor and inspirational,,,family & name; home decor and inspirational,Yes,Home Décor & Inspirational: family/name sign home décor crossover
0332,MB1-0332,top dad,family & name,home decor and inspirational,,,family & name; home decor and inspirational,Yes,Home Décor & Inspirational: family/name sign home décor crossover
0333,MB1-0333,world_s greatest father,family & name,home decor and inspirational,,,family & name; home decor and inspirational,Yes,Home Décor & Inspirational: family/name sign home décor crossover
0334,MB1-0334,FLAG 10,seasonal and holiday,,,,seasonal and holiday,No,
0335,MB1-0335,SPLIT MONOGRAM 5,family & name,home decor and inspirational,,,family & name; home decor and inspirational,Yes,Home Décor & Inspirational: family/name sign home décor crossover
0336,MB1-0336,SPLIT MONOGRAM 6,family & name,home decor and inspirational,,,family & name; home decor and inspirational,Yes,Home Décor & Inspirational: family/name sign home décor crossover
0337,MB1-0337,fire dept 1,memorial and tribute,,,,memorial and tribute,Yes,
0338,MB1-0338,fire dept 2,memorial and tribute,,,,memorial and tribute,Yes,
0339,MB1-0339,fire dept 3,memorial and tribute,,,,memorial and tribute,Yes,
0340,MB1-0340,fire dept 4,memorial and tribute,,,,memorial and tribute,Yes,
0341,MB1-0341,fire dept 5,memorial and tribute,,,,memorial and tribute,Yes,
0342,MB1-0342,fire fighter helmet 1,sports and hobbies,,,,sports and hobbies,No,
0343,MB1-0343,fire fighter helmet 2,sports and hobbies,,,,sports and hobbies,No,
0344,MB1-0344,fire fighter helmet 3,sports and hobbies,,,,sports and hobbies,No,
0345,MB1-0345,fire fighter helmet 4,sports and hobbies,,,,sports and hobbies,No,
0346,MB1-0346,fire fighter helmet 5,sports and hobbies,,,,sports and hobbies,No,
0347,MB1-0347,fire hydrant,home decor and inspirational,,,,home decor and inspirational,No,
0348,MB1-0348,FISH 1,wildlife and outdoors,,,,wildlife and outdoors,No,
0349,MB1-0349,FISH 10,wildlife and outdoors,,,,wildlife and outdoors,No,
0350,MB1-0350,FISH 11,wildlife and outdoors,,,,wildlife and outdoors,No,
0351,MB1-0351,FISH 12,wildlife and outdoors,,,,wildlife and outdoors,No,
0352,MB1-0352,FISH 13,wildlife and outdoors,,,,wildlife and outdoors,No,
0353,MB1-0353,FISH 14,wildlife and outdoors,,,,wildlife and outdoors,No,
0354,MB1-0354,FISH 15,wildlife and outdoors,,,,wildlife and outdoors,No,
0355,MB1-0355,FISH 16,wildlife and outdoors,,,,wildlife and outdoors,No,
0356,MB1-0356,FISH 17,wildlife and outdoors,,,,wildlife and outdoors,No,
0357,MB1-0357,FISH 18 ,wildlife and outdoors,,,,wildlife and outdoors,No,
0358,MB1-0358,FISH 2,wildlife and outdoors,,,,wildlife and outdoors,No,
0359,MB1-0359,FISH 3,wildlife and outdoors,,,,wildlife and outdoors,No,
0360,MB1-0360,FISH 4,wildlife and outdoors,,,,wildlife and outdoors,No,
0361,MB1-0361,FISH 5,wildlife and outdoors,,,,wildlife and outdoors,No,
0362,MB1-0362,FISH 6,wildlife and outdoors,,,,wildlife and outdoors,No,
0363,MB1-0363,FISH 7,wildlife and outdoors,,,,wildlife and outdoors,No,
0364,MB1-0364,FISH 8,wildlife and outdoors,,,,wildlife and outdoors,No,
0365,MB1-0365,FISH 9,wildlife and outdoors,,,,wildlife and outdoors,No,
0366,MB1-0366,Hand Lifting Weights 2 SVG,sports and hobbies,,,,sports and hobbies,No,
0367,MB1-0367,Hand Lifting Weights 3 SVG,sports and hobbies,,,,sports and hobbies,No,
0368,MB1-0368,Hand Lifting Weights SVG,sports and hobbies,,,,sports and hobbies,No,
0369,MB1-0369,no pain no gain SIGN SVG,sports and hobbies,,,,sports and hobbies,No,
0370,MB1-0370,no pain no gain arms SVG,sports and hobbies,,,,sports and hobbies,No,
0371,MB1-0371,no pain no gain,sports and hobbies,,,,sports and hobbies,No,
0372,MB1-0372,skull Weights SVG,sports and hobbies,,,,sports and hobbies,No,
0373,MB1-0373,2A Flag,seasonal and holiday,,,,seasonal and holiday,No,
0374,MB1-0374,3 Percenter flag,seasonal and holiday,,,,seasonal and holiday,No,
0375,MB1-0375,American Flag,seasonal and holiday,,,,seasonal and holiday,No,
0376,MB1-0376,American Gadsden Flag,seasonal and holiday,,,,seasonal and holiday,No,
0377,MB1-0377,American Rebel Tattered Flag,seasonal and holiday,,,,seasonal and holiday,No,
0378,MB1-0378,Eagle Tattered flag,seasonal and holiday,wildlife and outdoors,,,seasonal and holiday; wildlife and outdoors,No,Wildlife & Outdoors: wildlife/outdoor theme
0380,MB1-0380,Mechanics Flag 13 wrenches,seasonal and holiday,garage and workshop,,,seasonal and holiday; garage and workshop,No,Garage & Workshop: garage/workshop theme
0381,MB1-0381,Mechanics Flag,seasonal and holiday,garage and workshop,,,seasonal and holiday; garage and workshop,No,Garage & Workshop: garage/workshop theme
0383,MB1-0383,Pledge Flag,seasonal and holiday,,,,seasonal and holiday,No,
0384,MB1-0384,Tattered Flag,seasonal and holiday,,,,seasonal and holiday,No,
0385,MB1-0385,Texas Gadsden Flag,seasonal and holiday,,,,seasonal and holiday,No,
0391,MB1-0391,US outline wavey flag,seasonal and holiday,,,,seasonal and holiday,No,
0392,MB1-0392,USA AR FLAG,seasonal and holiday,,,,seasonal and holiday,No,
0393,MB1-0393,Waving Flag,seasonal and holiday,,,,seasonal and holiday,No,
0406,MB1-0406,1,home decor and inspirational,,,,home decor and inspirational,No,
0407,MB1-0407,2,home decor and inspirational,,,,home decor and inspirational,No,
0408,MB1-0408,3,home decor and inspirational,,,,home decor and inspirational,No,
0409,MB1-0409,4,home decor and inspirational,,,,home decor and inspirational,No,
0410,MB1-0410,5,home decor and inspirational,,,,home decor and inspirational,No,
0411,MB1-0411,6,home decor and inspirational,,,,home decor and inspirational,No,
0412,MB1-0412,flower 1,home decor and inspirational,,,,home decor and inspirational,No,
0413,MB1-0413,flower 10,home decor and inspirational,,,,home decor and inspirational,No,
0414,MB1-0414,flower 11,home decor and inspirational,,,,home decor and inspirational,No,
0415,MB1-0415,flower 12,home decor and inspirational,,,,home decor and inspirational,No,
0416,MB1-0416,flower 13,home decor and inspirational,,,,home decor and inspirational,No,
0417,MB1-0417,flower 2,home decor and inspirational,,,,home decor and inspirational,No,
0418,MB1-0418,flower 3,home decor and inspirational,,,,home decor and inspirational,No,
0419,MB1-0419,flower 4,home decor and inspirational,,,,home decor and inspirational,No,
0420,MB1-0420,flower 5,home decor and inspirational,,,,home decor and inspirational,No,
0421,MB1-0421,flower 6,home decor and inspirational,,,,home decor and inspirational,No,
0422,MB1-0422,flower 7,home decor and inspirational,,,,home decor and inspirational,No,
0423,MB1-0423,flower 8,home decor and inspirational,,,,home decor and inspirational,No,
0424,MB1-0424,flower 9,home decor and inspirational,,,,home decor and inspirational,No,
0425,MB1-0425,GARAGE 1,garage and workshop,,,,garage and workshop,Yes,
0426,MB1-0426,GARAGE 10,garage and workshop,,,,garage and workshop,Yes,
0427,MB1-0427,GARAGE 11,garage and workshop,,,,garage and workshop,Yes,
0428,MB1-0428,GARAGE 2,garage and workshop,,,,garage and workshop,Yes,
0429,MB1-0429,GARAGE 3,garage and workshop,,,,garage and workshop,Yes,
0430,MB1-0430,GARAGE 4,garage and workshop,,,,garage and workshop,Yes,
0431,MB1-0431,GARAGE 5,garage and workshop,,,,garage and workshop,Yes,
0432,MB1-0432,GARAGE 6,garage and workshop,,,,garage and workshop,Yes,
0433,MB1-0433,GARAGE 7,garage and workshop,,,,garage and workshop,Yes,
0434,MB1-0434,GARAGE 8 ,garage and workshop,,,,garage and workshop,Yes,
0435,MB1-0435,GARAGE 9,garage and workshop,,,,garage and workshop,Yes,
0436,MB1-0436,GNOME 01,home decor and inspirational,,,,home decor and inspirational,No,
0437,MB1-0437,GNOME 02,home decor and inspirational,,,,home decor and inspirational,No,
0438,MB1-0438,GNOME 03,home decor and inspirational,,,,home decor and inspirational,No,
0439,MB1-0439,GNOME 04,home decor and inspirational,,,,home decor and inspirational,No,
0440,MB1-0440,GNOME 05,home decor and inspirational,,,,home decor and inspirational,No,
0441,MB1-0441,GNOME 06,home decor and inspirational,,,,home decor and inspirational,No,
0442,MB1-0442,GNOME 07,home decor and inspirational,,,,home decor and inspirational,No,
0443,MB1-0443,GNOME 08,home decor and inspirational,,,,home decor and inspirational,No,
0444,MB1-0444,GNOME 09,home decor and inspirational,,,,home decor and inspirational,No,
0445,MB1-0445,GNOME 10,home decor and inspirational,,,,home decor and inspirational,No,
0446,MB1-0446,GNOME 11,home decor and inspirational,,,,home decor and inspirational,No,
0447,MB1-0447,GNOME 12 ,home decor and inspirational,,,,home decor and inspirational,No,
0448,MB1-0448,GNOME 13,home decor and inspirational,,,,home decor and inspirational,No,
0449,MB1-0449,GNOME 14,home decor and inspirational,,,,home decor and inspirational,No,
0450,MB1-0450,GNOME 15,home decor and inspirational,,,,home decor and inspirational,No,
0451,MB1-0451,GNOME 16,home decor and inspirational,,,,home decor and inspirational,No,
0452,MB1-0452,GNOME 17,home decor and inspirational,,,,home decor and inspirational,No,
0453,MB1-0453,GNOME 18,home decor and inspirational,,,,home decor and inspirational,No,
0454,MB1-0454,GNOME 19,home decor and inspirational,,,,home decor and inspirational,No,
0455,MB1-0455,GNOME 20,home decor and inspirational,,,,home decor and inspirational,No,
0456,MB1-0456,GNOME 21,home decor and inspirational,,,,home decor and inspirational,No,
0457,MB1-0457,GNOME 22,home decor and inspirational,,,,home decor and inspirational,No,
0458,MB1-0458,come and join us ghosts,seasonal and holiday,,,,seasonal and holiday,No,
0459,MB1-0459,halloween witch,seasonal and holiday,,,,seasonal and holiday,No,
0460,MB1-0460,happy halloween 1,seasonal and holiday,,,,seasonal and holiday,No,
0461,MB1-0461,happy halloween frankenstein,seasonal and holiday,,,,seasonal and holiday,No,
0462,MB1-0462,happy halloween ghosts ,seasonal and holiday,,,,seasonal and holiday,No,
0463,MB1-0463,happy halloween pumpkins monogram,seasonal and holiday,family & name,,,seasonal and holiday; family & name,Yes,Family & Name: monogram/name theme; personalized seasonal crossover
0464,MB1-0464,happy halloween pumpkins,seasonal and holiday,,,,seasonal and holiday,No,
0465,MB1-0465,happy halloween scary tree,seasonal and holiday,,,,seasonal and holiday,No,
0466,MB1-0466,happy halloween spider web monogram,seasonal and holiday,family & name,,,seasonal and holiday; family & name,Yes,Family & Name: monogram/name theme; personalized seasonal crossover
0467,MB1-0467,happy halloween spider web,seasonal and holiday,,,,seasonal and holiday,No,
0468,MB1-0468,happy halloween witch,seasonal and holiday,,,,seasonal and holiday,No,
0470,MB1-0470,pumpkin stake 1,seasonal and holiday,,,,seasonal and holiday,No,
0471,MB1-0471,pumpkin stake 2,seasonal and holiday,,,,seasonal and holiday,No,
0472,MB1-0472,pumpkin stake 3,seasonal and holiday,,,,seasonal and holiday,No,
0473,MB1-0473,pumpkin stake 4,seasonal and holiday,,,,seasonal and holiday,No,
0474,MB1-0474,pumpkin stake 5 ,seasonal and holiday,,,,seasonal and holiday,No,
0475,MB1-0475,pumpkins,seasonal and holiday,,,,seasonal and holiday,No,
0476,MB1-0476,welcome pumpkins monogram,seasonal and holiday,family & name,,,seasonal and holiday; family & name,Yes,Family & Name: monogram/name theme; personalized seasonal crossover
0477,MB1-0477,welcome sign spider v1,seasonal and holiday,,,,seasonal and holiday,Yes,
0478,MB1-0478,welcome sign spider v2,seasonal and holiday,,,,seasonal and holiday,Yes,
0479,MB1-0479,welcome spider monogram sign,seasonal and holiday,family & name,,,seasonal and holiday; family & name,Yes,Family & Name: monogram/name theme; personalized seasonal crossover
0480,MB1-0480,INFINITY,home decor and inspirational,,,,home decor and inspirational,No,
0481,MB1-0481,tree of life 34,home decor and inspirational,,,,home decor and inspirational,No,
0482,MB1-0482,V DAY 1,seasonal and holiday,,,,seasonal and holiday,No,
0483,MB1-0483,V DAY 10,seasonal and holiday,,,,seasonal and holiday,No,
0484,MB1-0484,V DAY 11,seasonal and holiday,,,,seasonal and holiday,No,
0485,MB1-0485,V DAY 12,seasonal and holiday,,,,seasonal and holiday,No,
0486,MB1-0486,V DAY 13,seasonal and holiday,,,,seasonal and holiday,No,
0487,MB1-0487,V DAY 14,seasonal and holiday,,,,seasonal and holiday,No,
0488,MB1-0488,V DAY 15,seasonal and holiday,,,,seasonal and holiday,No,
0489,MB1-0489,V DAY 16,seasonal and holiday,,,,seasonal and holiday,No,
0490,MB1-0490,V DAY 17,seasonal and holiday,,,,seasonal and holiday,No,
0491,MB1-0491,V DAY 2,seasonal and holiday,,,,seasonal and holiday,No,
0492,MB1-0492,V DAY 3,seasonal and holiday,,,,seasonal and holiday,No,
0493,MB1-0493,V DAY 4,seasonal and holiday,,,,seasonal and holiday,No,
0494,MB1-0494,V DAY 5,seasonal and holiday,,,,seasonal and holiday,No,
0495,MB1-0495,V DAY 6,seasonal and holiday,,,,seasonal and holiday,No,
0496,MB1-0496,V DAY 7,seasonal and holiday,,,,seasonal and holiday,No,
0497,MB1-0497,V DAY 8,seasonal and holiday,,,,seasonal and holiday,No,
0498,MB1-0498,V DAY 9,seasonal and holiday,,,,seasonal and holiday,No,
0499,MB1-0499,flag map,seasonal and holiday,,,,seasonal and holiday,No,
0500,MB1-0500,get some flag map,seasonal and holiday,,,,seasonal and holiday,No,
0501,MB1-0501,merica 2 flag map,seasonal and holiday,,,,seasonal and holiday,No,
0502,MB1-0502,merica flag map,seasonal and holiday,,,,seasonal and holiday,No,
0503,MB1-0503,MONOGRAM 1,family & name,home decor and inspirational,,,family & name; home decor and inspirational,Yes,Home Décor & Inspirational: family/name sign home décor crossover
0504,MB1-0504,MONOGRAM 10,family & name,home decor and inspirational,,,family & name; home decor and inspirational,Yes,Home Décor & Inspirational: family/name sign home décor crossover
0505,MB1-0505,MONOGRAM 11,family & name,home decor and inspirational,,,family & name; home decor and inspirational,Yes,Home Décor & Inspirational: family/name sign home décor crossover
0506,MB1-0506,MONOGRAM 12,family & name,home decor and inspirational,,,family & name; home decor and inspirational,Yes,Home Décor & Inspirational: family/name sign home décor crossover
0507,MB1-0507,MONOGRAM 13,family & name,home decor and inspirational,,,family & name; home decor and inspirational,Yes,Home Décor & Inspirational: family/name sign home décor crossover
0508,MB1-0508,MONOGRAM 14,family & name,home decor and inspirational,,,family & name; home decor and inspirational,Yes,Home Décor & Inspirational: family/name sign home décor crossover
0509,MB1-0509,MONOGRAM 15,family & name,home decor and inspirational,,,family & name; home decor and inspirational,Yes,Home Décor & Inspirational: family/name sign home décor crossover
0510,MB1-0510,MONOGRAM 16,family & name,home decor and inspirational,,,family & name; home decor and inspirational,Yes,Home Décor & Inspirational: family/name sign home décor crossover
0511,MB1-0511,MONOGRAM 17,family & name,home decor and inspirational,,,family & name; home decor and inspirational,Yes,Home Décor & Inspirational: family/name sign home décor crossover
0512,MB1-0512,MONOGRAM 2,family & name,home decor and inspirational,,,family & name; home decor and inspirational,Yes,Home Décor & Inspirational: family/name sign home décor crossover
0513,MB1-0513,MONOGRAM 3,family & name,home decor and inspirational,,,family & name; home decor and inspirational,Yes,Home Décor & Inspirational: family/name sign home décor crossover
0514,MB1-0514,MONOGRAM 4,family & name,home decor and inspirational,,,family & name; home decor and inspirational,Yes,Home Décor & Inspirational: family/name sign home décor crossover
0515,MB1-0515,MONOGRAM 5,family & name,home decor and inspirational,,,family & name; home decor and inspirational,Yes,Home Décor & Inspirational: family/name sign home décor crossover
0516,MB1-0516,MONOGRAM 6,family & name,home decor and inspirational,,,family & name; home decor and inspirational,Yes,Home Décor & Inspirational: family/name sign home décor crossover
0517,MB1-0517,MONOGRAM 7,family & name,home decor and inspirational,,,family & name; home decor and inspirational,Yes,Home Décor & Inspirational: family/name sign home décor crossover
0518,MB1-0518,MONOGRAM 8,family & name,home decor and inspirational,,,family & name; home decor and inspirational,Yes,Home Décor & Inspirational: family/name sign home décor crossover
0519,MB1-0519,MONOGRAM 9,family & name,home decor and inspirational,,,family & name; home decor and inspirational,Yes,Home Décor & Inspirational: family/name sign home décor crossover
0520,MB1-0520,MOMOGRAM 23,family & name,home decor and inspirational,,,family & name; home decor and inspirational,Yes,Home Décor & Inspirational: family/name sign home décor crossover
0521,MB1-0521,MONOGRAM 18,family & name,home decor and inspirational,,,family & name; home decor and inspirational,Yes,Home Décor & Inspirational: family/name sign home décor crossover
0522,MB1-0522,MONOGRAM 19,family & name,home decor and inspirational,,,family & name; home decor and inspirational,Yes,Home Décor & Inspirational: family/name sign home décor crossover
0523,MB1-0523,MONOGRAM 20,family & name,home decor and inspirational,,,family & name; home decor and inspirational,Yes,Home Décor & Inspirational: family/name sign home décor crossover
0524,MB1-0524,MONOGRAM 21,family & name,home decor and inspirational,,,family & name; home decor and inspirational,Yes,Home Décor & Inspirational: family/name sign home décor crossover
0525,MB1-0525,MONOGRAM 22,family & name,home decor and inspirational,,,family & name; home decor and inspirational,Yes,Home Décor & Inspirational: family/name sign home décor crossover
0541,MB1-0541,AntlerBaseA,home decor and inspirational,,,,home decor and inspirational,No,
0542,MB1-0542,AntlerBaseB,home decor and inspirational,,,,home decor and inspirational,No,
0543,MB1-0543,AntlerBaseC,home decor and inspirational,,,,home decor and inspirational,No,
0544,MB1-0544,AntlerBaseD,home decor and inspirational,,,,home decor and inspirational,No,
0545,MB1-0545,AntlerBaseE,home decor and inspirational,,,,home decor and inspirational,No,
0546,MB1-0546,AntlerBaseF,home decor and inspirational,,,,home decor and inspirational,No,
0547,MB1-0547,AntlerBaseG,home decor and inspirational,,,,home decor and inspirational,No,
0548,MB1-0548,AntlerBaseH,home decor and inspirational,,,,home decor and inspirational,No,
0549,MB1-0549,AntlerBaseI,home decor and inspirational,,,,home decor and inspirational,No,
0550,MB1-0550,AntlerBaseJ,home decor and inspirational,,,,home decor and inspirational,No,
0551,MB1-0551,AntlerBaseK,home decor and inspirational,,,,home decor and inspirational,No,
0552,MB1-0552,AntlerBaseL,home decor and inspirational,,,,home decor and inspirational,No,
0553,MB1-0553,AntlerBaseM,home decor and inspirational,,,,home decor and inspirational,No,
0554,MB1-0554,AntlerBaseN,home decor and inspirational,,,,home decor and inspirational,No,
0555,MB1-0555,AntlerBaseO,home decor and inspirational,,,,home decor and inspirational,No,
0556,MB1-0556,AntlerBaseP,home decor and inspirational,,,,home decor and inspirational,No,
0557,MB1-0557,AntlerBaseQ,home decor and inspirational,,,,home decor and inspirational,No,
0558,MB1-0558,AntlerBaseR,home decor and inspirational,,,,home decor and inspirational,No,
0559,MB1-0559,AntlerBaseS,home decor and inspirational,,,,home decor and inspirational,No,
0560,MB1-0560,AntlerBaseT,home decor and inspirational,,,,home decor and inspirational,No,
0561,MB1-0561,AntlerBaseU,home decor and inspirational,,,,home decor and inspirational,No,
0562,MB1-0562,AntlerBaseV,home decor and inspirational,,,,home decor and inspirational,No,
0563,MB1-0563,AntlerBaseW,home decor and inspirational,,,,home decor and inspirational,No,
0564,MB1-0564,AntlerBaseX,home decor and inspirational,,,,home decor and inspirational,No,
0565,MB1-0565,AntlerBaseY,home decor and inspirational,,,,home decor and inspirational,No,
0566,MB1-0566,AntlerBaseZ,home decor and inspirational,,,,home decor and inspirational,No,
0567,MB1-0567,Antler Monogram A,wildlife and outdoors,family & name,,,wildlife and outdoors; family & name,Yes,Family & Name: monogram/name theme
0568,MB1-0568,Antler Monogram B,wildlife and outdoors,family & name,,,wildlife and outdoors; family & name,Yes,Family & Name: monogram/name theme
0569,MB1-0569,Antler Monogram C,wildlife and outdoors,family & name,,,wildlife and outdoors; family & name,Yes,Family & Name: monogram/name theme
0570,MB1-0570,Antler Monogram D,wildlife and outdoors,family & name,,,wildlife and outdoors; family & name,Yes,Family & Name: monogram/name theme
0571,MB1-0571,Antler Monogram E,wildlife and outdoors,family & name,,,wildlife and outdoors; family & name,Yes,Family & Name: monogram/name theme
0572,MB1-0572,Antler Monogram F,wildlife and outdoors,family & name,,,wildlife and outdoors; family & name,Yes,Family & Name: monogram/name theme
0573,MB1-0573,Antler Monogram G,wildlife and outdoors,family & name,,,wildlife and outdoors; family & name,Yes,Family & Name: monogram/name theme
0574,MB1-0574,Antler Monogram H,wildlife and outdoors,family & name,,,wildlife and outdoors; family & name,Yes,Family & Name: monogram/name theme
0575,MB1-0575,Antler Monogram I,wildlife and outdoors,family & name,,,wildlife and outdoors; family & name,Yes,Family & Name: monogram/name theme
0576,MB1-0576,Antler Monogram J,wildlife and outdoors,family & name,,,wildlife and outdoors; family & name,Yes,Family & Name: monogram/name theme
0577,MB1-0577,Antler Monogram K,wildlife and outdoors,family & name,,,wildlife and outdoors; family & name,Yes,Family & Name: monogram/name theme
0578,MB1-0578,Antler Monogram L,wildlife and outdoors,family & name,,,wildlife and outdoors; family & name,Yes,Family & Name: monogram/name theme
0579,MB1-0579,Antler Monogram M,wildlife and outdoors,family & name,,,wildlife and outdoors; family & name,Yes,Family & Name: monogram/name theme
0580,MB1-0580,Antler Monogram N,wildlife and outdoors,family & name,,,wildlife and outdoors; family & name,Yes,Family & Name: monogram/name theme
0581,MB1-0581,Antler Monogram O,wildlife and outdoors,family & name,,,wildlife and outdoors; family & name,Yes,Family & Name: monogram/name theme
0582,MB1-0582,Antler Monogram P,wildlife and outdoors,family & name,,,wildlife and outdoors; family & name,Yes,Family & Name: monogram/name theme
0583,MB1-0583,Antler Monogram Q,wildlife and outdoors,family & name,,,wildlife and outdoors; family & name,Yes,Family & Name: monogram/name theme
0584,MB1-0584,Antler Monogram R,wildlife and outdoors,family & name,,,wildlife and outdoors; family & name,Yes,Family & Name: monogram/name theme
0585,MB1-0585,Antler Monogram S,wildlife and outdoors,family & name,,,wildlife and outdoors; family & name,Yes,Family & Name: monogram/name theme
0586,MB1-0586,Antler Monogram T,wildlife and outdoors,family & name,,,wildlife and outdoors; family & name,Yes,Family & Name: monogram/name theme
0587,MB1-0587,Antler Monogram U,wildlife and outdoors,family & name,,,wildlife and outdoors; family & name,Yes,Family & Name: monogram/name theme
0588,MB1-0588,Antler Monogram V,wildlife and outdoors,family & name,,,wildlife and outdoors; family & name,Yes,Family & Name: monogram/name theme
0589,MB1-0589,Antler Monogram W,wildlife and outdoors,family & name,,,wildlife and outdoors; family & name,Yes,Family & Name: monogram/name theme
0590,MB1-0590,Antler Monogram X,wildlife and outdoors,family & name,,,wildlife and outdoors; family & name,Yes,Family & Name: monogram/name theme
0591,MB1-0591,Antler Monogram Y,wildlife and outdoors,family & name,,,wildlife and outdoors; family & name,Yes,Family & Name: monogram/name theme
0592,MB1-0592,Antler Monogram Z,wildlife and outdoors,family & name,,,wildlife and outdoors; family & name,Yes,Family & Name: monogram/name theme
0619,MB1-0619,Monogram Fleur A,family & name,home decor and inspirational,,,family & name; home decor and inspirational,Yes,Home Décor & Inspirational: home décor/inspirational theme; family/name sign home décor crossover
0620,MB1-0620,Monogram Fleur B,family & name,home decor and inspirational,,,family & name; home decor and inspirational,Yes,Home Décor & Inspirational: home décor/inspirational theme; family/name sign home décor crossover
0621,MB1-0621,Monogram Fleur C,family & name,home decor and inspirational,,,family & name; home decor and inspirational,Yes,Home Décor & Inspirational: home décor/inspirational theme; family/name sign home décor crossover
0622,MB1-0622,Monogram Fleur D,family & name,home decor and inspirational,,,family & name; home decor and inspirational,Yes,Home Décor & Inspirational: home décor/inspirational theme; family/name sign home décor crossover
0623,MB1-0623,Monogram Fleur E,family & name,home decor and inspirational,,,family & name; home decor and inspirational,Yes,Home Décor & Inspirational: home décor/inspirational theme; family/name sign home décor crossover
0624,MB1-0624,Monogram Fleur F,family & name,home decor and inspirational,,,family & name; home decor and inspirational,Yes,Home Décor & Inspirational: home décor/inspirational theme; family/name sign home décor crossover
0625,MB1-0625,Monogram Fleur G,family & name,home decor and inspirational,,,family & name; home decor and inspirational,Yes,Home Décor & Inspirational: home décor/inspirational theme; family/name sign home décor crossover
0626,MB1-0626,Monogram Fleur H,family & name,home decor and inspirational,,,family & name; home decor and inspirational,Yes,Home Décor & Inspirational: home décor/inspirational theme; family/name sign home décor crossover
0627,MB1-0627,Monogram Fleur I,family & name,home decor and inspirational,,,family & name; home decor and inspirational,Yes,Home Décor & Inspirational: home décor/inspirational theme; family/name sign home décor crossover
0628,MB1-0628,Monogram Fleur J,family & name,home decor and inspirational,,,family & name; home decor and inspirational,Yes,Home Décor & Inspirational: home décor/inspirational theme; family/name sign home décor crossover
0629,MB1-0629,Monogram Fleur K,family & name,home decor and inspirational,,,family & name; home decor and inspirational,Yes,Home Décor & Inspirational: home décor/inspirational theme; family/name sign home décor crossover
0630,MB1-0630,Monogram Fleur L,family & name,home decor and inspirational,,,family & name; home decor and inspirational,Yes,Home Décor & Inspirational: home décor/inspirational theme; family/name sign home décor crossover
0631,MB1-0631,Monogram Fleur M,family & name,home decor and inspirational,,,family & name; home decor and inspirational,Yes,Home Décor & Inspirational: home décor/inspirational theme; family/name sign home décor crossover
0632,MB1-0632,Monogram Fleur N,family & name,home decor and inspirational,,,family & name; home decor and inspirational,Yes,Home Décor & Inspirational: home décor/inspirational theme; family/name sign home décor crossover
0633,MB1-0633,Monogram Fleur O,family & name,home decor and inspirational,,,family & name; home decor and inspirational,Yes,Home Décor & Inspirational: home décor/inspirational theme; family/name sign home décor crossover
0634,MB1-0634,Monogram Fleur P,family & name,home decor and inspirational,,,family & name; home decor and inspirational,Yes,Home Décor & Inspirational: home décor/inspirational theme; family/name sign home décor crossover
0635,MB1-0635,Monogram Fleur Q,family & name,home decor and inspirational,,,family & name; home decor and inspirational,Yes,Home Décor & Inspirational: home décor/inspirational theme; family/name sign home décor crossover
0636,MB1-0636,Monogram Fleur R,family & name,home decor and inspirational,,,family & name; home decor and inspirational,Yes,Home Décor & Inspirational: home décor/inspirational theme; family/name sign home décor crossover
0637,MB1-0637,Monogram Fleur S,family & name,home decor and inspirational,,,family & name; home decor and inspirational,Yes,Home Décor & Inspirational: home décor/inspirational theme; family/name sign home décor crossover
0638,MB1-0638,Monogram Fleur T,family & name,home decor and inspirational,,,family & name; home decor and inspirational,Yes,Home Décor & Inspirational: home décor/inspirational theme; family/name sign home décor crossover
0639,MB1-0639,Monogram Fleur U,family & name,home decor and inspirational,,,family & name; home decor and inspirational,Yes,Home Décor & Inspirational: home décor/inspirational theme; family/name sign home décor crossover
0640,MB1-0640,Monogram Fleur V,family & name,home decor and inspirational,,,family & name; home decor and inspirational,Yes,Home Décor & Inspirational: home décor/inspirational theme; family/name sign home décor crossover
0641,MB1-0641,Monogram Fleur W,family & name,home decor and inspirational,,,family & name; home decor and inspirational,Yes,Home Décor & Inspirational: home décor/inspirational theme; family/name sign home décor crossover
0642,MB1-0642,Monogram Fleur X,family & name,home decor and inspirational,,,family & name; home decor and inspirational,Yes,Home Décor & Inspirational: home décor/inspirational theme; family/name sign home décor crossover
0643,MB1-0643,Monogram Fleur Y,family & name,home decor and inspirational,,,family & name; home decor and inspirational,Yes,Home Décor & Inspirational: home décor/inspirational theme; family/name sign home décor crossover
0644,MB1-0644,Monogram Fleur Z,family & name,home decor and inspirational,,,family & name; home decor and inspirational,Yes,Home Décor & Inspirational: home décor/inspirational theme; family/name sign home décor crossover
0645,MB1-0645,Script Vine Split Alphabet-A,family & name,home decor and inspirational,,,family & name; home decor and inspirational,Yes,Home Décor & Inspirational: home décor/inspirational theme; family/name sign home décor crossover
0646,MB1-0646,Script Vine Split Alphabet-B,family & name,home decor and inspirational,,,family & name; home decor and inspirational,Yes,Home Décor & Inspirational: home décor/inspirational theme; family/name sign home décor crossover
0647,MB1-0647,Script Vine Split Alphabet-C,family & name,home decor and inspirational,,,family & name; home decor and inspirational,Yes,Home Décor & Inspirational: home décor/inspirational theme; family/name sign home décor crossover
0648,MB1-0648,Script Vine Split Alphabet-D,family & name,home decor and inspirational,,,family & name; home decor and inspirational,Yes,Home Décor & Inspirational: home décor/inspirational theme; family/name sign home décor crossover
0649,MB1-0649,Script Vine Split Alphabet-E,family & name,home decor and inspirational,,,family & name; home decor and inspirational,Yes,Home Décor & Inspirational: home décor/inspirational theme; family/name sign home décor crossover
0650,MB1-0650,Script Vine Split Alphabet-F,family & name,home decor and inspirational,,,family & name; home decor and inspirational,Yes,Home Décor & Inspirational: home décor/inspirational theme; family/name sign home décor crossover
0651,MB1-0651,Script Vine Split Alphabet-G,family & name,home decor and inspirational,,,family & name; home decor and inspirational,Yes,Home Décor & Inspirational: home décor/inspirational theme; family/name sign home décor crossover
0652,MB1-0652,Script Vine Split Alphabet-H,family & name,home decor and inspirational,,,family & name; home decor and inspirational,Yes,Home Décor & Inspirational: home décor/inspirational theme; family/name sign home décor crossover
0653,MB1-0653,Script Vine Split Alphabet-I,family & name,home decor and inspirational,,,family & name; home decor and inspirational,Yes,Home Décor & Inspirational: home décor/inspirational theme; family/name sign home décor crossover
0654,MB1-0654,Script Vine Split Alphabet-J,family & name,home decor and inspirational,,,family & name; home decor and inspirational,Yes,Home Décor & Inspirational: home décor/inspirational theme; family/name sign home décor crossover
0655,MB1-0655,Script Vine Split Alphabet-K,family & name,home decor and inspirational,,,family & name; home decor and inspirational,Yes,Home Décor & Inspirational: home décor/inspirational theme; family/name sign home décor crossover
0656,MB1-0656,Script Vine Split Alphabet-L,family & name,home decor and inspirational,,,family & name; home decor and inspirational,Yes,Home Décor & Inspirational: home décor/inspirational theme; family/name sign home décor crossover
0657,MB1-0657,Script Vine Split Alphabet-M,family & name,home decor and inspirational,,,family & name; home decor and inspirational,Yes,Home Décor & Inspirational: home décor/inspirational theme; family/name sign home décor crossover
0658,MB1-0658,Script Vine Split Alphabet-N,family & name,home decor and inspirational,,,family & name; home decor and inspirational,Yes,Home Décor & Inspirational: home décor/inspirational theme; family/name sign home décor crossover
0659,MB1-0659,Script Vine Split Alphabet-O,family & name,home decor and inspirational,,,family & name; home decor and inspirational,Yes,Home Décor & Inspirational: home décor/inspirational theme; family/name sign home décor crossover
0660,MB1-0660,Script Vine Split Alphabet-P,family & name,home decor and inspirational,,,family & name; home decor and inspirational,Yes,Home Décor & Inspirational: home décor/inspirational theme; family/name sign home décor crossover
0661,MB1-0661,Script Vine Split Alphabet-Q,family & name,home decor and inspirational,,,family & name; home decor and inspirational,Yes,Home Décor & Inspirational: home décor/inspirational theme; family/name sign home décor crossover
0662,MB1-0662,Script Vine Split Alphabet-R,family & name,home decor and inspirational,,,family & name; home decor and inspirational,Yes,Home Décor & Inspirational: home décor/inspirational theme; family/name sign home décor crossover
0663,MB1-0663,Script Vine Split Alphabet-S,family & name,home decor and inspirational,,,family & name; home decor and inspirational,Yes,Home Décor & Inspirational: home décor/inspirational theme; family/name sign home décor crossover
0664,MB1-0664,Script Vine Split Alphabet-T,family & name,home decor and inspirational,,,family & name; home decor and inspirational,Yes,Home Décor & Inspirational: home décor/inspirational theme; family/name sign home décor crossover
0665,MB1-0665,Script Vine Split Alphabet-U,family & name,home decor and inspirational,,,family & name; home decor and inspirational,Yes,Home Décor & Inspirational: home décor/inspirational theme; family/name sign home décor crossover
0666,MB1-0666,Script Vine Split Alphabet-V,family & name,home decor and inspirational,,,family & name; home decor and inspirational,Yes,Home Décor & Inspirational: home décor/inspirational theme; family/name sign home décor crossover
0667,MB1-0667,Script Vine Split Alphabet-W,family & name,home decor and inspirational,,,family & name; home decor and inspirational,Yes,Home Décor & Inspirational: home décor/inspirational theme; family/name sign home décor crossover
0668,MB1-0668,Script Vine Split Alphabet-X,family & name,home decor and inspirational,,,family & name; home decor and inspirational,Yes,Home Décor & Inspirational: home décor/inspirational theme; family/name sign home décor crossover
0669,MB1-0669,Script Vine Split Alphabet-Y,family & name,home decor and inspirational,,,family & name; home decor and inspirational,Yes,Home Décor & Inspirational: home décor/inspirational theme; family/name sign home décor crossover
0670,MB1-0670,Script Vine Split Alphabet-Z,family & name,home decor and inspirational,,,family & name; home decor and inspirational,Yes,Home Décor & Inspirational: home décor/inspirational theme; family/name sign home décor crossover
0671,MB1-0671,Monogram A,family & name,home decor and inspirational,,,family & name; home decor and inspirational,Yes,Home Décor & Inspirational: family/name sign home décor crossover
0672,MB1-0672,Monogram B,family & name,home decor and inspirational,,,family & name; home decor and inspirational,Yes,Home Décor & Inspirational: family/name sign home décor crossover
0673,MB1-0673,Monogram C,family & name,home decor and inspirational,,,family & name; home decor and inspirational,Yes,Home Décor & Inspirational: family/name sign home décor crossover
0674,MB1-0674,Monogram D,family & name,home decor and inspirational,,,family & name; home decor and inspirational,Yes,Home Décor & Inspirational: family/name sign home décor crossover
0675,MB1-0675,Monogram E,family & name,home decor and inspirational,,,family & name; home decor and inspirational,Yes,Home Décor & Inspirational: family/name sign home décor crossover
0676,MB1-0676,Monogram F,family & name,home decor and inspirational,,,family & name; home decor and inspirational,Yes,Home Décor & Inspirational: family/name sign home décor crossover
0677,MB1-0677,Monogram G,family & name,home decor and inspirational,,,family & name; home decor and inspirational,Yes,Home Décor & Inspirational: family/name sign home décor crossover
0678,MB1-0678,Monogram H,family & name,home decor and inspirational,,,family & name; home decor and inspirational,Yes,Home Décor & Inspirational: family/name sign home décor crossover
0679,MB1-0679,Monogram I,family & name,home decor and inspirational,,,family & name; home decor and inspirational,Yes,Home Décor & Inspirational: family/name sign home décor crossover
0680,MB1-0680,Monogram J,family & name,home decor and inspirational,,,family & name; home decor and inspirational,Yes,Home Décor & Inspirational: family/name sign home décor crossover
0681,MB1-0681,Monogram K,family & name,home decor and inspirational,,,family & name; home decor and inspirational,Yes,Home Décor & Inspirational: family/name sign home décor crossover
0682,MB1-0682,Monogram L,family & name,home decor and inspirational,,,family & name; home decor and inspirational,Yes,Home Décor & Inspirational: family/name sign home décor crossover
0683,MB1-0683,Monogram M,family & name,home decor and inspirational,,,family & name; home decor and inspirational,Yes,Home Décor & Inspirational: family/name sign home décor crossover
0684,MB1-0684,Monogram N,family & name,home decor and inspirational,,,family & name; home decor and inspirational,Yes,Home Décor & Inspirational: family/name sign home décor crossover
0685,MB1-0685,Monogram O,family & name,home decor and inspirational,,,family & name; home decor and inspirational,Yes,Home Décor & Inspirational: family/name sign home décor crossover
0686,MB1-0686,Monogram P,family & name,home decor and inspirational,,,family & name; home decor and inspirational,Yes,Home Décor & Inspirational: family/name sign home décor crossover
0687,MB1-0687,Monogram Q,family & name,home decor and inspirational,,,family & name; home decor and inspirational,Yes,Home Décor & Inspirational: family/name sign home décor crossover
0688,MB1-0688,Monogram R,family & name,home decor and inspirational,,,family & name; home decor and inspirational,Yes,Home Décor & Inspirational: family/name sign home décor crossover
0689,MB1-0689,Monogram S,family & name,home decor and inspirational,,,family & name; home decor and inspirational,Yes,Home Décor & Inspirational: family/name sign home décor crossover
0690,MB1-0690,Monogram T,family & name,home decor and inspirational,,,family & name; home decor and inspirational,Yes,Home Décor & Inspirational: family/name sign home décor crossover
0691,MB1-0691,Monogram U,family & name,home decor and inspirational,,,family & name; home decor and inspirational,Yes,Home Décor & Inspirational: family/name sign home décor crossover
0692,MB1-0692,Monogram V,family & name,home decor and inspirational,,,family & name; home decor and inspirational,Yes,Home Décor & Inspirational: family/name sign home décor crossover
0693,MB1-0693,Monogram W,family & name,home decor and inspirational,,,family & name; home decor and inspirational,Yes,Home Décor & Inspirational: family/name sign home décor crossover
0694,MB1-0694,Monogram X,family & name,home decor and inspirational,,,family & name; home decor and inspirational,Yes,Home Décor & Inspirational: family/name sign home décor crossover
0695,MB1-0695,Monogram Y,family & name,home decor and inspirational,,,family & name; home decor and inspirational,Yes,Home Décor & Inspirational: family/name sign home décor crossover
0696,MB1-0696,Monogram Z,family & name,home decor and inspirational,,,family & name; home decor and inspirational,Yes,Home Décor & Inspirational: family/name sign home décor crossover
0697,MB1-0697,Split scroll A,family & name,home decor and inspirational,,,family & name; home decor and inspirational,Yes,Home Décor & Inspirational: home décor/inspirational theme; family/name sign home décor crossover
0698,MB1-0698,Split scroll B,family & name,home decor and inspirational,,,family & name; home decor and inspirational,Yes,Home Décor & Inspirational: home décor/inspirational theme; family/name sign home décor crossover
0699,MB1-0699,Split scroll C,family & name,home decor and inspirational,,,family & name; home decor and inspirational,Yes,Home Décor & Inspirational: home décor/inspirational theme; family/name sign home décor crossover
0700,MB1-0700,Split scroll D,family & name,home decor and inspirational,,,family & name; home decor and inspirational,Yes,Home Décor & Inspirational: home décor/inspirational theme; family/name sign home décor crossover
0701,MB1-0701,Split scroll E,family & name,home decor and inspirational,,,family & name; home decor and inspirational,Yes,Home Décor & Inspirational: home décor/inspirational theme; family/name sign home décor crossover
0702,MB1-0702,Split scroll F,family & name,home decor and inspirational,,,family & name; home decor and inspirational,Yes,Home Décor & Inspirational: home décor/inspirational theme; family/name sign home décor crossover
0703,MB1-0703,Split scroll G,family & name,home decor and inspirational,,,family & name; home decor and inspirational,Yes,Home Décor & Inspirational: home décor/inspirational theme; family/name sign home décor crossover
0704,MB1-0704,Split scroll H,family & name,home decor and inspirational,,,family & name; home decor and inspirational,Yes,Home Décor & Inspirational: home décor/inspirational theme; family/name sign home décor crossover
0705,MB1-0705,Split scroll I,family & name,home decor and inspirational,,,family & name; home decor and inspirational,Yes,Home Décor & Inspirational: home décor/inspirational theme; family/name sign home décor crossover
0706,MB1-0706,Split scroll J,family & name,home decor and inspirational,,,family & name; home decor and inspirational,Yes,Home Décor & Inspirational: home décor/inspirational theme; family/name sign home décor crossover
0707,MB1-0707,Split scroll K,family & name,home decor and inspirational,,,family & name; home decor and inspirational,Yes,Home Décor & Inspirational: home décor/inspirational theme; family/name sign home décor crossover
0708,MB1-0708,Split scroll L,family & name,home decor and inspirational,,,family & name; home decor and inspirational,Yes,Home Décor & Inspirational: home décor/inspirational theme; family/name sign home décor crossover
0709,MB1-0709,Split scroll M,family & name,home decor and inspirational,,,family & name; home decor and inspirational,Yes,Home Décor & Inspirational: home décor/inspirational theme; family/name sign home décor crossover
0710,MB1-0710,Split scroll N,family & name,home decor and inspirational,,,family & name; home decor and inspirational,Yes,Home Décor & Inspirational: home décor/inspirational theme; family/name sign home décor crossover
0711,MB1-0711,Split scroll O,family & name,home decor and inspirational,,,family & name; home decor and inspirational,Yes,Home Décor & Inspirational: home décor/inspirational theme; family/name sign home décor crossover
0712,MB1-0712,Split scroll P,family & name,home decor and inspirational,,,family & name; home decor and inspirational,Yes,Home Décor & Inspirational: home décor/inspirational theme; family/name sign home décor crossover
0713,MB1-0713,Split scroll Q,family & name,home decor and inspirational,,,family & name; home decor and inspirational,Yes,Home Décor & Inspirational: home décor/inspirational theme; family/name sign home décor crossover
0714,MB1-0714,Split scroll R,family & name,home decor and inspirational,,,family & name; home decor and inspirational,Yes,Home Décor & Inspirational: home décor/inspirational theme; family/name sign home décor crossover
0715,MB1-0715,Split scroll S,family & name,home decor and inspirational,,,family & name; home decor and inspirational,Yes,Home Décor & Inspirational: home décor/inspirational theme; family/name sign home décor crossover
0716,MB1-0716,Split scroll T,family & name,home decor and inspirational,,,family & name; home decor and inspirational,Yes,Home Décor & Inspirational: home décor/inspirational theme; family/name sign home décor crossover
0717,MB1-0717,Split scroll U,family & name,home decor and inspirational,,,family & name; home decor and inspirational,Yes,Home Décor & Inspirational: home décor/inspirational theme; family/name sign home décor crossover
0718,MB1-0718,Split scroll V,family & name,home decor and inspirational,,,family & name; home decor and inspirational,Yes,Home Décor & Inspirational: home décor/inspirational theme; family/name sign home décor crossover
0719,MB1-0719,Split scroll W,family & name,home decor and inspirational,,,family & name; home decor and inspirational,Yes,Home Décor & Inspirational: home décor/inspirational theme; family/name sign home décor crossover
0720,MB1-0720,Split scroll X,family & name,home decor and inspirational,,,family & name; home decor and inspirational,Yes,Home Décor & Inspirational: home décor/inspirational theme; family/name sign home décor crossover
0721,MB1-0721,Split scroll Y,family & name,home decor and inspirational,,,family & name; home decor and inspirational,Yes,Home Décor & Inspirational: home décor/inspirational theme; family/name sign home décor crossover
0722,MB1-0722,Split scroll Z,family & name,home decor and inspirational,,,family & name; home decor and inspirational,Yes,Home Décor & Inspirational: home décor/inspirational theme; family/name sign home décor crossover
0723,MB1-0723,Steampunk A,family & name,home decor and inspirational,,,family & name; home decor and inspirational,Yes,Home Décor & Inspirational: family/name sign home décor crossover
0724,MB1-0724,Steampunk B,family & name,home decor and inspirational,,,family & name; home decor and inspirational,Yes,Home Décor & Inspirational: family/name sign home décor crossover
0725,MB1-0725,Steampunk C,family & name,home decor and inspirational,,,family & name; home decor and inspirational,Yes,Home Décor & Inspirational: family/name sign home décor crossover
0726,MB1-0726,Steampunk D,family & name,home decor and inspirational,,,family & name; home decor and inspirational,Yes,Home Décor & Inspirational: family/name sign home décor crossover
0727,MB1-0727,Steampunk E,family & name,home decor and inspirational,,,family & name; home decor and inspirational,Yes,Home Décor & Inspirational: family/name sign home décor crossover
0728,MB1-0728,Steampunk F,family & name,home decor and inspirational,,,family & name; home decor and inspirational,Yes,Home Décor & Inspirational: family/name sign home décor crossover
0729,MB1-0729,Steampunk G,family & name,home decor and inspirational,,,family & name; home decor and inspirational,Yes,Home Décor & Inspirational: family/name sign home décor crossover
0730,MB1-0730,Steampunk H,family & name,home decor and inspirational,,,family & name; home decor and inspirational,Yes,Home Décor & Inspirational: family/name sign home décor crossover
0731,MB1-0731,Steampunk I,family & name,home decor and inspirational,,,family & name; home decor and inspirational,Yes,Home Décor & Inspirational: family/name sign home décor crossover
0732,MB1-0732,Steampunk J,family & name,home decor and inspirational,,,family & name; home decor and inspirational,Yes,Home Décor & Inspirational: family/name sign home décor crossover
0733,MB1-0733,Steampunk K,family & name,home decor and inspirational,,,family & name; home decor and inspirational,Yes,Home Décor & Inspirational: family/name sign home décor crossover
0734,MB1-0734,Steampunk L,family & name,home decor and inspirational,,,family & name; home decor and inspirational,Yes,Home Décor & Inspirational: family/name sign home décor crossover
0735,MB1-0735,Steampunk M,family & name,home decor and inspirational,,,family & name; home decor and inspirational,Yes,Home Décor & Inspirational: family/name sign home décor crossover
0736,MB1-0736,Steampunk Mr and Mrs,wedding and events,family & name,home decor and inspirational,,wedding and events; family & name; home decor and inspirational,Yes,Family & Name: wedding personalization crossover | Home Décor & Inspirational: wedding keepsake/home décor crossover
0737,MB1-0737,Steampunk N,family & name,home decor and inspirational,,,family & name; home decor and inspirational,Yes,Home Décor & Inspirational: family/name sign home décor crossover
0738,MB1-0738,Steampunk O,family & name,home decor and inspirational,,,family & name; home decor and inspirational,Yes,Home Décor & Inspirational: family/name sign home décor crossover
0739,MB1-0739,Steampunk P,family & name,home decor and inspirational,,,family & name; home decor and inspirational,Yes,Home Décor & Inspirational: family/name sign home décor crossover
0740,MB1-0740,Steampunk Q,family & name,home decor and inspirational,,,family & name; home decor and inspirational,Yes,Home Décor & Inspirational: family/name sign home décor crossover
0741,MB1-0741,Steampunk R,family & name,home decor and inspirational,,,family & name; home decor and inspirational,Yes,Home Décor & Inspirational: family/name sign home décor crossover
0742,MB1-0742,Steampunk S,family & name,home decor and inspirational,,,family & name; home decor and inspirational,Yes,Home Décor & Inspirational: family/name sign home décor crossover
0743,MB1-0743,Steampunk T,family & name,home decor and inspirational,,,family & name; home decor and inspirational,Yes,Home Décor & Inspirational: family/name sign home décor crossover
0744,MB1-0744,Steampunk U,family & name,home decor and inspirational,,,family & name; home decor and inspirational,Yes,Home Décor & Inspirational: family/name sign home décor crossover
0745,MB1-0745,Steampunk V,family & name,home decor and inspirational,,,family & name; home decor and inspirational,Yes,Home Décor & Inspirational: family/name sign home décor crossover
0746,MB1-0746,Steampunk W,family & name,home decor and inspirational,,,family & name; home decor and inspirational,Yes,Home Décor & Inspirational: family/name sign home décor crossover
0747,MB1-0747,Steampunk X,family & name,home decor and inspirational,,,family & name; home decor and inspirational,Yes,Home Décor & Inspirational: family/name sign home décor crossover
0748,MB1-0748,Steampunk Y,family & name,home decor and inspirational,,,family & name; home decor and inspirational,Yes,Home Décor & Inspirational: family/name sign home décor crossover
0749,MB1-0749,Steampunk Z,family & name,home decor and inspirational,,,family & name; home decor and inspirational,Yes,Home Décor & Inspirational: family/name sign home décor crossover
0750,MB1-0750,Alphabet Snowman,seasonal and holiday,family & name,,,seasonal and holiday; family & name,No,Family & Name: monogram/name theme
0751,MB1-0751,Alphabet split model 1,family & name,home decor and inspirational,,,family & name; home decor and inspirational,Yes,Home Décor & Inspirational: family/name sign home décor crossover
0752,MB1-0752,Alphabet split model 10,family & name,home decor and inspirational,,,family & name; home decor and inspirational,Yes,Home Décor & Inspirational: family/name sign home décor crossover
0753,MB1-0753,Alphabet split model 11,family & name,home decor and inspirational,,,family & name; home decor and inspirational,Yes,Home Décor & Inspirational: family/name sign home décor crossover
0754,MB1-0754,Alphabet split model 12,family & name,home decor and inspirational,,,family & name; home decor and inspirational,Yes,Home Décor & Inspirational: family/name sign home décor crossover
0755,MB1-0755,Alphabet split model 13,family & name,home decor and inspirational,,,family & name; home decor and inspirational,Yes,Home Décor & Inspirational: family/name sign home décor crossover
0756,MB1-0756,Alphabet split model 14,family & name,home decor and inspirational,,,family & name; home decor and inspirational,Yes,Home Décor & Inspirational: family/name sign home décor crossover
0757,MB1-0757,Alphabet Split Model 15,family & name,home decor and inspirational,,,family & name; home decor and inspirational,Yes,Home Décor & Inspirational: family/name sign home décor crossover
0758,MB1-0758,Alphabet Split Model 16,family & name,home decor and inspirational,,,family & name; home decor and inspirational,Yes,Home Décor & Inspirational: family/name sign home décor crossover
0759,MB1-0759,Alphabet Split Model 17,family & name,home decor and inspirational,,,family & name; home decor and inspirational,Yes,Home Décor & Inspirational: family/name sign home décor crossover
0760,MB1-0760,Alphabet Split Model 19,family & name,home decor and inspirational,,,family & name; home decor and inspirational,Yes,Home Décor & Inspirational: family/name sign home décor crossover
0761,MB1-0761,Alphabet split model 2,family & name,home decor and inspirational,,,family & name; home decor and inspirational,Yes,Home Décor & Inspirational: family/name sign home décor crossover
0762,MB1-0762,Alphabet split model 3,family & name,home decor and inspirational,,,family & name; home decor and inspirational,Yes,Home Décor & Inspirational: family/name sign home décor crossover
0763,MB1-0763,Alphabet split model 4,family & name,home decor and inspirational,,,family & name; home decor and inspirational,Yes,Home Décor & Inspirational: family/name sign home décor crossover
0764,MB1-0764,Alphabet split model 5,family & name,home decor and inspirational,,,family & name; home decor and inspirational,Yes,Home Décor & Inspirational: family/name sign home décor crossover
0765,MB1-0765,Alphabet split model 6,family & name,home decor and inspirational,,,family & name; home decor and inspirational,Yes,Home Décor & Inspirational: family/name sign home décor crossover
0766,MB1-0766,Alphabet split model 7,family & name,home decor and inspirational,,,family & name; home decor and inspirational,Yes,Home Décor & Inspirational: family/name sign home décor crossover
0767,MB1-0767,Alphabet split model 8,family & name,home decor and inspirational,,,family & name; home decor and inspirational,Yes,Home Décor & Inspirational: family/name sign home décor crossover
0768,MB1-0768,Alphabet split model 9,family & name,home decor and inspirational,,,family & name; home decor and inspirational,Yes,Home Décor & Inspirational: family/name sign home décor crossover
0769,MB1-0769,Alphabet Turquey,family & name,home decor and inspirational,,,family & name; home decor and inspirational,Yes,Home Décor & Inspirational: family/name sign home décor crossover
0770,MB1-0770,Snow Monogram Letter 1,family & name,home decor and inspirational,,,family & name; home decor and inspirational,Yes,Home Décor & Inspirational: family/name sign home décor crossover
0771,MB1-0771,Snow Monogram Letter 2,family & name,home decor and inspirational,,,family & name; home decor and inspirational,Yes,Home Décor & Inspirational: family/name sign home décor crossover
0772,MB1-0772,Snow Monogram Letter 3,family & name,home decor and inspirational,,,family & name; home decor and inspirational,Yes,Home Décor & Inspirational: family/name sign home décor crossover
0773,MB1-0773,Snow Monogram Letter 4,family & name,home decor and inspirational,,,family & name; home decor and inspirational,Yes,Home Décor & Inspirational: family/name sign home décor crossover
0774,MB1-0774,Snow Split Monogram 1,family & name,home decor and inspirational,,,family & name; home decor and inspirational,Yes,Home Décor & Inspirational: family/name sign home décor crossover
0775,MB1-0775,Split Letter Monogram 1,family & name,home decor and inspirational,,,family & name; home decor and inspirational,Yes,Home Décor & Inspirational: family/name sign home décor crossover
0776,MB1-0776,Split Letter Monogram 10,family & name,home decor and inspirational,,,family & name; home decor and inspirational,Yes,Home Décor & Inspirational: family/name sign home décor crossover
0777,MB1-0777,Split Letter Monogram 11,family & name,home decor and inspirational,,,family & name; home decor and inspirational,Yes,Home Décor & Inspirational: family/name sign home décor crossover
0778,MB1-0778,Split Letter Monogram 12,family & name,home decor and inspirational,,,family & name; home decor and inspirational,Yes,Home Décor & Inspirational: family/name sign home décor crossover
0779,MB1-0779,Split Letter Monogram 13,family & name,home decor and inspirational,,,family & name; home decor and inspirational,Yes,Home Décor & Inspirational: family/name sign home décor crossover
0780,MB1-0780,Split Letter Monogram 14,family & name,home decor and inspirational,,,family & name; home decor and inspirational,Yes,Home Décor & Inspirational: family/name sign home décor crossover
0781,MB1-0781,Split Letter Monogram 15,family & name,home decor and inspirational,,,family & name; home decor and inspirational,Yes,Home Décor & Inspirational: family/name sign home décor crossover
0782,MB1-0782,Split Letter Monogram 16,family & name,home decor and inspirational,,,family & name; home decor and inspirational,Yes,Home Décor & Inspirational: family/name sign home décor crossover
0783,MB1-0783,Split Letter Monogram 17,family & name,home decor and inspirational,,,family & name; home decor and inspirational,Yes,Home Décor & Inspirational: family/name sign home décor crossover
0784,MB1-0784,Split Letter Monogram 18,family & name,home decor and inspirational,,,family & name; home decor and inspirational,Yes,Home Décor & Inspirational: family/name sign home décor crossover
0785,MB1-0785,Split Letter Monogram 19,family & name,home decor and inspirational,,,family & name; home decor and inspirational,Yes,Home Décor & Inspirational: family/name sign home décor crossover
0786,MB1-0786,Split Letter Monogram 2,family & name,home decor and inspirational,,,family & name; home decor and inspirational,Yes,Home Décor & Inspirational: family/name sign home décor crossover
0787,MB1-0787,Split Letter Monogram 20,family & name,home decor and inspirational,,,family & name; home decor and inspirational,Yes,Home Décor & Inspirational: family/name sign home décor crossover
0788,MB1-0788,Split Letter Monogram 21,family & name,home decor and inspirational,,,family & name; home decor and inspirational,Yes,Home Décor & Inspirational: family/name sign home décor crossover
0789,MB1-0789,Split Letter Monogram 22,family & name,home decor and inspirational,,,family & name; home decor and inspirational,Yes,Home Décor & Inspirational: family/name sign home décor crossover
0790,MB1-0790,Split Letter Monogram 23,family & name,home decor and inspirational,,,family & name; home decor and inspirational,Yes,Home Décor & Inspirational: family/name sign home décor crossover
0791,MB1-0791,Split Letter Monogram 24,family & name,home decor and inspirational,,,family & name; home decor and inspirational,Yes,Home Décor & Inspirational: family/name sign home décor crossover
0792,MB1-0792,Split Letter Monogram 25,family & name,home decor and inspirational,,,family & name; home decor and inspirational,Yes,Home Décor & Inspirational: family/name sign home décor crossover
0793,MB1-0793,Split Letter Monogram 3,family & name,home decor and inspirational,,,family & name; home decor and inspirational,Yes,Home Décor & Inspirational: family/name sign home décor crossover
0794,MB1-0794,Split Letter Monogram 4,family & name,home decor and inspirational,,,family & name; home decor and inspirational,Yes,Home Décor & Inspirational: family/name sign home décor crossover
0795,MB1-0795,Split Letter Monogram 5,family & name,home decor and inspirational,,,family & name; home decor and inspirational,Yes,Home Décor & Inspirational: family/name sign home décor crossover
0796,MB1-0796,Split Letter Monogram 6,family & name,home decor and inspirational,,,family & name; home decor and inspirational,Yes,Home Décor & Inspirational: family/name sign home décor crossover
0797,MB1-0797,Split Letter Monogram 7,family & name,home decor and inspirational,,,family & name; home decor and inspirational,Yes,Home Décor & Inspirational: family/name sign home décor crossover
0798,MB1-0798,Split Letter Monogram 8,family & name,home decor and inspirational,,,family & name; home decor and inspirational,Yes,Home Décor & Inspirational: family/name sign home décor crossover
0799,MB1-0799,Split Letter Monogram 9,family & name,home decor and inspirational,,,family & name; home decor and inspirational,Yes,Home Décor & Inspirational: family/name sign home décor crossover
0800,MB1-0800,moon and back 1,home decor and inspirational,,,,home decor and inspirational,No,
0801,MB1-0801,moon and back 2,home decor and inspirational,,,,home decor and inspirational,No,
0802,MB1-0802,moon and back 3,home decor and inspirational,,,,home decor and inspirational,No,
0803,MB1-0803,moon and back 4,home decor and inspirational,,,,home decor and inspirational,No,
0804,MB1-0804,moon and back 5,home decor and inspirational,,,,home decor and inspirational,No,
0805,MB1-0805,moon and back 6,home decor and inspirational,,,,home decor and inspirational,No,
0806,MB1-0806,moon and back 7,home decor and inspirational,,,,home decor and inspirational,No,
0807,MB1-0807,moon and back 8,home decor and inspirational,,,,home decor and inspirational,No,
0808,MB1-0808,MOTHER 1,family & name,home decor and inspirational,,,family & name; home decor and inspirational,Yes,Home Décor & Inspirational: family/name sign home décor crossover
0809,MB1-0809,MOTHER 10,family & name,home decor and inspirational,,,family & name; home decor and inspirational,Yes,Home Décor & Inspirational: family/name sign home décor crossover
0810,MB1-0810,MOTHER 11,family & name,home decor and inspirational,,,family & name; home decor and inspirational,Yes,Home Décor & Inspirational: family/name sign home décor crossover
0811,MB1-0811,MOTHER 12,family & name,home decor and inspirational,,,family & name; home decor and inspirational,Yes,Home Décor & Inspirational: family/name sign home décor crossover
0812,MB1-0812,MOTHER 13,family & name,home decor and inspirational,,,family & name; home decor and inspirational,Yes,Home Décor & Inspirational: family/name sign home décor crossover
0813,MB1-0813,MOTHER 14,family & name,home decor and inspirational,,,family & name; home decor and inspirational,Yes,Home Décor & Inspirational: family/name sign home décor crossover
0814,MB1-0814,MOTHER 15,family & name,home decor and inspirational,,,family & name; home decor and inspirational,Yes,Home Décor & Inspirational: family/name sign home décor crossover
0815,MB1-0815,MOTHER 16,family & name,home decor and inspirational,,,family & name; home decor and inspirational,Yes,Home Décor & Inspirational: family/name sign home décor crossover
0816,MB1-0816,MOTHER 17,family & name,home decor and inspirational,,,family & name; home decor and inspirational,Yes,Home Décor & Inspirational: family/name sign home décor crossover
0817,MB1-0817,MOTHER 18,family & name,home decor and inspirational,,,family & name; home decor and inspirational,Yes,Home Décor & Inspirational: family/name sign home décor crossover
0818,MB1-0818,MOTHER 2,family & name,home decor and inspirational,,,family & name; home decor and inspirational,Yes,Home Décor & Inspirational: family/name sign home décor crossover
0819,MB1-0819,MOTHER 3,family & name,home decor and inspirational,,,family & name; home decor and inspirational,Yes,Home Décor & Inspirational: family/name sign home décor crossover
0820,MB1-0820,MOTHER 4,family & name,home decor and inspirational,,,family & name; home decor and inspirational,Yes,Home Décor & Inspirational: family/name sign home décor crossover
0821,MB1-0821,MOTHER 5,family & name,home decor and inspirational,,,family & name; home decor and inspirational,Yes,Home Décor & Inspirational: family/name sign home décor crossover
0822,MB1-0822,MOTHER 6,family & name,home decor and inspirational,,,family & name; home decor and inspirational,Yes,Home Décor & Inspirational: family/name sign home décor crossover
0823,MB1-0823,MOTHER 7,family & name,home decor and inspirational,,,family & name; home decor and inspirational,Yes,Home Décor & Inspirational: family/name sign home décor crossover
0824,MB1-0824,MOTHER 8,family & name,home decor and inspirational,,,family & name; home decor and inspirational,Yes,Home Décor & Inspirational: family/name sign home décor crossover
0825,MB1-0825,MOTHER 9,family & name,home decor and inspirational,,,family & name; home decor and inspirational,Yes,Home Décor & Inspirational: family/name sign home décor crossover
0827,MB1-0827,10 mm socket memorial,memorial and tribute,,,,memorial and tribute,Yes,
0828,MB1-0828,2 Koi 2 Lotus soft eyes,wildlife and outdoors,,,,wildlife and outdoors,No,
0829,MB1-0829,2 owls in tree,home decor and inspirational,,,,home decor and inspirational,No,
0830,MB1-0830,2 tattoo guns sign cut,sports and hobbies,,,,sports and hobbies,No,
0831,MB1-0831,2A Eagle,wildlife and outdoors,,,,wildlife and outdoors,No,
0832,MB1-0832,2A Shall Not Be Infringed,home decor and inspirational,,,,home decor and inspirational,No,
0833,MB1-0833,2AShallNotBeInfringed,home decor and inspirational,,,,home decor and inspirational,No,
0834,MB1-0834,3 Hearts,home decor and inspirational,,,,home decor and inspirational,No,
0835,MB1-0835,3 pumpkins large,seasonal and holiday,,,,seasonal and holiday,No,
0836,MB1-0836,4 Arrows,home decor and inspirational,,,,home decor and inspirational,No,
0842,MB1-0842,AR 15 rifle,sports and hobbies,,,,sports and hobbies,No,
0843,MB1-0843,Address Welcome Plaque,address and property,,,,address and property,Yes,
0846,MB1-0846,Always Do What You Love,home decor and inspirational,,,,home decor and inspirational,No,
0847,MB1-0847,Always and forever infinity,home decor and inspirational,,,,home decor and inspirational,No,
0848,MB1-0848,American Flag Saw,seasonal and holiday,,,,seasonal and holiday,No,
0852,MB1-0852,Angel,home decor and inspirational,,,,home decor and inspirational,No,
0853,MB1-0853,Arcade,sports and hobbies,,,,sports and hobbies,No,
0854,MB1-0854,Arrow Dream catcher,home decor and inspirational,,,,home decor and inspirational,No,
0855,MB1-0855,Atlas,home decor and inspirational,,,,home decor and inspirational,No,
0856,MB1-0856,BBQ Pig 2,sports and hobbies,farm and western,,,sports and hobbies; farm and western,No,Farm & Western: farm/western theme
0857,MB1-0857,BBQ Pig and utensils,sports and hobbies,farm and western,,,sports and hobbies; farm and western,No,Farm & Western: farm/western theme
0858,MB1-0858,BBQ Pig,sports and hobbies,farm and western,,,sports and hobbies; farm and western,No,Farm & Western: farm/western theme
0860,MB1-0860,Bar,sports and hobbies,,,,sports and hobbies,Yes,
0861,MB1-0861,Barb wire framed cross,home decor and inspirational,,,,home decor and inspirational,No,
0862,MB1-0862,Bed and Breakfast,home decor and inspirational,,,,home decor and inspirational,No,
0863,MB1-0863,Beef cuts,farm and western,,,,farm and western,No,
0864,MB1-0864,Beer Barrel,sports and hobbies,,,,sports and hobbies,No,
0865,MB1-0865,Beer Stein Shakespeare,sports and hobbies,,,,sports and hobbies,No,
0866,MB1-0866,Beer Tap Handle,sports and hobbies,,,,sports and hobbies,No,
0867,MB1-0867,Believe,home decor and inspirational,,,,home decor and inspirational,No,
0868,MB1-0868,Beware of dog,address and property,wildlife and outdoors,,,address and property; wildlife and outdoors,No,Wildlife & Outdoors: wildlife/outdoor theme
0869,MB1-0869,Biohazard skull,home decor and inspirational,,,,home decor and inspirational,No,
0870,MB1-0870,Blessed,home decor and inspirational,,,,home decor and inspirational,No,
0871,MB1-0871,Bought Not Built,home decor and inspirational,,,,home decor and inspirational,No,
0872,MB1-0872,Bride and Groom 2,wedding and events,family & name,home decor and inspirational,,wedding and events; family & name; home decor and inspirational,Yes,Family & Name: wedding personalization crossover | Home Décor & Inspirational: wedding keepsake/home décor crossover
0873,MB1-0873,Built Not Bought 2,home decor and inspirational,,,,home decor and inspirational,No,
0874,MB1-0874,Built Not Bought,home decor and inspirational,,,,home decor and inspirational,No,
0875,MB1-0875,Butterflies and heart,wildlife and outdoors,,,,wildlife and outdoors,No,
0878,MB1-0878,Camp oval,wildlife and outdoors,,,,wildlife and outdoors,No,
0879,MB1-0879,Camper name plate,wildlife and outdoors,family & name,,,wildlife and outdoors; family & name,No,Family & Name: monogram/name theme
0880,MB1-0880,Celtic heart Cross,home decor and inspirational,,,,home decor and inspirational,No,
0881,MB1-0881,Celtic tree of life,home decor and inspirational,,,,home decor and inspirational,No,
0883,MB1-0883,Chicken cuts,farm and western,,,,farm and western,No,
0884,MB1-0884,Christmas tree and truck,seasonal and holiday,garage and workshop,,,seasonal and holiday; garage and workshop,No,Garage & Workshop: garage/workshop theme
0885,MB1-0885,Christmas tree monogram,seasonal and holiday,family & name,,,seasonal and holiday; family & name,Yes,Family & Name: monogram/name theme; personalized seasonal crossover
0886,MB1-0886,Cigar Lounge Version 2,sports and hobbies,,,,sports and hobbies,No,
0887,MB1-0887,Cigar Lounge,sports and hobbies,,,,sports and hobbies,No,
0888,MB1-0888,Cigar and Bourbon,sports and hobbies,,,,sports and hobbies,No,
0889,MB1-0889,Clap board film strip,sports and hobbies,,,,sports and hobbies,No,
0890,MB1-0890,Coal Miner SKULL,home decor and inspirational,,,,home decor and inspirational,No,
0891,MB1-0891,Coffee Shop,home decor and inspirational,,,,home decor and inspirational,Yes,
0892,MB1-0892,Cold Beer served here,sports and hobbies,,,,sports and hobbies,No,
0893,MB1-0893,Copper Still,home decor and inspirational,,,,home decor and inspirational,No,
0894,MB1-0894,Country Kitchen,farm and western,,,,farm and western,No,
0895,MB1-0895,Cow skull Spears and Campfire,farm and western,wildlife and outdoors,,,farm and western; wildlife and outdoors,No,Wildlife & Outdoors: wildlife/outdoor theme; farm animal/outdoor crossover
0896,MB1-0896,Dads Garage,garage and workshop,,,,garage and workshop,Yes,
0897,MB1-0897,Dads Hangar,garage and workshop,,,,garage and workshop,Yes,
0898,MB1-0898,Dads Man cave,home decor and inspirational,,,,home decor and inspirational,Yes,
0899,MB1-0899,Dads Workshop,garage and workshop,,,,garage and workshop,Yes,
0900,MB1-0900,Dads garage arrow,garage and workshop,,,,garage and workshop,Yes,
0901,MB1-0901,Day of the dead girl,home decor and inspirational,,,,home decor and inspirational,No,
0902,MB1-0902,Deer Skull and Guns,wildlife and outdoors,,,,wildlife and outdoors,No,
0904,MB1-0904,Descendant of men,home decor and inspirational,,,,home decor and inspirational,No,
0905,MB1-0905,Dime,sports and hobbies,,,,sports and hobbies,No,
0906,MB1-0906,Diner design,home decor and inspirational,,,,home decor and inspirational,No,
0907,MB1-0907,Dirty Hands Clean Money Stick,home decor and inspirational,,,,home decor and inspirational,No,
0908,MB1-0908,Dirty Hands Clean Money Tig Torch,garage and workshop,,,,garage and workshop,No,
0909,MB1-0909,Dirty Hands Clean Money mig,garage and workshop,,,,garage and workshop,No,
0911,MB1-0911,Double Movie Ticket,sports and hobbies,,,,sports and hobbies,No,
0912,MB1-0912,Dragon,wildlife and outdoors,,,,wildlife and outdoors,No,
0913,MB1-0913,Dream Catcher Monogram frame,family & name,home decor and inspirational,,,family & name; home decor and inspirational,Yes,Home Décor & Inspirational: family/name sign home décor crossover
0914,MB1-0914,Dreamer,home decor and inspirational,,,,home decor and inspirational,No,
0915,MB1-0915,EPIC shit Basic people,home decor and inspirational,,,,home decor and inspirational,No,
0916,MB1-0916,Eagle Liberty Bell,wildlife and outdoors,,,,wildlife and outdoors,No,
0918,MB1-0918,Eagle head without frame,wildlife and outdoors,,,,wildlife and outdoors,No,
0919,MB1-0919,Eisenhower Silver Dollar,sports and hobbies,,,,sports and hobbies,No,
0920,MB1-0920,Elephant,wildlife and outdoors,,,,wildlife and outdoors,No,
0921,MB1-0921,End of the trail silhouette,farm and western,,,,farm and western,No,
0922,MB1-0922,End of the trail,farm and western,,,,farm and western,No,
0923,MB1-0923,Everythingstartswithadream,home decor and inspirational,,,,home decor and inspirational,No,
0924,MB1-0924,Faith and Family arrows,family & name,home decor and inspirational,,,family & name; home decor and inspirational,Yes,Home Décor & Inspirational: home décor/inspirational theme; family/name sign home décor crossover
0925,MB1-0925,Fall Truck,seasonal and holiday,garage and workshop,,,seasonal and holiday; garage and workshop,No,Garage & Workshop: garage/workshop theme
0926,MB1-0926,Fall milk jug,seasonal and holiday,,,,seasonal and holiday,No,
0927,MB1-0927,Fancy cross,home decor and inspirational,,,,home decor and inspirational,No,
0928,MB1-0928,Farm Fresh Bacon,farm and western,,,,farm and western,Yes,
0929,MB1-0929,Farm Fresh Beef,farm and western,,,,farm and western,Yes,
0930,MB1-0930,Farm Fresh Christmas trees,seasonal and holiday,farm and western,,,seasonal and holiday; farm and western,Yes,Farm & Western: farm/western theme
0931,MB1-0931,Farm Fresh Eggs,farm and western,,,,farm and western,Yes,
0932,MB1-0932,Farm Fresh,farm and western,,,,farm and western,Yes,
0933,MB1-0933,Farmers Market,farm and western,,,,farm and western,No,
0934,MB1-0934,Farmhouse,farm and western,,,,farm and western,Yes,
0935,MB1-0935,Fbomb Key Chain,home decor and inspirational,,,,home decor and inspirational,No,
0936,MB1-0936,Fbomb,home decor and inspirational,,,,home decor and inspirational,No,
0937,MB1-0937,Fifth Wheel name plaque,wildlife and outdoors,family & name,,,wildlife and outdoors; family & name,No,Family & Name: monogram/name theme
0938,MB1-0938,Fireman,memorial and tribute,,,,memorial and tribute,Yes,
0939,MB1-0939,Firemen Maltese cross,memorial and tribute,,,,memorial and tribute,Yes,
0940,MB1-0940,Fist and Piston,garage and workshop,,,,garage and workshop,No,
0941,MB1-0941,Fist and wrench,garage and workshop,,,,garage and workshop,No,
0942,MB1-0942,Fleur de lis,home decor and inspirational,,,,home decor and inspirational,No,
0943,MB1-0943,For Gentleman,home decor and inspirational,,,,home decor and inspirational,No,
0945,MB1-0945,Found Here After Dark,home decor and inspirational,,,,home decor and inspirational,No,
0946,MB1-0946,Free Body Piercings,home decor and inspirational,,,,home decor and inspirational,No,
0947,MB1-0947,Funny no tresspassing,address and property,,,,address and property,No,
0948,MB1-0948,Game Room Poker Chip and Dice,sports and hobbies,,,,sports and hobbies,No,
0949,MB1-0949,Gear Head,garage and workshop,,,,garage and workshop,No,
0951,MB1-0951,Good Beer Pour Decisions,sports and hobbies,,,,sports and hobbies,No,
0953,MB1-0953,Good things Hustle saw,home decor and inspirational,,,,home decor and inspirational,No,
0954,MB1-0954,Grandpas garage,garage and workshop,,,,garage and workshop,Yes,
0955,MB1-0955,Grateful,home decor and inspirational,,,,home decor and inspirational,No,
0956,MB1-0956,Graveyard scene,seasonal and holiday,,,,seasonal and holiday,No,
0957,MB1-0957,Grenade,sports and hobbies,,,,sports and hobbies,No,
0958,MB1-0958,Grind Execute Hustle,home decor and inspirational,,,,home decor and inspirational,No,
0959,MB1-0959,Guitar Monogram frame,sports and hobbies,family & name,,,sports and hobbies; family & name,Yes,Family & Name: monogram/name theme
0960,MB1-0960,Half Dollar,sports and hobbies,,,,sports and hobbies,No,
0961,MB1-0961,Happy Campers,home decor and inspirational,,,,home decor and inspirational,No,
0962,MB1-0962,Happy Fall Yall mason Jar,seasonal and holiday,,,,seasonal and holiday,No,
0963,MB1-0963,Happy Fall yall  plaque,seasonal and holiday,,,,seasonal and holiday,No,
0964,MB1-0964,Happy Valentines Day,seasonal and holiday,,,,seasonal and holiday,No,
0965,MB1-0965,Hear no Speak no See no 30 inch,home decor and inspirational,,,,home decor and inspirational,No,
0966,MB1-0966,Heart Tree with alt Border,home decor and inspirational,,,,home decor and inspirational,No,
0967,MB1-0967,Heart Tree with border,home decor and inspirational,,,,home decor and inspirational,No,
0968,MB1-0968,Heart and Dagger,home decor and inspirational,,,,home decor and inspirational,No,
0969,MB1-0969,Home,home decor and inspirational,,,,home decor and inspirational,No,
0970,MB1-0970,Horseshoe Welcome sign,farm and western,,,,farm and western,Yes,
0971,MB1-0971,Hot Rod Truck,garage and workshop,sports and hobbies,,,garage and workshop; sports and hobbies,No,Sports & Hobbies: sport/hobby theme
0972,MB1-0972,Hot Rod with flames,garage and workshop,sports and hobbies,,,garage and workshop; sports and hobbies,No,Sports & Hobbies: sport/hobby theme
0973,MB1-0973,Hot Rod,garage and workshop,sports and hobbies,,,garage and workshop; sports and hobbies,No,Sports & Hobbies: sport/hobby theme
0974,MB1-0974,Hot rod 2,garage and workshop,sports and hobbies,,,garage and workshop; sports and hobbies,No,Sports & Hobbies: sport/hobby theme
0975,MB1-0975,Hot rod front view,garage and workshop,sports and hobbies,,,garage and workshop; sports and hobbies,No,Sports & Hobbies: sport/hobby theme
0976,MB1-0976,Hunna Dolla Bill,home decor and inspirational,,,,home decor and inspirational,No,
0977,MB1-0977,Indian Chief,home decor and inspirational,,,,home decor and inspirational,No,
0978,MB1-0978,Infinity Monogram,family & name,home decor and inspirational,,,family & name; home decor and inspirational,Yes,Home Décor & Inspirational: home décor/inspirational theme; family/name sign home décor crossover
0979,MB1-0979,Intermission,home decor and inspirational,,,,home decor and inspirational,No,
0980,MB1-0980,Jesus Cross,home decor and inspirational,,,,home decor and inspirational,No,
0981,MB1-0981,Jesus Fish and crosses,wildlife and outdoors,,,,wildlife and outdoors,No,
0982,MB1-0982,Jesus Fish w Cross,wildlife and outdoors,,,,wildlife and outdoors,No,
0983,MB1-0983,Jesus Fish,wildlife and outdoors,,,,wildlife and outdoors,No,
0984,MB1-0984,Kick your boots off,home decor and inspirational,,,,home decor and inspirational,No,
0985,MB1-0985,Koi and lotus,wildlife and outdoors,,,,wildlife and outdoors,No,
0986,MB1-0986,Lady Liberty,seasonal and holiday,,,,seasonal and holiday,No,
0987,MB1-0987,Las Vegas Poker Chip and Dice,sports and hobbies,,,,sports and hobbies,No,
0988,MB1-0988,Laundry Loads of Fun,home decor and inspirational,,,,home decor and inspirational,No,
0989,MB1-0989,Laundry room dirty duds,home decor and inspirational,,,,home decor and inspirational,No,
0990,MB1-0990,Let_s Eat,home decor and inspirational,,,,home decor and inspirational,No,
0991,MB1-0991,Life gives you lemons,home decor and inspirational,,,,home decor and inspirational,No,
0992,MB1-0992,Lifes a beach surf board,beach and coastal,home decor and inspirational,lake house and nautical,,beach and coastal; home decor and inspirational; lake house and nautical,No,Home Décor & Inspirational: coastal home décor crossover | Lake House & Nautical: coastal/nautical crossover
0994,MB1-0994,Lineman Electrician skull,garage and workshop,,,,garage and workshop,No,
0995,MB1-0995,Lion Head,wildlife and outdoors,,,,wildlife and outdoors,No,
0996,MB1-0996,Live laugh poop,home decor and inspirational,,,,home decor and inspirational,No,
0997,MB1-0997,Love 420,home decor and inspirational,,,,home decor and inspirational,No,
0998,MB1-0998,Machinist Skull,garage and workshop,,,,garage and workshop,No,
1000,MB1-1000,Man Cave Poker Chip and Dice,sports and hobbies,,,,sports and hobbies,Yes,
1001,MB1-1001,Man Cave Saw blade,home decor and inspirational,garage and workshop,,,home decor and inspirational; garage and workshop,Yes,Garage & Workshop: garage/workshop theme
1005,MB1-1005,Marlin and Compass,lake house and nautical,home decor and inspirational,,,lake house and nautical; home decor and inspirational,No,Home Décor & Inspirational: lake/nautical home décor crossover
1006,MB1-1006,Mary Jane,home decor and inspirational,,,,home decor and inspirational,No,
1007,MB1-1007,Mary Janes killer chronic,home decor and inspirational,,,,home decor and inspirational,No,
1008,MB1-1008,Mechanic,garage and workshop,,,,garage and workshop,No,
1012,MB1-1012,Memorial Design Palatino Linotype font,memorial and tribute,,,,memorial and tribute,Yes,
1013,MB1-1013,Merry Christmas,seasonal and holiday,,,,seasonal and holiday,No,
1014,MB1-1014,Moms She Shed,home decor and inspirational,,,,home decor and inspirational,No,
1015,MB1-1015,Monogram Mason Jar,family & name,home decor and inspirational,,,family & name; home decor and inspirational,Yes,Home Décor & Inspirational: family/name sign home décor crossover
1016,MB1-1016,Monogram Round deco,family & name,home decor and inspirational,,,family & name; home decor and inspirational,Yes,Home Décor & Inspirational: family/name sign home décor crossover
1017,MB1-1017,Moon and back 18 x 18,home decor and inspirational,,,,home decor and inspirational,No,
1019,MB1-1019,Moon and back new,home decor and inspirational,,,,home decor and inspirational,No,
1020,MB1-1020,Moon to my Shine,home decor and inspirational,,,,home decor and inspirational,No,
1021,MB1-1021,Moon to my shine old,home decor and inspirational,,,,home decor and inspirational,No,
1022,MB1-1022,Moonshine in a Mason Jar,home decor and inspirational,,,,home decor and inspirational,No,
1023,MB1-1023,Movie Ticket,sports and hobbies,,,,sports and hobbies,No,
1024,MB1-1024,Mr _ Mrs wine glasses monogram,wedding and events,family & name,home decor and inspirational,,wedding and events; family & name; home decor and inspirational,Yes,Family & Name: monogram/name theme; wedding personalization crossover | Home Décor & Inspirational: wedding keepsake/home décor crossover
1025,MB1-1025,Mr _ Mrs,wedding and events,family & name,home decor and inspirational,,wedding and events; family & name; home decor and inspirational,Yes,Family & Name: wedding personalization crossover | Home Décor & Inspirational: wedding keepsake/home décor crossover
1026,MB1-1026,Mr and Mrs with Est,wedding and events,family & name,home decor and inspirational,,wedding and events; family & name; home decor and inspirational,Yes,Family & Name: wedding personalization crossover | Home Décor & Inspirational: wedding keepsake/home décor crossover
1027,MB1-1027,Name Sign Date Established Blank,family & name,home decor and inspirational,,,family & name; home decor and inspirational,Yes,Home Décor & Inspirational: family/name sign home décor crossover
1028,MB1-1028,Nautical compass roses,lake house and nautical,home decor and inspirational,,,lake house and nautical; home decor and inspirational,No,Home Décor & Inspirational: lake/nautical home décor crossover
1029,MB1-1029,No Pain No GainTattoo gun,sports and hobbies,,,,sports and hobbies,No,
1030,MB1-1030,No Trespassing target,address and property,,,,address and property,No,
1031,MB1-1031,No coffee no workee,home decor and inspirational,,,,home decor and inspirational,No,
1032,MB1-1032,North Carolina Roots,wildlife and outdoors,,,,wildlife and outdoors,No,
1033,MB1-1033,North Carolina home,home decor and inspirational,,,,home decor and inspirational,No,
1035,MB1-1035,North pole air mail,seasonal and holiday,,,,seasonal and holiday,No,
1037,MB1-1037,OLD GLORY,seasonal and holiday,,,,seasonal and holiday,No,
1038,MB1-1038,Octopus,wildlife and outdoors,,,,wildlife and outdoors,No,
1039,MB1-1039,Owl and Key,wildlife and outdoors,,,,wildlife and outdoors,No,
1040,MB1-1040,POW MIA Eagle 36 inch,wildlife and outdoors,,,,wildlife and outdoors,No,
1041,MB1-1041,Pantry,home decor and inspirational,,,,home decor and inspirational,No,
1042,MB1-1042,Papas Hangar,garage and workshop,,,,garage and workshop,Yes,
1043,MB1-1043,Papas Man Cave,home decor and inspirational,,,,home decor and inspirational,Yes,
1044,MB1-1044,Penny,sports and hobbies,,,,sports and hobbies,No,
1045,MB1-1045,Piston Skull,garage and workshop,,,,garage and workshop,No,
1046,MB1-1046,Piston and gear garage sign,garage and workshop,,,,garage and workshop,Yes,
1047,MB1-1047,Planchette,home decor and inspirational,,,,home decor and inspirational,No,
1049,MB1-1049,Pork cuts butchers diagram,farm and western,,,,farm and western,No,
1050,MB1-1050,Protected by the Lord and a Gun,sports and hobbies,address and property,,,sports and hobbies; address and property,No,Address & Property: property protection theme
1051,MB1-1051,Pumpkin 3,seasonal and holiday,,,,seasonal and holiday,No,
1052,MB1-1052,Pumpkin Monogram Frame,seasonal and holiday,family & name,,,seasonal and holiday; family & name,Yes,Family & Name: monogram/name theme; personalized seasonal crossover
1053,MB1-1053,Quarter pound,sports and hobbies,,,,sports and hobbies,No,
1056,MB1-1056,Rat Rod,garage and workshop,,,,garage and workshop,No,
1058,MB1-1058,Revelation 1911,home decor and inspirational,,,,home decor and inspirational,No,
1059,MB1-1059,Rock _ Roll Guitar,sports and hobbies,,,,sports and hobbies,No,
1060,MB1-1060,Rose and skull design,home decor and inspirational,,,,home decor and inspirational,No,
1061,MB1-1061,Route 66 Bullet Holes,home decor and inspirational,,,,home decor and inspirational,No,
1062,MB1-1062,Route 66,home decor and inspirational,,,,home decor and inspirational,No,
1064,MB1-1064,SKULBULB,home decor and inspirational,,,,home decor and inspirational,No,
1065,MB1-1065,Santa Skull,seasonal and holiday,,,,seasonal and holiday,No,
1066,MB1-1066,Sawdust is man glitter,garage and workshop,,,,garage and workshop,No,
1067,MB1-1067,Scroll cross,home decor and inspirational,,,,home decor and inspirational,No,
1068,MB1-1068,Semi front end,garage and workshop,,,,garage and workshop,No,
1069,MB1-1069,Semi,garage and workshop,,,,garage and workshop,No,
1070,MB1-1070,She Shed saw blade,home decor and inspirational,garage and workshop,,,home decor and inspirational; garage and workshop,No,Garage & Workshop: garage/workshop theme
1071,MB1-1071,Ships wheel and rope,lake house and nautical,home decor and inspirational,,,lake house and nautical; home decor and inspirational,No,Home Décor & Inspirational: lake/nautical home décor crossover
1072,MB1-1072,Shoot your local,home decor and inspirational,,,,home decor and inspirational,No,
1073,MB1-1073,Shotgun skeleton,sports and hobbies,,,,sports and hobbies,No,
1074,MB1-1074,Show Stock,home decor and inspirational,,,,home decor and inspirational,No,
1076,MB1-1076,Skeleton guitarist with cowboy hat,farm and western,,,,farm and western,No,
1077,MB1-1077,Smash Your Goals,home decor and inspirational,,,,home decor and inspirational,No,
1080,MB1-1080,Spark Plug Bomber Girl,garage and workshop,,,,garage and workshop,No,
1081,MB1-1081,Speed Shop 2,home decor and inspirational,garage and workshop,,,home decor and inspirational; garage and workshop,Yes,Garage & Workshop: garage/workshop theme
1082,MB1-1082,Speed Shop,home decor and inspirational,garage and workshop,,,home decor and inspirational; garage and workshop,Yes,Garage & Workshop: garage/workshop theme
1083,MB1-1083,Spirit Board,home decor and inspirational,,,,home decor and inspirational,No,
1084,MB1-1084,Spirit board planchette,home decor and inspirational,,,,home decor and inspirational,No,
1085,MB1-1085,Stand for the flag kneel for the cross 3 layer,seasonal and holiday,,,,seasonal and holiday,No,
1086,MB1-1086,Stand for the flag kneel for the cross single layer,seasonal and holiday,,,,seasonal and holiday,No,
1087,MB1-1087,Steampunk Garage,garage and workshop,,,,garage and workshop,Yes,
1088,MB1-1088,Still Gonna Send It,home decor and inspirational,,,,home decor and inspirational,No,
1089,MB1-1089,Sun 1,home decor and inspirational,,,,home decor and inspirational,No,
1090,MB1-1090,Sun 10,home decor and inspirational,,,,home decor and inspirational,No,
1091,MB1-1091,Sun 11,home decor and inspirational,,,,home decor and inspirational,No,
1092,MB1-1092,Sun 12,home decor and inspirational,,,,home decor and inspirational,No,
1093,MB1-1093,Sun 2,home decor and inspirational,,,,home decor and inspirational,No,
1094,MB1-1094,Sun 3,home decor and inspirational,,,,home decor and inspirational,No,
1095,MB1-1095,Sun 4,home decor and inspirational,,,,home decor and inspirational,No,
1096,MB1-1096,Sun 5,home decor and inspirational,,,,home decor and inspirational,No,
1097,MB1-1097,Sun 6(1),home decor and inspirational,,,,home decor and inspirational,No,
1098,MB1-1098,Sun 6,home decor and inspirational,,,,home decor and inspirational,No,
1099,MB1-1099,Sun 7(1),home decor and inspirational,,,,home decor and inspirational,No,
1100,MB1-1100,Sun 7,home decor and inspirational,,,,home decor and inspirational,No,
1101,MB1-1101,Sun 8(1),home decor and inspirational,,,,home decor and inspirational,No,
1102,MB1-1102,Sun 8,home decor and inspirational,,,,home decor and inspirational,No,
1103,MB1-1103,Sun 9,home decor and inspirational,,,,home decor and inspirational,No,
1104,MB1-1104,Sun and Moon,home decor and inspirational,,,,home decor and inspirational,No,
1105,MB1-1105,Sun and moon 2,home decor and inspirational,,,,home decor and inspirational,No,
1106,MB1-1106,Sun and the moon,home decor and inspirational,,,,home decor and inspirational,No,
1107,MB1-1107,Sunflowers 2 layer,home decor and inspirational,,,,home decor and inspirational,No,
1108,MB1-1108,Sunflowers,home decor and inspirational,,,,home decor and inspirational,No,
1109,MB1-1109,Super Bee Single Layer,wildlife and outdoors,,,,wildlife and outdoors,No,
1110,MB1-1110,Tactical skeleton,sports and hobbies,,,,sports and hobbies,No,
1112,MB1-1112,Tattoo Removal,sports and hobbies,,,,sports and hobbies,No,
1113,MB1-1113,Tattoo birds couple,sports and hobbies,wildlife and outdoors,,,sports and hobbies; wildlife and outdoors,No,Wildlife & Outdoors: wildlife/outdoor theme
1114,MB1-1114,Tattoo shop,sports and hobbies,,,,sports and hobbies,Yes,
1115,MB1-1115,Texas Bottle opener,home decor and inspirational,,,,home decor and inspirational,No,
1117,MB1-1117,Thankful,home decor and inspirational,,,,home decor and inspirational,No,
1118,MB1-1118,The Forge,garage and workshop,,,,garage and workshop,No,
1119,MB1-1119,The General Store,home decor and inspirational,,,,home decor and inspirational,No,
1120,MB1-1120,The Queen of hearts,home decor and inspirational,,,,home decor and inspirational,No,
1121,MB1-1121,The mountains are calling,wildlife and outdoors,,,,wildlife and outdoors,No,
1122,MB1-1122,Theater masks,sports and hobbies,,,,sports and hobbies,No,
1123,MB1-1123,Theater,sports and hobbies,,,,sports and hobbies,No,
1124,MB1-1124,Theatre Now Showing,sports and hobbies,,,,sports and hobbies,No,
1125,MB1-1125,Theres no place like home,home decor and inspirational,,,,home decor and inspirational,No,
1126,MB1-1126,Tiki mask,beach and coastal,home decor and inspirational,lake house and nautical,,beach and coastal; home decor and inspirational; lake house and nautical,No,Home Décor & Inspirational: coastal home décor crossover | Lake House & Nautical: coastal/nautical crossover
1127,MB1-1127,Till Death skulls,home decor and inspirational,,,,home decor and inspirational,No,
1128,MB1-1128,Tomahawks,home decor and inspirational,,,,home decor and inspirational,No,
1129,MB1-1129,Toon truck with tree,home decor and inspirational,garage and workshop,,,home decor and inspirational; garage and workshop,No,Garage & Workshop: garage/workshop theme
1130,MB1-1130,Tree cross,home decor and inspirational,,,,home decor and inspirational,No,
1131,MB1-1131,Trespassers,home decor and inspirational,,,,home decor and inspirational,No,
1132,MB1-1132,Tribal angel,home decor and inspirational,,,,home decor and inspirational,No,
1133,MB1-1133,Trophy backplate,sports and hobbies,,,,sports and hobbies,Yes,
1151,MB1-1151,Truss Bar 2x6 doubled cross beam,sports and hobbies,,,,sports and hobbies,Yes,
1152,MB1-1152,Truss Beam Table template,home decor and inspirational,,,,home decor and inspirational,No,
1153,MB1-1153,Truss desk 2x6 doubled cross beam,home decor and inspirational,,,,home decor and inspirational,No,
1154,MB1-1154,Turkey Monogram,family & name,home decor and inspirational,wildlife and outdoors,,family & name; home decor and inspirational; wildlife and outdoors,Yes,Home Décor & Inspirational: family/name sign home décor crossover | Wildlife & Outdoors: wildlife/outdoor theme
1155,MB1-1155,Turtle in Compass,lake house and nautical,home decor and inspirational,,,lake house and nautical; home decor and inspirational,No,Home Décor & Inspirational: lake/nautical home décor crossover
1156,MB1-1156,Tyranny and Rebellion,home decor and inspirational,,,,home decor and inspirational,No,
1168,MB1-1168,Vintage sign design 1,home decor and inspirational,,,,home decor and inspirational,No,
1169,MB1-1169,Vintage sign design 2,home decor and inspirational,,,,home decor and inspirational,No,
1170,MB1-1170,Vintage sign design 3,home decor and inspirational,,,,home decor and inspirational,No,
1171,MB1-1171,Vintage sign design 4,home decor and inspirational,,,,home decor and inspirational,No,
1172,MB1-1172,Vintage sign design 5,home decor and inspirational,,,,home decor and inspirational,No,
1173,MB1-1173,War Room back plate,home decor and inspirational,,,,home decor and inspirational,No,
1174,MB1-1174,War Room,home decor and inspirational,,,,home decor and inspirational,No,
1175,MB1-1175,Warning you are now in range,address and property,,,,address and property,No,
1177,MB1-1177,We Dont Dial 911 AR,home decor and inspirational,,,,home decor and inspirational,No,
1178,MB1-1178,We The People 1776 plaque,seasonal and holiday,,,,seasonal and holiday,No,
1179,MB1-1179,We The People US Outline,seasonal and holiday,,,,seasonal and holiday,No,
1180,MB1-1180,We The People shield,seasonal and holiday,,,,seasonal and holiday,No,
1181,MB1-1181,Wedding Tree of life curly List,wedding and events,home decor and inspirational,family & name,,wedding and events; home decor and inspirational; family & name,Yes,Home Décor & Inspirational: home décor/inspirational theme; wedding keepsake/home décor crossover | Family & Name: wedding personalization crossover
1182,MB1-1182,Wedding rings,wedding and events,family & name,home decor and inspirational,,wedding and events; family & name; home decor and inspirational,Yes,Family & Name: wedding personalization crossover | Home Décor & Inspirational: wedding keepsake/home décor crossover
1183,MB1-1183,Weed the people US outline,home decor and inspirational,,,,home decor and inspirational,No,
1184,MB1-1184,WeedEyesSugarSkull,home decor and inspirational,,,,home decor and inspirational,No,
1185,MB1-1185,WeedThePeople,home decor and inspirational,,,,home decor and inspirational,No,
1186,MB1-1186,Welcome Guitar,sports and hobbies,,,,sports and hobbies,Yes,
1187,MB1-1187,Welcome Saw Blade,home decor and inspirational,garage and workshop,,,home decor and inspirational; garage and workshop,Yes,Garage & Workshop: garage/workshop theme
1188,MB1-1188,Welcome Sign,home decor and inspirational,,,,home decor and inspirational,Yes,
1189,MB1-1189,Welcome Star,home decor and inspirational,,,,home decor and inspirational,Yes,
1190,MB1-1190,Welding helmet,sports and hobbies,,,,sports and hobbies,No,
1191,MB1-1191,What would you do if you could not fail,home decor and inspirational,,,,home decor and inspirational,No,
1192,MB1-1192,Wine bottle and glass,sports and hobbies,,,,sports and hobbies,No,
1193,MB1-1193,Wing cross,home decor and inspirational,,,,home decor and inspirational,No,
1194,MB1-1194,Winners trophy and Banner,sports and hobbies,,,,sports and hobbies,Yes,
1195,MB1-1195,Winners trophy,sports and hobbies,,,,sports and hobbies,Yes,
1196,MB1-1196,Wooden Spoon Survivor,home decor and inspirational,,,,home decor and inspirational,No,
1197,MB1-1197,Work Hard stay humble,home decor and inspirational,,,,home decor and inspirational,No,
1198,MB1-1198,Worlds Greatest Dad Trophy,sports and hobbies,family & name,,,sports and hobbies; family & name,Yes,Family & Name: family relationship theme
1199,MB1-1199,Worlds Greatest Mom Trophy,sports and hobbies,family & name,,,sports and hobbies; family & name,Yes,Family & Name: family relationship theme
1201,MB1-1201,Yin and Yang Tree,home decor and inspirational,,,,home decor and inspirational,No,
1202,MB1-1202,You And Me infinity,home decor and inspirational,,,,home decor and inspirational,No,
1203,MB1-1203,You Are Here target,address and property,,,,address and property,No,
1204,MB1-1204,Zebra skull,wildlife and outdoors,,,,wildlife and outdoors,No,
1206,MB1-1206,bearded skull,home decor and inspirational,,,,home decor and inspirational,No,
1207,MB1-1207,bee,wildlife and outdoors,,,,wildlife and outdoors,No,
1208,MB1-1208,cant knock the hustle,home decor and inspirational,,,,home decor and inspirational,No,
1209,MB1-1209,corner coffee shop,home decor and inspirational,,,,home decor and inspirational,Yes,
1210,MB1-1210,cowboy skull and guns,farm and western,,,,farm and western,No,
1211,MB1-1211,cowboy skull,farm and western,,,,farm and western,No,
1212,MB1-1212,cross cut saw,home decor and inspirational,,,,home decor and inspirational,No,
1213,MB1-1213,dead and breakfast with stake,home decor and inspirational,,,,home decor and inspirational,No,
1214,MB1-1214,dead and breakfast,home decor and inspirational,,,,home decor and inspirational,No,
1215,MB1-1215,deer,wildlife and outdoors,,,,wildlife and outdoors,No,
1216,MB1-1216,dice cherries,sports and hobbies,,,,sports and hobbies,No,
1217,MB1-1217,dragon circle,wildlife and outdoors,,,,wildlife and outdoors,No,
1218,MB1-1218,gather,home decor and inspirational,,,,home decor and inspirational,No,
1219,MB1-1219,gun flag,sports and hobbies,,,,sports and hobbies,No,
1220,MB1-1220,hear no speak no see no,home decor and inspirational,,,,home decor and inspirational,No,
1221,MB1-1221,heart and rings,home decor and inspirational,,,,home decor and inspirational,No,
1222,MB1-1222,highway 420 pot leafs small,home decor and inspirational,,,,home decor and inspirational,No,
1223,MB1-1223,highway 420 pot leafs,home decor and inspirational,,,,home decor and inspirational,No,
1224,MB1-1224,ironworker,garage and workshop,,,,garage and workshop,No,
1225,MB1-1225,jukebox,sports and hobbies,,,,sports and hobbies,No,
1226,MB1-1226,light house and wheel,lake house and nautical,home decor and inspirational,,,lake house and nautical; home decor and inspirational,No,Home Décor & Inspirational: lake/nautical home décor crossover
1227,MB1-1227,lion sugar skull,wildlife and outdoors,,,,wildlife and outdoors,No,
1228,MB1-1228,love heart,home decor and inspirational,,,,home decor and inspirational,No,
1229,MB1-1229,love paw,home decor and inspirational,,,,home decor and inspirational,No,
1230,MB1-1230,love quote,home decor and inspirational,,,,home decor and inspirational,No,
1231,MB1-1231,made in usa,seasonal and holiday,,,,seasonal and holiday,No,
1232,MB1-1232,mistletoe,seasonal and holiday,,,,seasonal and holiday,No,
1233,MB1-1233,monogram Round Fleur,family & name,home decor and inspirational,,,family & name; home decor and inspirational,Yes,Home Décor & Inspirational: home décor/inspirational theme; family/name sign home décor crossover
1234,MB1-1234,motor home with name plaque,family & name,home decor and inspirational,,,family & name; home decor and inspirational,Yes,Home Décor & Inspirational: home décor/inspirational theme; family/name sign home décor crossover
1236,MB1-1236,north pole post,seasonal and holiday,,,,seasonal and holiday,No,
1237,MB1-1237,olive tree of life,home decor and inspirational,,,,home decor and inspirational,No,
1238,MB1-1238,popcorn,sports and hobbies,,,,sports and hobbies,No,
1239,MB1-1239,quarter,sports and hobbies,,,,sports and hobbies,No,
1240,MB1-1240,reindeer,seasonal and holiday,,,,seasonal and holiday,No,
1241,MB1-1241,rooster wind vane,farm and western,wildlife and outdoors,,,farm and western; wildlife and outdoors,No,Wildlife & Outdoors: wildlife/outdoor theme; farm animal/outdoor crossover
1242,MB1-1242,scroll monogram,family & name,home decor and inspirational,,,family & name; home decor and inspirational,Yes,Home Décor & Inspirational: home décor/inspirational theme; family/name sign home décor crossover
1243,MB1-1243,sugar bull skull,farm and western,,,,farm and western,No,
1245,MB1-1245,walleye Hunter,sports and hobbies,wildlife and outdoors,,,sports and hobbies; wildlife and outdoors,No,Wildlife & Outdoors: wildlife/outdoor theme; outdoor sport crossover
1246,MB1-1246,welding helmet 2,sports and hobbies,,,,sports and hobbies,No,
1247,MB1-1247,windmill monogram,family & name,home decor and inspirational,,,family & name; home decor and inspirational,Yes,Home Décor & Inspirational: family/name sign home décor crossover
1248,MB1-1248,ALL MAD HERE,home decor and inspirational,,,,home decor and inspirational,No,
1249,MB1-1249,Beer Served Here Key Football,sports and hobbies,,,,sports and hobbies,Yes,
1250,MB1-1250,Beer Served Here Key Helmet,sports and hobbies,,,,sports and hobbies,No,
1251,MB1-1251,Beer Served Here Key,sports and hobbies,,,,sports and hobbies,No,
1252,MB1-1252,DIRTY HANDS CLEAN MONEY PISTON,garage and workshop,,,,garage and workshop,No,
1253,MB1-1253,EAGLE USA FLAG,seasonal and holiday,wildlife and outdoors,,,seasonal and holiday; wildlife and outdoors,No,Wildlife & Outdoors: wildlife/outdoor theme
1254,MB1-1254,GARAGE RETRO SIGN,garage and workshop,,,,garage and workshop,Yes,
1259,MB1-1259,KISS MY BASS OVAL,wildlife and outdoors,,,,wildlife and outdoors,No,
1260,MB1-1260,OVAL US FLAG EAGLE,seasonal and holiday,wildlife and outdoors,,,seasonal and holiday; wildlife and outdoors,No,Wildlife & Outdoors: wildlife/outdoor theme
1261,MB1-1261,PROTECTED BY AR-15,address and property,,,,address and property,No,
1262,MB1-1262,PROTECTED BY THE LORD,home decor and inspirational,,,,home decor and inspirational,No,
1263,MB1-1263,SAW BLADE HORSE,farm and western,wildlife and outdoors,garage and workshop,,farm and western; wildlife and outdoors; garage and workshop,No,Wildlife & Outdoors: wildlife/outdoor theme; farm animal/outdoor crossover | Garage & Workshop: garage/workshop theme
1264,MB1-1264,Sewing room,sports and hobbies,,,,sports and hobbies,No,
1265,MB1-1265,Skull Calavera Pistolera,home decor and inspirational,,,,home decor and inspirational,No,
1266,MB1-1266,Smokin Barrel Sign,home decor and inspirational,,,,home decor and inspirational,No,
1267,MB1-1267,TIKI BAR MONKEY,sports and hobbies,beach and coastal,,,sports and hobbies; beach and coastal,Yes,Beach & Coastal: beach/coastal theme
1268,MB1-1268,VINTAGE CAR FRONT END,garage and workshop,,,,garage and workshop,No,
1269,MB1-1269,antler deer,wildlife and outdoors,,,,wildlife and outdoors,No,
1270,MB1-1270,beach view firepit welcome sign ,beach and coastal,home decor and inspirational,lake house and nautical,,beach and coastal; home decor and inspirational; lake house and nautical,Yes,Home Décor & Inspirational: home décor/inspirational theme; coastal home décor crossover | Lake House & Nautical: coastal/nautical crossover
1271,MB1-1271,birds welcome sign,home decor and inspirational,wildlife and outdoors,,,home decor and inspirational; wildlife and outdoors,Yes,Wildlife & Outdoors: wildlife/outdoor theme
1272,MB1-1272,boots & dogs ,home decor and inspirational,,,,home decor and inspirational,No,
1273,MB1-1273,bull dog trespassers ,farm and western,wildlife and outdoors,,,farm and western; wildlife and outdoors,No,Wildlife & Outdoors: wildlife/outdoor theme; farm animal/outdoor crossover
1274,MB1-1274,bulldog head,home decor and inspirational,,,,home decor and inspirational,No,
1275,MB1-1275,cheap fast quality sign,home decor and inspirational,,,,home decor and inspirational,No,
1276,MB1-1276,eagle triangle mountain,wildlife and outdoors,,,,wildlife and outdoors,No,
1277,MB1-1277,fence warning sign,address and property,,,,address and property,No,
1278,MB1-1278,fish us flag,seasonal and holiday,wildlife and outdoors,,,seasonal and holiday; wildlife and outdoors,No,Wildlife & Outdoors: wildlife/outdoor theme
1279,MB1-1279,go away gnome,home decor and inspirational,,,,home decor and inspirational,No,
1281,MB1-1281,home sweet home ,home decor and inspirational,,,,home decor and inspirational,No,
1282,MB1-1282,home sweet home 2,home decor and inspirational,,,,home decor and inspirational,No,
1283,MB1-1283,hummingbird,wildlife and outdoors,,,,wildlife and outdoors,No,
1285,MB1-1285,journey lineman,home decor and inspirational,,,,home decor and inspirational,No,
1286,MB1-1286,journeyman lineman,home decor and inspirational,,,,home decor and inspirational,No,
1287,MB1-1287,las vegas welcome sign ,home decor and inspirational,,,,home decor and inspirational,Yes,
1288,MB1-1288,number one eagle usa 1,seasonal and holiday,wildlife and outdoors,,,seasonal and holiday; wildlife and outdoors,No,Wildlife & Outdoors: wildlife/outdoor theme
1289,MB1-1289,number one eagle usa 2,seasonal and holiday,wildlife and outdoors,,,seasonal and holiday; wildlife and outdoors,No,Wildlife & Outdoors: wildlife/outdoor theme
1290,MB1-1290,number one skull flowers,home decor and inspirational,,,,home decor and inspirational,No,
1291,MB1-1291,phoenix,wildlife and outdoors,,,,wildlife and outdoors,No,
1292,MB1-1292,pool shark,sports and hobbies,,,,sports and hobbies,No,
1295,MB1-1295,skull biohazard,home decor and inspirational,,,,home decor and inspirational,No,
1297,MB1-1297,skull wings,home decor and inspirational,,,,home decor and inspirational,No,
1298,MB1-1298,snake sign,home decor and inspirational,,,,home decor and inspirational,No,
1299,MB1-1299,stone firepit monogram welcome,family & name,home decor and inspirational,,,family & name; home decor and inspirational,Yes,Home Décor & Inspirational: home décor/inspirational theme; family/name sign home décor crossover
1300,MB1-1300,weed it and reap,home decor and inspirational,,,,home decor and inspirational,No,
1301,MB1-1301,welcome to our home flowers,home decor and inspirational,,,,home decor and inspirational,Yes,
1302,MB1-1302,x3 life,home decor and inspirational,,,,home decor and inspirational,No,
1316,MB1-1316,Wall clock Skull stars,home decor and inspirational,,,,home decor and inspirational,No,
1350,MB1-1350,CAR 1,home decor and inspirational,garage and workshop,,,home decor and inspirational; garage and workshop,No,Garage & Workshop: garage/workshop theme
1351,MB1-1351,CAR 10,home decor and inspirational,garage and workshop,,,home decor and inspirational; garage and workshop,No,Garage & Workshop: garage/workshop theme
1352,MB1-1352,CAR 11,home decor and inspirational,garage and workshop,,,home decor and inspirational; garage and workshop,No,Garage & Workshop: garage/workshop theme
1353,MB1-1353,CAR 12,home decor and inspirational,garage and workshop,,,home decor and inspirational; garage and workshop,No,Garage & Workshop: garage/workshop theme
1354,MB1-1354,CAR 13 SVG LASER,home decor and inspirational,garage and workshop,,,home decor and inspirational; garage and workshop,No,Garage & Workshop: garage/workshop theme
1355,MB1-1355,CAR 13 SVG PLASMA,home decor and inspirational,garage and workshop,,,home decor and inspirational; garage and workshop,No,Garage & Workshop: garage/workshop theme
1356,MB1-1356,CAR 14 SVG LASER,home decor and inspirational,garage and workshop,,,home decor and inspirational; garage and workshop,No,Garage & Workshop: garage/workshop theme
1357,MB1-1357,CAR 14 SVG PLASMA,home decor and inspirational,garage and workshop,,,home decor and inspirational; garage and workshop,No,Garage & Workshop: garage/workshop theme
1358,MB1-1358,CAR 2,home decor and inspirational,garage and workshop,,,home decor and inspirational; garage and workshop,No,Garage & Workshop: garage/workshop theme
1359,MB1-1359,CAR 3,home decor and inspirational,garage and workshop,,,home decor and inspirational; garage and workshop,No,Garage & Workshop: garage/workshop theme
1360,MB1-1360,CAR 4,home decor and inspirational,garage and workshop,,,home decor and inspirational; garage and workshop,No,Garage & Workshop: garage/workshop theme
1361,MB1-1361,CAR 5,home decor and inspirational,garage and workshop,,,home decor and inspirational; garage and workshop,No,Garage & Workshop: garage/workshop theme
1362,MB1-1362,CAR 6,home decor and inspirational,garage and workshop,,,home decor and inspirational; garage and workshop,No,Garage & Workshop: garage/workshop theme
1363,MB1-1363,CAR 7,home decor and inspirational,garage and workshop,,,home decor and inspirational; garage and workshop,No,Garage & Workshop: garage/workshop theme
1364,MB1-1364,CAR 8,home decor and inspirational,garage and workshop,,,home decor and inspirational; garage and workshop,No,Garage & Workshop: garage/workshop theme
1365,MB1-1365,CAR 9,home decor and inspirational,garage and workshop,,,home decor and inspirational; garage and workshop,No,Garage & Workshop: garage/workshop theme
1366,MB1-1366,1776,seasonal and holiday,,,,seasonal and holiday,No,
1388,MB1-1388,CROSS 1,home decor and inspirational,,,,home decor and inspirational,No,
1389,MB1-1389,CROSS QUOTE 2,home decor and inspirational,,,,home decor and inspirational,No,
1390,MB1-1390,CROSS QUOTE,home decor and inspirational,,,,home decor and inspirational,No,
1391,MB1-1391,FAITH CROSS,home decor and inspirational,,,,home decor and inspirational,No,
1392,MB1-1392,FAITH LOVE HOPE,home decor and inspirational,,,,home decor and inspirational,No,
1393,MB1-1393,GOD IS GOOD,home decor and inspirational,,,,home decor and inspirational,No,
1394,MB1-1394,JESUS 1,home decor and inspirational,,,,home decor and inspirational,No,
1395,MB1-1395,JESUS 2,home decor and inspirational,,,,home decor and inspirational,No,
1396,MB1-1396,JESUS 3,home decor and inspirational,,,,home decor and inspirational,No,
1397,MB1-1397,JESUS 4,home decor and inspirational,,,,home decor and inspirational,No,
1398,MB1-1398,JESUS 5,home decor and inspirational,,,,home decor and inspirational,No,
1399,MB1-1399,JESUS 6,home decor and inspirational,,,,home decor and inspirational,No,
1401,MB1-1401,JESUS IS MY ANCHOR,lake house and nautical,beach and coastal,home decor and inspirational,,lake house and nautical; beach and coastal; home decor and inspirational,No,Beach & Coastal: nautical/coastal crossover | Home Décor & Inspirational: lake/nautical home décor crossover
1402,MB1-1402,JESUS IS THE REASON,home decor and inspirational,,,,home decor and inspirational,No,
1403,MB1-1403,SIMPLE FLAG 1,seasonal and holiday,,,,seasonal and holiday,No,
1404,MB1-1404,SIMPLE FLAG 2,seasonal and holiday,,,,seasonal and holiday,No,
1405,MB1-1405,SIMPLE FLAG 3,seasonal and holiday,,,,seasonal and holiday,No,
1406,MB1-1406,SIMPLE FLAG 4,seasonal and holiday,,,,seasonal and holiday,No,
1407,MB1-1407,SIMPLE FLAG 5,seasonal and holiday,,,,seasonal and holiday,No,
1408,MB1-1408,2Geckos,home decor and inspirational,,,,home decor and inspirational,No,
1409,MB1-1409,2IndianPots,home decor and inspirational,,,,home decor and inspirational,No,
1410,MB1-1410,2gegkosSun,home decor and inspirational,,,,home decor and inspirational,No,
1411,MB1-1411,Funkysun,home decor and inspirational,,,,home decor and inspirational,No,
1412,MB1-1412,Gekko ,wildlife and outdoors,,,,wildlife and outdoors,No,
1413,MB1-1413,IndianBirdFetish,home decor and inspirational,,,,home decor and inspirational,No,
1414,MB1-1414,IndianTurtle2,home decor and inspirational,,,,home decor and inspirational,No,
1415,MB1-1415,IndianTurtle3,home decor and inspirational,,,,home decor and inspirational,No,
1416,MB1-1416,Kokapel15 ,farm and western,,,,farm and western,No,
1417,MB1-1417,Kokapeli,farm and western,,,,farm and western,No,
1418,MB1-1418,Kokop2,farm and western,,,,farm and western,No,
1419,MB1-1419,SantaFeSun,home decor and inspirational,,,,home decor and inspirational,No,
1420,MB1-1420,SpirtSun,home decor and inspirational,,,,home decor and inspirational,No,
1421,MB1-1421,gecko5,home decor and inspirational,,,,home decor and inspirational,No,
1422,MB1-1422,indianbear,farm and western,,,,farm and western,No,
1423,MB1-1423,kieva dancers,farm and western,,,,farm and western,No,
1424,MB1-1424,kokaSunBurst,farm and western,,,,farm and western,No,
1425,MB1-1425,kokap3aa,farm and western,,,,farm and western,No,
1426,MB1-1426,koko,farm and western,,,,farm and western,No,
1427,MB1-1427,spirtbear,farm and western,,,,farm and western,No,
1428,MB1-1428,vectorkokopeli,home decor and inspirational,,,,home decor and inspirational,No,
1429,MB1-1429,SPLIT MONOGRAM 1,family & name,home decor and inspirational,,,family & name; home decor and inspirational,Yes,Home Décor & Inspirational: family/name sign home décor crossover
1430,MB1-1430,SPLIT MONOGRAM 10,family & name,home decor and inspirational,,,family & name; home decor and inspirational,Yes,Home Décor & Inspirational: family/name sign home décor crossover
1431,MB1-1431,SPLIT MONOGRAM 11,family & name,home decor and inspirational,,,family & name; home decor and inspirational,Yes,Home Décor & Inspirational: family/name sign home décor crossover
1432,MB1-1432,SPLIT MONOGRAM 12,family & name,home decor and inspirational,,,family & name; home decor and inspirational,Yes,Home Décor & Inspirational: family/name sign home décor crossover
1433,MB1-1433,SPLIT MONOGRAM 13,family & name,home decor and inspirational,,,family & name; home decor and inspirational,Yes,Home Décor & Inspirational: family/name sign home décor crossover
1434,MB1-1434,SPLIT MONOGRAM 14,family & name,home decor and inspirational,,,family & name; home decor and inspirational,Yes,Home Décor & Inspirational: family/name sign home décor crossover
1435,MB1-1435,SPLIT MONOGRAM 15,family & name,home decor and inspirational,,,family & name; home decor and inspirational,Yes,Home Décor & Inspirational: family/name sign home décor crossover
1436,MB1-1436,SPLIT MONOGRAM 16,family & name,home decor and inspirational,,,family & name; home decor and inspirational,Yes,Home Décor & Inspirational: family/name sign home décor crossover
1437,MB1-1437,SPLIT MONOGRAM 17,family & name,home decor and inspirational,,,family & name; home decor and inspirational,Yes,Home Décor & Inspirational: family/name sign home décor crossover
1438,MB1-1438,SPLIT MONOGRAM 18,family & name,home decor and inspirational,,,family & name; home decor and inspirational,Yes,Home Décor & Inspirational: family/name sign home décor crossover
1439,MB1-1439,SPLIT MONOGRAM 19,family & name,home decor and inspirational,,,family & name; home decor and inspirational,Yes,Home Décor & Inspirational: family/name sign home décor crossover
1440,MB1-1440,SPLIT MONOGRAM 2,family & name,home decor and inspirational,,,family & name; home decor and inspirational,Yes,Home Décor & Inspirational: family/name sign home décor crossover
1441,MB1-1441,SPLIT MONOGRAM 20,family & name,home decor and inspirational,,,family & name; home decor and inspirational,Yes,Home Décor & Inspirational: family/name sign home décor crossover
1442,MB1-1442,SPLIT MONOGRAM 21,family & name,home decor and inspirational,,,family & name; home decor and inspirational,Yes,Home Décor & Inspirational: family/name sign home décor crossover
1443,MB1-1443,SPLIT MONOGRAM 22,family & name,home decor and inspirational,,,family & name; home decor and inspirational,Yes,Home Décor & Inspirational: family/name sign home décor crossover
1444,MB1-1444,SPLIT MONOGRAM 23,family & name,home decor and inspirational,,,family & name; home decor and inspirational,Yes,Home Décor & Inspirational: family/name sign home décor crossover
1445,MB1-1445,SPLIT MONOGRAM 24,family & name,home decor and inspirational,,,family & name; home decor and inspirational,Yes,Home Décor & Inspirational: family/name sign home décor crossover
1446,MB1-1446,SPLIT MONOGRAM 25,family & name,home decor and inspirational,,,family & name; home decor and inspirational,Yes,Home Décor & Inspirational: family/name sign home décor crossover
1447,MB1-1447,SPLIT MONOGRAM 26,family & name,home decor and inspirational,,,family & name; home decor and inspirational,Yes,Home Décor & Inspirational: family/name sign home décor crossover
1448,MB1-1448,SPLIT MONOGRAM 27,family & name,home decor and inspirational,,,family & name; home decor and inspirational,Yes,Home Décor & Inspirational: family/name sign home décor crossover
1449,MB1-1449,SPLIT MONOGRAM 28,family & name,home decor and inspirational,,,family & name; home decor and inspirational,Yes,Home Décor & Inspirational: family/name sign home décor crossover
1450,MB1-1450,SPLIT MONOGRAM 3,family & name,home decor and inspirational,,,family & name; home decor and inspirational,Yes,Home Décor & Inspirational: family/name sign home décor crossover
1451,MB1-1451,SPLIT MONOGRAM 4,family & name,home decor and inspirational,,,family & name; home decor and inspirational,Yes,Home Décor & Inspirational: family/name sign home décor crossover
1454,MB1-1454,SPLIT MONOGRAM 7,family & name,home decor and inspirational,,,family & name; home decor and inspirational,Yes,Home Décor & Inspirational: family/name sign home décor crossover
1455,MB1-1455,SPLIT MONOGRAM 8,family & name,home decor and inspirational,,,family & name; home decor and inspirational,Yes,Home Décor & Inspirational: family/name sign home décor crossover
1456,MB1-1456,SPLIT MONOGRAM 9,family & name,home decor and inspirational,,,family & name; home decor and inspirational,Yes,Home Décor & Inspirational: family/name sign home décor crossover
1457,MB1-1457,sugar skull 1,home decor and inspirational,,,,home decor and inspirational,No,
1458,MB1-1458,sugar skull 2,home decor and inspirational,,,,home decor and inspirational,No,
1459,MB1-1459,sugar skull 3,home decor and inspirational,,,,home decor and inspirational,No,
1460,MB1-1460,sugar skull 4,home decor and inspirational,,,,home decor and inspirational,No,
1461,MB1-1461,sugar skull 5,home decor and inspirational,,,,home decor and inspirational,No,
1462,MB1-1462,sugar skull 6 - SVG LASER,home decor and inspirational,,,,home decor and inspirational,No,
1463,MB1-1463,sugar skull 6 - SVG PLASMA,home decor and inspirational,,,,home decor and inspirational,No,
1464,MB1-1464,sugar skull 7,home decor and inspirational,,,,home decor and inspirational,No,
1466,MB1-1466,beach life monogram,beach and coastal,family & name,home decor and inspirational,lake house and nautical,beach and coastal; family & name; home decor and inspirational; lake house and nautical,Yes,Family & Name: monogram/name theme | Home Décor & Inspirational: coastal home décor crossover | Lake House & Nautical: coastal/nautical crossover
1467,MB1-1467,beach life palm trees,beach and coastal,home decor and inspirational,lake house and nautical,,beach and coastal; home decor and inspirational; lake house and nautical,No,Home Décor & Inspirational: coastal home décor crossover | Lake House & Nautical: coastal/nautical crossover
1468,MB1-1468,beach life,beach and coastal,home decor and inspirational,lake house and nautical,,beach and coastal; home decor and inspirational; lake house and nautical,No,Home Décor & Inspirational: coastal home décor crossover | Lake House & Nautical: coastal/nautical crossover
1469,MB1-1469,beach sunset monogram,beach and coastal,family & name,home decor and inspirational,lake house and nautical,beach and coastal; family & name; home decor and inspirational; lake house and nautical,Yes,Family & Name: monogram/name theme | Home Décor & Inspirational: coastal home décor crossover | Lake House & Nautical: coastal/nautical crossover
1470,MB1-1470,flamingo beach scene monogram,beach and coastal,family & name,home decor and inspirational,lake house and nautical,beach and coastal; family & name; home decor and inspirational; lake house and nautical,Yes,Family & Name: monogram/name theme | Home Décor & Inspirational: coastal home décor crossover | Lake House & Nautical: coastal/nautical crossover
1471,MB1-1471,flip flop welcome,beach and coastal,home decor and inspirational,lake house and nautical,,beach and coastal; home decor and inspirational; lake house and nautical,Yes,Home Décor & Inspirational: home décor/inspirational theme; coastal home décor crossover | Lake House & Nautical: coastal/nautical crossover
1472,MB1-1472,hawaii girl,beach and coastal,home decor and inspirational,lake house and nautical,,beach and coastal; home decor and inspirational; lake house and nautical,No,Home Décor & Inspirational: coastal home décor crossover | Lake House & Nautical: coastal/nautical crossover
1473,MB1-1473,hello summer pinapple,home decor and inspirational,,,,home decor and inspirational,No,
1474,MB1-1474,palm trees sunset scene,beach and coastal,home decor and inspirational,lake house and nautical,,beach and coastal; home decor and inspirational; lake house and nautical,No,Home Décor & Inspirational: coastal home décor crossover | Lake House & Nautical: coastal/nautical crossover
1475,MB1-1475,palms beach monogram,beach and coastal,family & name,home decor and inspirational,lake house and nautical,beach and coastal; family & name; home decor and inspirational; lake house and nautical,Yes,Family & Name: monogram/name theme | Home Décor & Inspirational: coastal home décor crossover | Lake House & Nautical: coastal/nautical crossover
1476,MB1-1476,surf palm tree monogram,beach and coastal,family & name,home decor and inspirational,lake house and nautical,beach and coastal; family & name; home decor and inspirational; lake house and nautical,Yes,Family & Name: monogram/name theme | Home Décor & Inspirational: coastal home décor crossover | Lake House & Nautical: coastal/nautical crossover
1477,MB1-1477,thailand palm trees,beach and coastal,home decor and inspirational,lake house and nautical,,beach and coastal; home decor and inspirational; lake house and nautical,No,Home Décor & Inspirational: coastal home décor crossover | Lake House & Nautical: coastal/nautical crossover
1478,MB1-1478,welcome dolphines,home decor and inspirational,,,,home decor and inspirational,Yes,
1479,MB1-1479,welcome palm trees ,beach and coastal,home decor and inspirational,lake house and nautical,,beach and coastal; home decor and inspirational; lake house and nautical,Yes,Home Décor & Inspirational: home décor/inspirational theme; coastal home décor crossover | Lake House & Nautical: coastal/nautical crossover
1480,MB1-1480,welcome surfer,beach and coastal,home decor and inspirational,lake house and nautical,,beach and coastal; home decor and inspirational; lake house and nautical,Yes,Home Décor & Inspirational: home décor/inspirational theme; coastal home décor crossover | Lake House & Nautical: coastal/nautical crossover
1481,MB1-1481,welcome to our home,home decor and inspirational,,,,home decor and inspirational,Yes,
1482,MB1-1482,sunflower 1 ,home decor and inspirational,,,,home decor and inspirational,No,
1483,MB1-1483,sunflower 10,home decor and inspirational,,,,home decor and inspirational,No,
1484,MB1-1484,sunflower 11,home decor and inspirational,,,,home decor and inspirational,No,
1485,MB1-1485,sunflower 2,home decor and inspirational,,,,home decor and inspirational,No,
1486,MB1-1486,sunflower 3,home decor and inspirational,,,,home decor and inspirational,No,
1487,MB1-1487,sunflower 4,home decor and inspirational,,,,home decor and inspirational,No,
1488,MB1-1488,sunflower 5,home decor and inspirational,,,,home decor and inspirational,No,
1489,MB1-1489,sunflower 6,home decor and inspirational,,,,home decor and inspirational,No,
1490,MB1-1490,sunflower 7,home decor and inspirational,,,,home decor and inspirational,No,
1491,MB1-1491,sunflower 8,home decor and inspirational,,,,home decor and inspirational,No,
1492,MB1-1492,sunflower 9,home decor and inspirational,,,,home decor and inspirational,No,
1493,MB1-1493,sunflower monogram A,family & name,home decor and inspirational,,,family & name; home decor and inspirational,Yes,Home Décor & Inspirational: home décor/inspirational theme; family/name sign home décor crossover
1494,MB1-1494,sunflower monogram B,family & name,home decor and inspirational,,,family & name; home decor and inspirational,Yes,Home Décor & Inspirational: home décor/inspirational theme; family/name sign home décor crossover
1495,MB1-1495,sunflower monogram C,family & name,home decor and inspirational,,,family & name; home decor and inspirational,Yes,Home Décor & Inspirational: home décor/inspirational theme; family/name sign home décor crossover
1496,MB1-1496,sunflower monogram D,family & name,home decor and inspirational,,,family & name; home decor and inspirational,Yes,Home Décor & Inspirational: home décor/inspirational theme; family/name sign home décor crossover
1497,MB1-1497,sunflower monogram E,family & name,home decor and inspirational,,,family & name; home decor and inspirational,Yes,Home Décor & Inspirational: home décor/inspirational theme; family/name sign home décor crossover
1498,MB1-1498,sunflower monogram F,family & name,home decor and inspirational,,,family & name; home decor and inspirational,Yes,Home Décor & Inspirational: home décor/inspirational theme; family/name sign home décor crossover
1499,MB1-1499,sunflower monogram G,family & name,home decor and inspirational,,,family & name; home decor and inspirational,Yes,Home Décor & Inspirational: home décor/inspirational theme; family/name sign home décor crossover
1500,MB1-1500,sunflower monogram H,family & name,home decor and inspirational,,,family & name; home decor and inspirational,Yes,Home Décor & Inspirational: home décor/inspirational theme; family/name sign home décor crossover
1501,MB1-1501,sunflower monogram I,family & name,home decor and inspirational,,,family & name; home decor and inspirational,Yes,Home Décor & Inspirational: home décor/inspirational theme; family/name sign home décor crossover
1502,MB1-1502,sunflower monogram J,family & name,home decor and inspirational,,,family & name; home decor and inspirational,Yes,Home Décor & Inspirational: home décor/inspirational theme; family/name sign home décor crossover
1503,MB1-1503,sunflower monogram K,family & name,home decor and inspirational,,,family & name; home decor and inspirational,Yes,Home Décor & Inspirational: home décor/inspirational theme; family/name sign home décor crossover
1504,MB1-1504,sunflower monogram L,family & name,home decor and inspirational,,,family & name; home decor and inspirational,Yes,Home Décor & Inspirational: home décor/inspirational theme; family/name sign home décor crossover
1505,MB1-1505,sunflower monogram M,family & name,home decor and inspirational,,,family & name; home decor and inspirational,Yes,Home Décor & Inspirational: home décor/inspirational theme; family/name sign home décor crossover
1506,MB1-1506,sunflower monogram N,family & name,home decor and inspirational,,,family & name; home decor and inspirational,Yes,Home Décor & Inspirational: home décor/inspirational theme; family/name sign home décor crossover
1507,MB1-1507,sunflower monogram O,family & name,home decor and inspirational,,,family & name; home decor and inspirational,Yes,Home Décor & Inspirational: home décor/inspirational theme; family/name sign home décor crossover
1508,MB1-1508,sunflower monogram P,family & name,home decor and inspirational,,,family & name; home decor and inspirational,Yes,Home Décor & Inspirational: home décor/inspirational theme; family/name sign home décor crossover
1509,MB1-1509,sunflower monogram Q,family & name,home decor and inspirational,,,family & name; home decor and inspirational,Yes,Home Décor & Inspirational: home décor/inspirational theme; family/name sign home décor crossover
1510,MB1-1510,sunflower monogram R,family & name,home decor and inspirational,,,family & name; home decor and inspirational,Yes,Home Décor & Inspirational: home décor/inspirational theme; family/name sign home décor crossover
1511,MB1-1511,sunflower monogram S,family & name,home decor and inspirational,,,family & name; home decor and inspirational,Yes,Home Décor & Inspirational: home décor/inspirational theme; family/name sign home décor crossover
1512,MB1-1512,sunflower monogram T,family & name,home decor and inspirational,,,family & name; home decor and inspirational,Yes,Home Décor & Inspirational: home décor/inspirational theme; family/name sign home décor crossover
1513,MB1-1513,sunflower monogram U,family & name,home decor and inspirational,,,family & name; home decor and inspirational,Yes,Home Décor & Inspirational: home décor/inspirational theme; family/name sign home décor crossover
1514,MB1-1514,sunflower monogram V,family & name,home decor and inspirational,,,family & name; home decor and inspirational,Yes,Home Décor & Inspirational: home décor/inspirational theme; family/name sign home décor crossover
1515,MB1-1515,sunflower monogram W,family & name,home decor and inspirational,,,family & name; home decor and inspirational,Yes,Home Décor & Inspirational: home décor/inspirational theme; family/name sign home décor crossover
1516,MB1-1516,sunflower monogram X,family & name,home decor and inspirational,,,family & name; home decor and inspirational,Yes,Home Décor & Inspirational: home décor/inspirational theme; family/name sign home décor crossover
1517,MB1-1517,sunflower monogram Y,family & name,home decor and inspirational,,,family & name; home decor and inspirational,Yes,Home Décor & Inspirational: home décor/inspirational theme; family/name sign home décor crossover
1518,MB1-1518,sunflower monogram Z,family & name,home decor and inspirational,,,family & name; home decor and inspirational,Yes,Home Décor & Inspirational: home décor/inspirational theme; family/name sign home décor crossover
1519,MB1-1519,tree of life 1,home decor and inspirational,,,,home decor and inspirational,No,
1520,MB1-1520,tree of life 10,home decor and inspirational,,,,home decor and inspirational,No,
1521,MB1-1521,tree of life 11,home decor and inspirational,,,,home decor and inspirational,No,
1522,MB1-1522,tree of life 12,home decor and inspirational,,,,home decor and inspirational,No,
1523,MB1-1523,tree of life 13,home decor and inspirational,,,,home decor and inspirational,No,
1524,MB1-1524,tree of life 14,home decor and inspirational,,,,home decor and inspirational,No,
1525,MB1-1525,tree of life 15,home decor and inspirational,,,,home decor and inspirational,No,
1526,MB1-1526,tree of life 16,home decor and inspirational,,,,home decor and inspirational,No,
1527,MB1-1527,tree of life 17,home decor and inspirational,,,,home decor and inspirational,No,
1528,MB1-1528,tree of life 18,home decor and inspirational,,,,home decor and inspirational,No,
1529,MB1-1529,tree of life 19,home decor and inspirational,,,,home decor and inspirational,No,
1530,MB1-1530,tree of life 2,home decor and inspirational,,,,home decor and inspirational,No,
1531,MB1-1531,tree of life 20,home decor and inspirational,,,,home decor and inspirational,No,
1532,MB1-1532,tree of life 21,home decor and inspirational,,,,home decor and inspirational,No,
1533,MB1-1533,tree of life 22,home decor and inspirational,,,,home decor and inspirational,No,
1534,MB1-1534,tree of life 23 ,home decor and inspirational,,,,home decor and inspirational,No,
1535,MB1-1535,tree of life 24,home decor and inspirational,,,,home decor and inspirational,No,
1536,MB1-1536,tree of life 25,home decor and inspirational,,,,home decor and inspirational,No,
1537,MB1-1537,tree of life 26,home decor and inspirational,,,,home decor and inspirational,No,
1538,MB1-1538,tree of life 27,home decor and inspirational,,,,home decor and inspirational,No,
1539,MB1-1539,tree of life 28,home decor and inspirational,,,,home decor and inspirational,No,
1540,MB1-1540,tree of life 29,home decor and inspirational,,,,home decor and inspirational,No,
1541,MB1-1541,tree of life 3,home decor and inspirational,,,,home decor and inspirational,No,
1542,MB1-1542,tree of life 30,home decor and inspirational,,,,home decor and inspirational,No,
1543,MB1-1543,tree of life 31,home decor and inspirational,,,,home decor and inspirational,No,
1544,MB1-1544,tree of life 32,home decor and inspirational,,,,home decor and inspirational,No,
1545,MB1-1545,tree of life 33,home decor and inspirational,,,,home decor and inspirational,No,
1547,MB1-1547,tree of life 35,home decor and inspirational,,,,home decor and inspirational,No,
1548,MB1-1548,tree of life 36,home decor and inspirational,,,,home decor and inspirational,No,
1549,MB1-1549,tree of life 37,home decor and inspirational,,,,home decor and inspirational,No,
1550,MB1-1550,tree of life 38,home decor and inspirational,,,,home decor and inspirational,No,
1551,MB1-1551,tree of life 39,home decor and inspirational,,,,home decor and inspirational,No,
1552,MB1-1552,tree of life 4,home decor and inspirational,,,,home decor and inspirational,No,
1553,MB1-1553,tree of life 40,home decor and inspirational,,,,home decor and inspirational,No,
1554,MB1-1554,tree of life 41,home decor and inspirational,,,,home decor and inspirational,No,
1555,MB1-1555,tree of life 42,home decor and inspirational,,,,home decor and inspirational,No,
1556,MB1-1556,tree of life 43,home decor and inspirational,,,,home decor and inspirational,No,
1557,MB1-1557,tree of life 44,home decor and inspirational,,,,home decor and inspirational,No,
1558,MB1-1558,tree of life 45,home decor and inspirational,,,,home decor and inspirational,No,
1559,MB1-1559,tree of life 46,home decor and inspirational,,,,home decor and inspirational,No,
1560,MB1-1560,tree of life 47,home decor and inspirational,,,,home decor and inspirational,No,
1561,MB1-1561,tree of life 48,home decor and inspirational,,,,home decor and inspirational,No,
1562,MB1-1562,tree of life 5,home decor and inspirational,,,,home decor and inspirational,No,
1563,MB1-1563,tree of life 50,home decor and inspirational,,,,home decor and inspirational,No,
1564,MB1-1564,tree of life 51,home decor and inspirational,,,,home decor and inspirational,No,
1565,MB1-1565,tree of life 52,home decor and inspirational,,,,home decor and inspirational,No,
1566,MB1-1566,tree of life 53,home decor and inspirational,,,,home decor and inspirational,No,
1567,MB1-1567,tree of life 54,home decor and inspirational,,,,home decor and inspirational,No,
1568,MB1-1568,tree of life 55,home decor and inspirational,,,,home decor and inspirational,No,
1569,MB1-1569,tree of life 56,home decor and inspirational,,,,home decor and inspirational,No,
1570,MB1-1570,tree of life 6,home decor and inspirational,,,,home decor and inspirational,No,
1571,MB1-1571,tree of life 7,home decor and inspirational,,,,home decor and inspirational,No,
1572,MB1-1572,tree of life 8,home decor and inspirational,,,,home decor and inspirational,No,
1573,MB1-1573,tree of life 9,home decor and inspirational,,,,home decor and inspirational,No,
1574,MB1-1574,tree stake bigfoot,home decor and inspirational,,,,home decor and inspirational,No,
1575,MB1-1575,tree stake bird family,family & name,home decor and inspirational,wildlife and outdoors,,family & name; home decor and inspirational; wildlife and outdoors,Yes,Home Décor & Inspirational: family/name sign home décor crossover | Wildlife & Outdoors: wildlife/outdoor theme
1576,MB1-1576,tree stake bird mom family,family & name,home decor and inspirational,wildlife and outdoors,,family & name; home decor and inspirational; wildlife and outdoors,Yes,Home Décor & Inspirational: family/name sign home décor crossover | Wildlife & Outdoors: wildlife/outdoor theme
1577,MB1-1577,tree stake butterfly,wildlife and outdoors,,,,wildlife and outdoors,No,
1578,MB1-1578,tree stake cardinal,home decor and inspirational,,,,home decor and inspirational,No,
1579,MB1-1579,tree stake dragon ,wildlife and outdoors,,,,wildlife and outdoors,No,
1580,MB1-1580,tree stake eagle flag,seasonal and holiday,wildlife and outdoors,,,seasonal and holiday; wildlife and outdoors,No,Wildlife & Outdoors: wildlife/outdoor theme
1581,MB1-1581,tree stake eagle,wildlife and outdoors,,,,wildlife and outdoors,No,
1582,MB1-1582,tree stake fairy,home decor and inspirational,,,,home decor and inspirational,No,
1583,MB1-1583,tree stake flag humming bird,seasonal and holiday,wildlife and outdoors,,,seasonal and holiday; wildlife and outdoors,No,Wildlife & Outdoors: wildlife/outdoor theme
1584,MB1-1584,tree stake flag lemer,seasonal and holiday,,,,seasonal and holiday,No,
1585,MB1-1585,tree stake flag,seasonal and holiday,,,,seasonal and holiday,No,
1586,MB1-1586,tree stake gnomes family,family & name,home decor and inspirational,,,family & name; home decor and inspirational,Yes,Home Décor & Inspirational: family/name sign home décor crossover
1587,MB1-1587,tree stake gnomes love,home decor and inspirational,,,,home decor and inspirational,No,
1588,MB1-1588,tree stake little bird,home decor and inspirational,wildlife and outdoors,,,home decor and inspirational; wildlife and outdoors,No,Wildlife & Outdoors: wildlife/outdoor theme
1589,MB1-1589,tree stake love birds,home decor and inspirational,wildlife and outdoors,,,home decor and inspirational; wildlife and outdoors,No,Wildlife & Outdoors: wildlife/outdoor theme
1590,MB1-1590,tree stake owl,wildlife and outdoors,,,,wildlife and outdoors,No,
1591,MB1-1591,tree stake quail,home decor and inspirational,,,,home decor and inspirational,No,
1592,MB1-1592,tree stake racoon,home decor and inspirational,,,,home decor and inspirational,No,
1593,MB1-1593,tree stake raven,home decor and inspirational,,,,home decor and inspirational,No,
1594,MB1-1594,tree stake skunk,home decor and inspirational,,,,home decor and inspirational,No,
1595,MB1-1595,tree stake squirrel,home decor and inspirational,,,,home decor and inspirational,No,
1596,MB1-1596,2nd security 1789,address and property,,,,address and property,No,
1597,MB1-1597,AR-15 911,address and property,,,,address and property,No,
1598,MB1-1598,Wife Warning Sign,address and property,,,,address and property,No,
1601,MB1-1601,fuck around and find out,home decor and inspirational,,,,home decor and inspirational,No,
1602,MB1-1602,funny trespassing sign,address and property,,,,address and property,No,
1603,MB1-1603,just the tip i promise,home decor and inspirational,,,,home decor and inspirational,No,
1604,MB1-1604,kill yourself before i catch you,home decor and inspirational,,,,home decor and inspirational,No,
1605,MB1-1605,no trespassing,address and property,,,,address and property,No,
1606,MB1-1606,protected by second amendment,address and property,,,,address and property,No,
1607,MB1-1607,protected by the lord 2,home decor and inspirational,,,,home decor and inspirational,No,
1609,MB1-1609,think twice ,home decor and inspirational,,,,home decor and inspirational,No,
1610,MB1-1610,warning alarm,address and property,,,,address and property,No,
1611,MB1-1611,we do not dial 911 flag,seasonal and holiday,,,,seasonal and holiday,No,
1612,MB1-1612,you are in range,address and property,,,,address and property,No,
1613,MB1-1613,you are now in range,address and property,,,,address and property,No,
1614,MB1-1614,Truck 001,home decor and inspirational,garage and workshop,,,home decor and inspirational; garage and workshop,No,Garage & Workshop: garage/workshop theme
1615,MB1-1615,Truck 002 ,home decor and inspirational,garage and workshop,,,home decor and inspirational; garage and workshop,No,Garage & Workshop: garage/workshop theme
1616,MB1-1616,Truck 003,home decor and inspirational,garage and workshop,,,home decor and inspirational; garage and workshop,No,Garage & Workshop: garage/workshop theme
1617,MB1-1617,Truck 004 ,home decor and inspirational,garage and workshop,,,home decor and inspirational; garage and workshop,No,Garage & Workshop: garage/workshop theme
1618,MB1-1618,Truck 005,home decor and inspirational,garage and workshop,,,home decor and inspirational; garage and workshop,No,Garage & Workshop: garage/workshop theme
1619,MB1-1619,Truck 006,home decor and inspirational,garage and workshop,,,home decor and inspirational; garage and workshop,No,Garage & Workshop: garage/workshop theme
1620,MB1-1620,Truck 007,home decor and inspirational,garage and workshop,,,home decor and inspirational; garage and workshop,No,Garage & Workshop: garage/workshop theme
1621,MB1-1621,Truck 008,home decor and inspirational,garage and workshop,,,home decor and inspirational; garage and workshop,No,Garage & Workshop: garage/workshop theme
1622,MB1-1622,Truck 009,home decor and inspirational,garage and workshop,,,home decor and inspirational; garage and workshop,No,Garage & Workshop: garage/workshop theme
1623,MB1-1623,Truck 010,home decor and inspirational,garage and workshop,,,home decor and inspirational; garage and workshop,No,Garage & Workshop: garage/workshop theme
1624,MB1-1624,Truck 011,home decor and inspirational,garage and workshop,,,home decor and inspirational; garage and workshop,No,Garage & Workshop: garage/workshop theme
1625,MB1-1625,Truck 012,home decor and inspirational,garage and workshop,,,home decor and inspirational; garage and workshop,No,Garage & Workshop: garage/workshop theme
1626,MB1-1626,Truck 013,home decor and inspirational,garage and workshop,,,home decor and inspirational; garage and workshop,No,Garage & Workshop: garage/workshop theme
1627,MB1-1627,Truck 014 ,home decor and inspirational,garage and workshop,,,home decor and inspirational; garage and workshop,No,Garage & Workshop: garage/workshop theme
1628,MB1-1628,Truck 015,home decor and inspirational,garage and workshop,,,home decor and inspirational; garage and workshop,No,Garage & Workshop: garage/workshop theme
1629,MB1-1629,Truck 016,home decor and inspirational,garage and workshop,,,home decor and inspirational; garage and workshop,No,Garage & Workshop: garage/workshop theme
1630,MB1-1630,Truck 017,home decor and inspirational,garage and workshop,,,home decor and inspirational; garage and workshop,No,Garage & Workshop: garage/workshop theme
1631,MB1-1631,viking 1,sports and hobbies,,,,sports and hobbies,No,
1632,MB1-1632,viking 2,sports and hobbies,,,,sports and hobbies,No,
1633,MB1-1633,viking 3,sports and hobbies,,,,sports and hobbies,No,
1643,MB1-1643,welcome to the farm,farm and western,,,,farm and western,Yes,
1652,MB1-1652,axe monogram 1,sports and hobbies,family & name,,,sports and hobbies; family & name,Yes,Family & Name: monogram/name theme
1653,MB1-1653,axe monogram 10,sports and hobbies,family & name,,,sports and hobbies; family & name,Yes,Family & Name: monogram/name theme
1654,MB1-1654,axe monogram 2,sports and hobbies,family & name,,,sports and hobbies; family & name,Yes,Family & Name: monogram/name theme
1655,MB1-1655,axe monogram 3,sports and hobbies,family & name,,,sports and hobbies; family & name,Yes,Family & Name: monogram/name theme
1656,MB1-1656,axe monogram 4,sports and hobbies,family & name,,,sports and hobbies; family & name,Yes,Family & Name: monogram/name theme
1657,MB1-1657,axe monogram 5,sports and hobbies,family & name,,,sports and hobbies; family & name,Yes,Family & Name: monogram/name theme
1658,MB1-1658,axe monogram 6,sports and hobbies,family & name,,,sports and hobbies; family & name,Yes,Family & Name: monogram/name theme
1659,MB1-1659,axe monogram 7,sports and hobbies,family & name,,,sports and hobbies; family & name,Yes,Family & Name: monogram/name theme
1660,MB1-1660,axe monogram 8,sports and hobbies,family & name,,,sports and hobbies; family & name,Yes,Family & Name: monogram/name theme
1661,MB1-1661,axe monogram 9,sports and hobbies,family & name,,,sports and hobbies; family & name,Yes,Family & Name: monogram/name theme
1662,MB1-1662,Christmas Wreath,seasonal and holiday,,,,seasonal and holiday,No,
1663,MB1-1663,merry christmas monogram fancy metal,seasonal and holiday,family & name,,,seasonal and holiday; family & name,Yes,Family & Name: monogram/name theme; personalized seasonal crossover
1664,MB1-1664,merry christmas tree,seasonal and holiday,,,,seasonal and holiday,No,
1665,MB1-1665,deer elk  monogram 1,wildlife and outdoors,family & name,,,wildlife and outdoors; family & name,Yes,Family & Name: monogram/name theme
1666,MB1-1666,deer elk  monogram 2,wildlife and outdoors,family & name,,,wildlife and outdoors; family & name,Yes,Family & Name: monogram/name theme
