Design ID,Name,Public Category,Image Status,IP Status
0002,all gave some 1,memorial and tribute,Cloudinary,Existing Catalog
0003,all gave some 2,memorial and tribute,Cloudinary,Existing Catalog
0004,all gave some 3,memorial and tribute,Cloudinary,Existing Catalog
0005,all gave some 4,memorial and tribute,Cloudinary,Existing Catalog
0006,BAdge Batallon,memorial and tribute,Cloudinary,Existing Catalog
0007,Badge Addison Police,memorial and tribute,Cloudinary,Existing Catalog
0008,Badge Agent Departmen State Idaho,memorial and tribute,Cloudinary,Existing Catalog
0009,Badge Agricultural Education,memorial and tribute,Cloudinary,Existing Catalog
0010,Badge Air Mobility one layer,memorial and tribute,Cloudinary,Existing Catalog
0011,Badge Air force,memorial and tribute,Cloudinary,Existing Catalog
0012,Badge Airborne,memorial and tribute,Cloudinary,Existing Catalog
0013,Badge Austin Police,memorial and tribute,Cloudinary,Existing Catalog
0014,Badge Avondale,memorial and tribute,Cloudinary,Existing Catalog
0015,Badge Border Patrol,memorial and tribute,Cloudinary,Existing Catalog
0016,Badge Brithis Columbia,memorial and tribute,Cloudinary,Existing Catalog
0017,Badge EMS II,memorial and tribute,Cloudinary,Existing Catalog
0019,Badge EMS III,memorial and tribute,Cloudinary,Existing Catalog
0020,Badge EMS IV,memorial and tribute,Cloudinary,Existing Catalog
0021,Badge EMS V,memorial and tribute,Cloudinary,Existing Catalog
0022,Badge GPD,memorial and tribute,Cloudinary,Existing Catalog
0023,Badge Professional EMS,memorial and tribute,Cloudinary,Existing Catalog
0025,Badge Texas Highway Patrol 2021,memorial and tribute,Cloudinary,Existing Catalog
0026,Badge beaumont police,memorial and tribute,Cloudinary,Existing Catalog
0027,american legion,memorial and tribute,Cloudinary,Existing Catalog
0028,badge Alfa Omega,memorial and tribute,Cloudinary,Existing Catalog
0029,special_forces_symbol=,memorial and tribute,Cloudinary,Existing Catalog
0030,special_forces_symbol~,memorial and tribute,Cloudinary,Existing Catalog
0031,Anchor Monogram frame,lake house and nautical,Cloudinary,Existing Catalog
0032,Good Luck anchor,lake house and nautical,Cloudinary,Existing Catalog
0033,navy chief anchor,memorial and tribute,Cloudinary,Existing Catalog
0034,anchor 1,lake house and nautical,Cloudinary,Existing Catalog
0035,anchor 2,lake house and nautical,Cloudinary,Existing Catalog
0036,anchor 3,lake house and nautical,Cloudinary,Existing Catalog
0037,anchor 4,lake house and nautical,Cloudinary,Existing Catalog
0038,anchor 5,lake house and nautical,Cloudinary,Existing Catalog
0039,anchor 6,lake house and nautical,Cloudinary,Existing Catalog
0040,anchor 7,lake house and nautical,Cloudinary,Existing Catalog
0041,anchor 8,lake house and nautical,Cloudinary,Existing Catalog
0042,anchor 9,lake house and nautical,Cloudinary,Existing Catalog
0043,BASEBALL 1,sports and hobbies,Cloudinary,Existing Catalog
0044,BASEBALL 10,sports and hobbies,Cloudinary,Existing Catalog
0045,BASEBALL 11,sports and hobbies,Cloudinary,Existing Catalog
0046,BASEBALL 12,sports and hobbies,Cloudinary,Existing Catalog
0047,BASEBALL 13,sports and hobbies,Cloudinary,Existing Catalog
0048,BASEBALL 2,sports and hobbies,Cloudinary,Existing Catalog
0049,BASEBALL 3,sports and hobbies,Cloudinary,Existing Catalog
0050,BASEBALL 4,sports and hobbies,Cloudinary,Existing Catalog
0051,BASEBALL 5,sports and hobbies,Cloudinary,Existing Catalog
0052,BASEBALL 6,sports and hobbies,Cloudinary,Existing Catalog
0053,BASEBALL 7,sports and hobbies,Cloudinary,Existing Catalog
0054,BASEBALL 8,sports and hobbies,Cloudinary,Existing Catalog
0055,BASEBALL 9,sports and hobbies,Cloudinary,Existing Catalog
0056,BBQ GRILL 1,sports and hobbies,Cloudinary,Existing Catalog
0057,BBQ GRILL 10,sports and hobbies,Cloudinary,Existing Catalog
0058,BBQ GRILL 11,sports and hobbies,Cloudinary,Existing Catalog
0059,BBQ GRILL 12,sports and hobbies,Cloudinary,Existing Catalog
0060,BBQ GRILL 13,sports and hobbies,Cloudinary,Existing Catalog
0061,BBQ GRILL 14,sports and hobbies,Cloudinary,Existing Catalog
0062,BBQ GRILL 2,sports and hobbies,Cloudinary,Existing Catalog
0063,BBQ GRILL 3,sports and hobbies,Cloudinary,Existing Catalog
0064,BBQ GRILL 4,sports and hobbies,Cloudinary,Existing Catalog
0065,BBQ GRILL 5,sports and hobbies,Cloudinary,Existing Catalog
0066,BBQ GRILL 6,sports and hobbies,Cloudinary,Existing Catalog
0067,BBQ GRILL 7,sports and hobbies,Cloudinary,Existing Catalog
0068,BBQ GRILL 8,sports and hobbies,Cloudinary,Existing Catalog
0069,BBQ GRILL 9,sports and hobbies,Cloudinary,Existing Catalog
0070,Bee Honeycomb 1,wildlife and outdoors,Cloudinary,Existing Catalog
0071,Bee Honeycomb 2,wildlife and outdoors,Cloudinary,Existing Catalog
0072,Bee Honeycomb 3,wildlife and outdoors,Cloudinary,Existing Catalog
0073,Bee Honeycomb 4,wildlife and outdoors,Cloudinary,Existing Catalog
0074,Bee Honeycomb 5,wildlife and outdoors,Cloudinary,Existing Catalog
0075,Bee Honeycomb 6,wildlife and outdoors,Cloudinary,Existing Catalog
0076,Bees and Honeycomb 01,wildlife and outdoors,Cloudinary,Existing Catalog
0077,Bees and Honeycomb 02,wildlife and outdoors,Cloudinary,Existing Catalog
0078,Bees and Honeycomb 03,wildlife and outdoors,Cloudinary,Existing Catalog
0079,Bees and Honeycomb 04,wildlife and outdoors,Cloudinary,Existing Catalog
0080,Bees and Honeycomb 05,wildlife and outdoors,Cloudinary,Existing Catalog
0081,Bees and Honeycomb 06,wildlife and outdoors,Cloudinary,Existing Catalog
0082,Bees and Honeycomb 07,wildlife and outdoors,Cloudinary,Existing Catalog
0083,Bees and Honeycomb 08,wildlife and outdoors,Cloudinary,Existing Catalog
0084,Bees and Honeycomb 09,wildlife and outdoors,Cloudinary,Existing Catalog
0085,Bees and Honeycomb 10,wildlife and outdoors,Cloudinary,Existing Catalog
0086,Bees and Honeycomb 11,wildlife and outdoors,Cloudinary,Existing Catalog
0087,Bees and Honeycomb 12,wildlife and outdoors,Cloudinary,Existing Catalog
0088,Bees and Honeycomb 13,wildlife and outdoors,Cloudinary,Existing Catalog
0089,Bees and Honeycomb 14,wildlife and outdoors,Cloudinary,Existing Catalog
0090,Bees and Honeycomb 15,wildlife and outdoors,Cloudinary,Existing Catalog
0091,Bees and Honeycomb 16,wildlife and outdoors,Cloudinary,Existing Catalog
0092,Bees and Honeycomb 17,wildlife and outdoors,Cloudinary,Existing Catalog
0093,Bees and Honeycomb 18,wildlife and outdoors,Cloudinary,Existing Catalog
0094,Bees and Honeycomb 19,wildlife and outdoors,Cloudinary,Existing Catalog
0095,Bees and Honeycomb 20,wildlife and outdoors,Cloudinary,Existing Catalog
0096,Bees and Honeycomb 21,wildlife and outdoors,Cloudinary,Existing Catalog
0097,Bees and Honeycomb 22,wildlife and outdoors,Cloudinary,Existing Catalog
0098,Bees and Honeycomb 23,wildlife and outdoors,Cloudinary,Existing Catalog
0099,Bees and Honeycomb 24,wildlife and outdoors,Cloudinary,Existing Catalog
0100,Bees and Honeycomb 25,wildlife and outdoors,Cloudinary,Existing Catalog
0101,Bees and Honeycomb 26,wildlife and outdoors,Cloudinary,Existing Catalog
0102,Bees and Honeycomb 27,wildlife and outdoors,Cloudinary,Existing Catalog
0103,Bees and Honeycomb 28,wildlife and outdoors,Cloudinary,Existing Catalog
0104,Bees and Honeycomb 29,wildlife and outdoors,Cloudinary,Existing Catalog
0105,Bees and Honeycomb 30,wildlife and outdoors,Cloudinary,Existing Catalog
0106,CAR FRONT END 1,garage and workshop,Cloudinary,Existing Catalog
0107,CAR FRONT END 10,garage and workshop,Cloudinary,Existing Catalog
0108,CAR FRONT END 11,garage and workshop,Cloudinary,Existing Catalog
0109,CAR FRONT END 12,garage and workshop,Cloudinary,Existing Catalog
0110,CAR FRONT END 13,garage and workshop,Cloudinary,Existing Catalog
0111,CAR FRONT END 14,garage and workshop,Cloudinary,Existing Catalog
0112,CAR FRONT END 15,garage and workshop,Cloudinary,Existing Catalog
0113,CAR FRONT END 16,garage and workshop,Cloudinary,Existing Catalog
0114,CAR FRONT END 2,garage and workshop,Cloudinary,Existing Catalog
0115,CAR FRONT END 3,garage and workshop,Cloudinary,Existing Catalog
0116,CAR FRONT END 4,garage and workshop,Cloudinary,Existing Catalog
0117,CAR FRONT END 5,garage and workshop,Cloudinary,Existing Catalog
0118,CAR FRONT END 6,garage and workshop,Cloudinary,Existing Catalog
0119,CAR FRONT END 7,garage and workshop,Cloudinary,Existing Catalog
0120,CAR FRONT END 8,garage and workshop,Cloudinary,Existing Catalog
0121,CAR FRONT END 9,garage and workshop,Cloudinary,Existing Catalog
0122,christmas 1,seasonal and holiday,Cloudinary,Existing Catalog
0123,christmas 10,seasonal and holiday,Cloudinary,Existing Catalog
0124,christmas 11,seasonal and holiday,Cloudinary,Existing Catalog
0125,christmas 12,seasonal and holiday,Cloudinary,Existing Catalog
0126,christmas 13,seasonal and holiday,Cloudinary,Existing Catalog
0127,christmas 14,seasonal and holiday,Cloudinary,Existing Catalog
0128,christmas 15,seasonal and holiday,Cloudinary,Existing Catalog
0129,christmas 16,seasonal and holiday,Cloudinary,Existing Catalog
0130,christmas 17,seasonal and holiday,Cloudinary,Existing Catalog
0131,christmas 18,seasonal and holiday,Cloudinary,Existing Catalog
0132,christmas 19,seasonal and holiday,Cloudinary,Existing Catalog
0133,christmas 2,seasonal and holiday,Cloudinary,Existing Catalog
0134,christmas 20,seasonal and holiday,Cloudinary,Existing Catalog
0135,christmas 21,seasonal and holiday,Cloudinary,Existing Catalog
0136,christmas 22,seasonal and holiday,Cloudinary,Existing Catalog
0137,christmas 23,seasonal and holiday,Cloudinary,Existing Catalog
0138,christmas 24,seasonal and holiday,Cloudinary,Existing Catalog
0139,christmas 25,seasonal and holiday,Cloudinary,Existing Catalog
0140,christmas 3,seasonal and holiday,Cloudinary,Existing Catalog
0141,christmas 4,seasonal and holiday,Cloudinary,Existing Catalog
0142,christmas 5,seasonal and holiday,Cloudinary,Existing Catalog
0143,christmas 6,seasonal and holiday,Cloudinary,Existing Catalog
0144,christmas 7,seasonal and holiday,Cloudinary,Existing Catalog
0145,christmas 8,seasonal and holiday,Cloudinary,Existing Catalog
0146,christmas 9,seasonal and holiday,Cloudinary,Existing Catalog
0147,CHRISTMAS DESIGN 1,seasonal and holiday,Cloudinary,Existing Catalog
0148,CHRISTMAS DESIGN 10,seasonal and holiday,Cloudinary,Existing Catalog
0149,CHRISTMAS DESIGN 11,seasonal and holiday,Cloudinary,Existing Catalog
0150,CHRISTMAS DESIGN 12,seasonal and holiday,Cloudinary,Existing Catalog
0151,CHRISTMAS DESIGN 13,seasonal and holiday,Cloudinary,Existing Catalog
0152,CHRISTMAS DESIGN 14,seasonal and holiday,Cloudinary,Existing Catalog
0153,CHRISTMAS DESIGN 15,seasonal and holiday,Cloudinary,Existing Catalog
0154,CHRISTMAS DESIGN 16,seasonal and holiday,Cloudinary,Existing Catalog
0155,CHRISTMAS DESIGN 2,seasonal and holiday,Cloudinary,Existing Catalog
0156,CHRISTMAS DESIGN 3,seasonal and holiday,Cloudinary,Existing Catalog
0157,CHRISTMAS DESIGN 4,seasonal and holiday,Cloudinary,Existing Catalog
0158,CHRISTMAS DESIGN 5,seasonal and holiday,Cloudinary,Existing Catalog
0159,CHRISTMAS DESIGN 6,seasonal and holiday,Cloudinary,Existing Catalog
0160,CHRISTMAS DESIGN 7,seasonal and holiday,Cloudinary,Existing Catalog
0161,CHRISTMAS DESIGN 8,seasonal and holiday,Cloudinary,Existing Catalog
0162,CHRISTMAS DESIGN 9,seasonal and holiday,Cloudinary,Existing Catalog
0163,Vintage cinema sign SVG LASER,sports and hobbies,Cloudinary,Existing Catalog
0164,Vintage hollywood sign SVG LASER,sports and hobbies,Cloudinary,Existing Catalog
0165,Vintage now playing sign SVG,sports and hobbies,Cloudinary,Existing Catalog
0166,Vintage now showing sign SVG LASER,sports and hobbies,Cloudinary,Existing Catalog
0167,Vintage show time sign SVG LASER,sports and hobbies,Cloudinary,Existing Catalog
0168,Vintage theater sign SVG LASER,sports and hobbies,Cloudinary,Existing Catalog
0169,cinema movie 1  SVG LASER,sports and hobbies,Cloudinary,Existing Catalog
0170,cinema movie 1 SVG,sports and hobbies,Cloudinary,Existing Catalog
0171,cinema movie 2 SVG LASER,sports and hobbies,Cloudinary,Existing Catalog
0172,cinema movie 2 SVG,sports and hobbies,Cloudinary,Existing Catalog
0173,cinema movie 3 SVG LASER,sports and hobbies,Cloudinary,Existing Catalog
0174,cinema movie sign,sports and hobbies,Cloudinary,Existing Catalog
0175,cinema movie ticket 2 SVG,sports and hobbies,Cloudinary,Existing Catalog
0176,cinema movie ticket SVG,sports and hobbies,Cloudinary,Existing Catalog
0177,cinema sign 1,sports and hobbies,Cloudinary,Existing Catalog
0178,cinema sign 2,sports and hobbies,Cloudinary,Existing Catalog
0179,cinema sign 3,sports and hobbies,Cloudinary,Existing Catalog
0180,cinema sign 4,sports and hobbies,Cloudinary,Existing Catalog
0181,cinema sign 5,sports and hobbies,Cloudinary,Existing Catalog
0182,cinema sign 6,sports and hobbies,Cloudinary,Existing Catalog
0183,cinema sign 8,sports and hobbies,Cloudinary,Existing Catalog
0184,pop corn 1,home decor and inspirational,Cloudinary,Existing Catalog
0185,pop corn 2,home decor and inspirational,Cloudinary,Existing Catalog
0186,pop corn 3,home decor and inspirational,Cloudinary,Existing Catalog
0187,COIN 1,sports and hobbies,Cloudinary,Existing Catalog
0188,COIN 2,sports and hobbies,Cloudinary,Existing Catalog
0189,COIN 3,sports and hobbies,Cloudinary,Existing Catalog
0190,COIN 4,sports and hobbies,Cloudinary,Existing Catalog
0191,COIN 5,sports and hobbies,Cloudinary,Existing Catalog
0192,One Hundred Dollar Trump,sports and hobbies,Cloudinary,Existing Catalog
0193,One Hundred Dollar,sports and hobbies,Cloudinary,Existing Catalog
0194,Compass Monogram A,lake house and nautical,Cloudinary,Existing Catalog
0195,Compass Monogram B,lake house and nautical,Cloudinary,Existing Catalog
0196,Compass Monogram C,lake house and nautical,Cloudinary,Existing Catalog
0197,Compass Monogram D,lake house and nautical,Cloudinary,Existing Catalog
0198,Compass Monogram E,lake house and nautical,Cloudinary,Existing Catalog
0199,Compass Monogram F,lake house and nautical,Cloudinary,Existing Catalog
0200,Compass Monogram G,lake house and nautical,Cloudinary,Existing Catalog
0201,Compass Monogram H,lake house and nautical,Cloudinary,Existing Catalog
0202,Compass Monogram I,lake house and nautical,Cloudinary,Existing Catalog
0203,Compass Monogram J,lake house and nautical,Cloudinary,Existing Catalog
0204,Compass Monogram K,lake house and nautical,Cloudinary,Existing Catalog
0205,Compass Monogram L,lake house and nautical,Cloudinary,Existing Catalog
0206,Compass Monogram M,lake house and nautical,Cloudinary,Existing Catalog
0207,Compass Monogram N,lake house and nautical,Cloudinary,Existing Catalog
0208,Compass Monogram O,lake house and nautical,Cloudinary,Existing Catalog
0209,Compass Monogram P,lake house and nautical,Cloudinary,Existing Catalog
0210,Compass Monogram Q,lake house and nautical,Cloudinary,Existing Catalog
0211,Compass Monogram R,lake house and nautical,Cloudinary,Existing Catalog
0212,Compass Monogram S,lake house and nautical,Cloudinary,Existing Catalog
0213,Compass Monogram T,lake house and nautical,Cloudinary,Existing Catalog
0214,Compass Monogram U,lake house and nautical,Cloudinary,Existing Catalog
0215,Compass Monogram V,lake house and nautical,Cloudinary,Existing Catalog
0216,Compass Monogram W,lake house and nautical,Cloudinary,Existing Catalog
0217,Compass Monogram X,lake house and nautical,Cloudinary,Existing Catalog
0218,Compass Monogram Y,lake house and nautical,Cloudinary,Existing Catalog
0219,Compass Monogram Z,lake house and nautical,Cloudinary,Existing Catalog
0220,COMPASS 1,lake house and nautical,Cloudinary,Existing Catalog
0221,COMPASS 10,lake house and nautical,Cloudinary,Existing Catalog
0222,COMPASS 11,lake house and nautical,Cloudinary,Existing Catalog
0223,COMPASS 12,lake house and nautical,Cloudinary,Existing Catalog
0224,COMPASS 13,lake house and nautical,Cloudinary,Existing Catalog
0225,COMPASS 14,lake house and nautical,Cloudinary,Existing Catalog
0226,COMPASS 15,lake house and nautical,Cloudinary,Existing Catalog
0227,COMPASS 16,lake house and nautical,Cloudinary,Existing Catalog
0228,COMPASS 17,lake house and nautical,Cloudinary,Existing Catalog
0229,COMPASS 18,lake house and nautical,Cloudinary,Existing Catalog
0230,COMPASS 19,lake house and nautical,Cloudinary,Existing Catalog
0231,COMPASS 2,lake house and nautical,Cloudinary,Existing Catalog
0232,COMPASS 20,lake house and nautical,Cloudinary,Existing Catalog
0233,COMPASS 3,lake house and nautical,Cloudinary,Existing Catalog
0234,COMPASS 4,lake house and nautical,Cloudinary,Existing Catalog
0235,COMPASS 5,lake house and nautical,Cloudinary,Existing Catalog
0236,COMPASS 6,lake house and nautical,Cloudinary,Existing Catalog
0237,COMPASS 7,lake house and nautical,Cloudinary,Existing Catalog
0238,COMPASS 8,lake house and nautical,Cloudinary,Existing Catalog
0239,COMPASS 9,lake house and nautical,Cloudinary,Existing Catalog
0240,Compass Anchor,lake house and nautical,Cloudinary,Existing Catalog
0241,Compass Bear,lake house and nautical,Cloudinary,Existing Catalog
0242,Compass Deer,lake house and nautical,Cloudinary,Existing Catalog
0243,Compass Elk,lake house and nautical,Cloudinary,Existing Catalog
0244,Compass Fish,lake house and nautical,Cloudinary,Existing Catalog
0245,Compass Hunter Dog,sports and hobbies,Cloudinary,Existing Catalog
0246,Compass Hunter Pheaseant,sports and hobbies,Cloudinary,Existing Catalog
0247,Compass Sign,lake house and nautical,Cloudinary,Existing Catalog
0248,Compass Wolves,lake house and nautical,Cloudinary,Existing Catalog
0249,Earth Compass model 24 inch compact,lake house and nautical,Cloudinary,Existing Catalog
0250,Earth Compass model 24 inch,lake house and nautical,Cloudinary,Existing Catalog
0251,compass globe,lake house and nautical,Cloudinary,Existing Catalog
0252,compass love is a journey,lake house and nautical,Cloudinary,Existing Catalog
0253,Apple Pie Rev,home decor and inspirational,Cloudinary,Existing Catalog
0254,Corn liquor Rev,home decor and inspirational,Cloudinary,Existing Catalog
0255,Less Ugly,home decor and inspirational,Cloudinary,Existing Catalog
0256,Luckys Bar,sports and hobbies,Cloudinary,Existing Catalog
0257,Pacific Northwest,home decor and inspirational,Cloudinary,Existing Catalog
0258,Pinot Gris,home decor and inspirational,Cloudinary,Existing Catalog
0259,Wine shop Rev,sports and hobbies,Cloudinary,Existing Catalog
0260,You are the Salt,home decor and inspirational,Cloudinary,Existing Catalog
0261,the Best Beer,sports and hobbies,Cloudinary,Existing Catalog
0262,DAD'S GARAGE,garage and workshop,Cloudinary,Existing Catalog
0263,DAD'S HANGAR,garage and workshop,Cloudinary,Existing Catalog
0264,DAD'S MAN CAVE,family & name,Cloudinary,Existing Catalog
0265,DAD'S WORKSHOP,garage and workshop,Cloudinary,Existing Catalog
0266,DAD'S GARAGE 2,garage and workshop,Cloudinary,Existing Catalog
0267,DAD'S GARAGE 4,garage and workshop,Cloudinary,Existing Catalog
0268,DAD'S GARAGE VINTAGE 2,garage and workshop,Cloudinary,Existing Catalog
0269,DAD'S GARAGE VINTAGE,garage and workshop,Cloudinary,Existing Catalog
0272,DAD'S MANCAVE,family & name,Cloudinary,Existing Catalog
0273,DAD'S SHOP,garage and workshop,Cloudinary,Existing Catalog
0274,DAD'S WORKSHOP 2,garage and workshop,Cloudinary,Existing Catalog
0276,DADDY'S WORKSHOP 2,garage and workshop,Cloudinary,Existing Catalog
0277,DADDY'S WORKSHOP,garage and workshop,Cloudinary,Existing Catalog
0278,GARAGE FREE SIGN,garage and workshop,Cloudinary,Existing Catalog
0279,REPAIRS BY DAD,garage and workshop,Cloudinary,Existing Catalog
0280,VINTAGE GARAGE SIGN,garage and workshop,Cloudinary,Existing Catalog
0281,EAGLE 1,wildlife and outdoors,Cloudinary,Existing Catalog
0282,EAGLE 10,wildlife and outdoors,Cloudinary,Existing Catalog
0283,EAGLE 11,wildlife and outdoors,Cloudinary,Existing Catalog
0284,EAGLE 12,wildlife and outdoors,Cloudinary,Existing Catalog
0285,EAGLE 13,wildlife and outdoors,Cloudinary,Existing Catalog
0286,EAGLE 14,wildlife and outdoors,Cloudinary,Existing Catalog
0287,EAGLE 15,wildlife and outdoors,Cloudinary,Existing Catalog
0288,EAGLE 16,wildlife and outdoors,Cloudinary,Existing Catalog
0289,EAGLE 17,wildlife and outdoors,Cloudinary,Existing Catalog
0290,EAGLE 18,wildlife and outdoors,Cloudinary,Existing Catalog
0291,EAGLE 19 SVG LASER,wildlife and outdoors,Cloudinary,Existing Catalog
0292,EAGLE 19,wildlife and outdoors,Cloudinary,Existing Catalog
0293,EAGLE 2,wildlife and outdoors,Cloudinary,Existing Catalog
0294,EAGLE 21 SVG LASER,wildlife and outdoors,Cloudinary,Existing Catalog
0295,EAGLE 3,wildlife and outdoors,Cloudinary,Existing Catalog
0296,EAGLE 4,wildlife and outdoors,Cloudinary,Existing Catalog
0297,EAGLE 5,wildlife and outdoors,Cloudinary,Existing Catalog
0298,EAGLE 6,wildlife and outdoors,Cloudinary,Existing Catalog
0299,EAGLE 7,wildlife and outdoors,Cloudinary,Existing Catalog
0300,EAGLE 8,wildlife and outdoors,Cloudinary,Existing Catalog
0301,EAGLE 9,wildlife and outdoors,Cloudinary,Existing Catalog
0302,FALL 1,seasonal and holiday,Cloudinary,Existing Catalog
0303,FALL 2,seasonal and holiday,Cloudinary,Existing Catalog
0304,FALL 3,seasonal and holiday,Cloudinary,Existing Catalog
0305,FALL 4,seasonal and holiday,Cloudinary,Existing Catalog
0306,FALL 5,seasonal and holiday,Cloudinary,Existing Catalog
0307,FALL 6,seasonal and holiday,Cloudinary,Existing Catalog
0308,FALL 7,seasonal and holiday,Cloudinary,Existing Catalog
0309,FALL 8,seasonal and holiday,Cloudinary,Existing Catalog
0311,all time best dad,family & name,Cloudinary,Existing Catalog
0312,best dad ever fishing,sports and hobbies,Cloudinary,Existing Catalog
0313,best dad in the galaxy(1),family & name,Cloudinary,Existing Catalog
0314,best dad in the galaxy,family & name,Cloudinary,Existing Catalog
0315,dad life,family & name,Cloudinary,Existing Catalog
0316,dad teacher,family & name,Cloudinary,Existing Catalog
0317,dad the man the myth the legend,family & name,Cloudinary,Existing Catalog
0318,Worlds Greatest Dad 1,family & name,Cloudinary,Existing Catalog
0319,father's day 1,seasonal and holiday,Cloudinary,Existing Catalog
0320,father's day 2,seasonal and holiday,Cloudinary,Existing Catalog
0321,father's day 3,seasonal and holiday,Cloudinary,Existing Catalog
0322,father's day 4,seasonal and holiday,Cloudinary,Existing Catalog
0323,father's day 5,seasonal and holiday,Cloudinary,Existing Catalog
0324,father's day 6,seasonal and holiday,Cloudinary,Existing Catalog
0325,father's day 7,seasonal and holiday,Cloudinary,Existing Catalog
0326,father's day 8,seasonal and holiday,Cloudinary,Existing Catalog
0327,father's day 9,seasonal and holiday,Cloudinary,Existing Catalog
0328,world's coolest dad,family & name,Cloudinary,Existing Catalog
0329,happy father_s day 2,seasonal and holiday,Cloudinary,Existing Catalog
0330,happy father_s day,seasonal and holiday,Cloudinary,Existing Catalog
0331,papa the man the myth the legend,family & name,Cloudinary,Existing Catalog
0332,top dad,family & name,Cloudinary,Existing Catalog
0333,world_s greatest father,family & name,Cloudinary,Existing Catalog
0334,FLAG 10,seasonal and holiday,Cloudinary,Existing Catalog
0335,SPLIT MONOGRAM 5,family & name,Cloudinary,Existing Catalog
0336,SPLIT MONOGRAM 6,family & name,Cloudinary,Existing Catalog
0337,fire dept 1,memorial and tribute,Cloudinary,Existing Catalog
0338,fire dept 2,memorial and tribute,Cloudinary,Existing Catalog
0339,fire dept 3,memorial and tribute,Cloudinary,Existing Catalog
0340,fire dept 4,memorial and tribute,Cloudinary,Existing Catalog
0341,fire dept 5,memorial and tribute,Cloudinary,Existing Catalog
0342,fire fighter helmet 1,sports and hobbies,Cloudinary,Existing Catalog
0343,fire fighter helmet 2,sports and hobbies,Cloudinary,Existing Catalog
0344,fire fighter helmet 3,sports and hobbies,Cloudinary,Existing Catalog
0345,fire fighter helmet 4,sports and hobbies,Cloudinary,Existing Catalog
0346,fire fighter helmet 5,sports and hobbies,Cloudinary,Existing Catalog
0347,fire hydrant,home decor and inspirational,Cloudinary,Existing Catalog
0348,FISH 1,wildlife and outdoors,Cloudinary,Existing Catalog
0349,FISH 10,wildlife and outdoors,Cloudinary,Existing Catalog
0350,FISH 11,wildlife and outdoors,Cloudinary,Existing Catalog
0351,FISH 12,wildlife and outdoors,Cloudinary,Existing Catalog
0352,FISH 13,wildlife and outdoors,Cloudinary,Existing Catalog
0353,FISH 14,wildlife and outdoors,Cloudinary,Existing Catalog
0354,FISH 15,wildlife and outdoors,Cloudinary,Existing Catalog
0355,FISH 16,wildlife and outdoors,Cloudinary,Existing Catalog
0356,FISH 17,wildlife and outdoors,Cloudinary,Existing Catalog
0357,FISH 18,wildlife and outdoors,Cloudinary,Existing Catalog
0358,FISH 2,wildlife and outdoors,Cloudinary,Existing Catalog
0359,FISH 3,wildlife and outdoors,Cloudinary,Existing Catalog
0360,FISH 4,wildlife and outdoors,Cloudinary,Existing Catalog
0361,FISH 5,wildlife and outdoors,Cloudinary,Existing Catalog
0362,FISH 6,wildlife and outdoors,Cloudinary,Existing Catalog
0363,FISH 7,wildlife and outdoors,Cloudinary,Existing Catalog
0364,FISH 8,wildlife and outdoors,Cloudinary,Existing Catalog
0365,FISH 9,wildlife and outdoors,Cloudinary,Existing Catalog
0366,Hand Lifting Weights 2 SVG,sports and hobbies,Cloudinary,Existing Catalog
0367,Hand Lifting Weights 3 SVG,sports and hobbies,Cloudinary,Existing Catalog
0368,Hand Lifting Weights SVG,sports and hobbies,Cloudinary,Existing Catalog
0369,no pain no gain SIGN SVG,sports and hobbies,Cloudinary,Existing Catalog
0370,no pain no gain arms SVG,sports and hobbies,Cloudinary,Existing Catalog
0371,no pain no gain,sports and hobbies,Cloudinary,Existing Catalog
0372,skull Weights SVG,sports and hobbies,Cloudinary,Existing Catalog
0373,2A Flag,seasonal and holiday,Cloudinary,Existing Catalog
0374,3 Percenter flag,seasonal and holiday,Cloudinary,Existing Catalog
0375,American Flag,seasonal and holiday,Cloudinary,Existing Catalog
0376,American Gadsden Flag,seasonal and holiday,Cloudinary,Existing Catalog
0377,American Rebel Tattered Flag,seasonal and holiday,Cloudinary,Existing Catalog
0378,Eagle Tattered flag,seasonal and holiday,Cloudinary,Existing Catalog
0379,Mad Dog Mattis Flag,seasonal and holiday,Cloudinary,Existing Catalog
0380,Mechanics Flag 13 wrenches,seasonal and holiday,Cloudinary,Existing Catalog
0381,Mechanics Flag,seasonal and holiday,Cloudinary,Existing Catalog
0382,Obama Flag,seasonal and holiday,Cloudinary,Existing Catalog
0383,Pledge Flag,seasonal and holiday,Cloudinary,Existing Catalog
0384,Tattered Flag,seasonal and holiday,Cloudinary,Existing Catalog
0385,Texas Gadsden Flag,seasonal and holiday,Cloudinary,Existing Catalog
0386,Trump 2A Flag back plate,seasonal and holiday,Cloudinary,Existing Catalog
0387,Trump 2A Flag top layer,seasonal and holiday,Cloudinary,Existing Catalog
0388,Trump Flag 2 Layer,seasonal and holiday,Cloudinary,Existing Catalog
0389,Trump Flag Bridged stripes,seasonal and holiday,Cloudinary,Existing Catalog
0390,Trump Flag,seasonal and holiday,Cloudinary,Existing Catalog
0391,US outline wavey flag,seasonal and holiday,Cloudinary,Existing Catalog
0392,USA AR FLAG,seasonal and holiday,Cloudinary,Existing Catalog
0393,Waving Flag,seasonal and holiday,Cloudinary,Existing Catalog
0394,trump-flag-hug,seasonal and holiday,Cloudinary,Existing Catalog
0406,1,home decor and inspirational,Cloudinary,Existing Catalog
0407,2,home decor and inspirational,Cloudinary,Existing Catalog
0408,3,home decor and inspirational,Cloudinary,Existing Catalog
0409,4,home decor and inspirational,Cloudinary,Existing Catalog
0410,5,home decor and inspirational,Cloudinary,Existing Catalog
0411,6,home decor and inspirational,Cloudinary,Existing Catalog
0412,flower 1,home decor and inspirational,Cloudinary,Existing Catalog
0413,flower 10,home decor and inspirational,Cloudinary,Existing Catalog
0414,flower 11,home decor and inspirational,Cloudinary,Existing Catalog
0415,flower 12,home decor and inspirational,Cloudinary,Existing Catalog
0416,flower 13,home decor and inspirational,Cloudinary,Existing Catalog
0417,flower 2,home decor and inspirational,Cloudinary,Existing Catalog
0418,flower 3,home decor and inspirational,Cloudinary,Existing Catalog
0419,flower 4,home decor and inspirational,Cloudinary,Existing Catalog
0420,flower 5,home decor and inspirational,Cloudinary,Existing Catalog
0421,flower 6,home decor and inspirational,Cloudinary,Existing Catalog
0422,flower 7,home decor and inspirational,Cloudinary,Existing Catalog
0423,flower 8,home decor and inspirational,Cloudinary,Existing Catalog
0424,flower 9,home decor and inspirational,Cloudinary,Existing Catalog
0425,GARAGE 1,garage and workshop,Cloudinary,Existing Catalog
0426,GARAGE 10,garage and workshop,Cloudinary,Existing Catalog
0427,GARAGE 11,garage and workshop,Cloudinary,Existing Catalog
0428,GARAGE 2,garage and workshop,Cloudinary,Existing Catalog
0429,GARAGE 3,garage and workshop,Cloudinary,Existing Catalog
0430,GARAGE 4,garage and workshop,Cloudinary,Existing Catalog
0431,GARAGE 5,garage and workshop,Cloudinary,Existing Catalog
0432,GARAGE 6,garage and workshop,Cloudinary,Existing Catalog
0433,GARAGE 7,garage and workshop,Cloudinary,Existing Catalog
0434,GARAGE 8,garage and workshop,Cloudinary,Existing Catalog
0435,GARAGE 9,garage and workshop,Cloudinary,Existing Catalog
0436,GNOME 01,home decor and inspirational,Cloudinary,Existing Catalog
0437,GNOME 02,home decor and inspirational,Cloudinary,Existing Catalog
0438,GNOME 03,home decor and inspirational,Cloudinary,Existing Catalog
0439,GNOME 04,home decor and inspirational,Cloudinary,Existing Catalog
0440,GNOME 05,home decor and inspirational,Cloudinary,Existing Catalog
0441,GNOME 06,home decor and inspirational,Cloudinary,Existing Catalog
0442,GNOME 07,home decor and inspirational,Cloudinary,Existing Catalog
0443,GNOME 08,home decor and inspirational,Cloudinary,Existing Catalog
0444,GNOME 09,home decor and inspirational,Cloudinary,Existing Catalog
0445,GNOME 10,home decor and inspirational,Cloudinary,Existing Catalog
0446,GNOME 11,home decor and inspirational,Cloudinary,Existing Catalog
0447,GNOME 12,home decor and inspirational,Cloudinary,Existing Catalog
0448,GNOME 13,home decor and inspirational,Cloudinary,Existing Catalog
0449,GNOME 14,home decor and inspirational,Cloudinary,Existing Catalog
0450,GNOME 15,home decor and inspirational,Cloudinary,Existing Catalog
0451,GNOME 16,home decor and inspirational,Cloudinary,Existing Catalog
0452,GNOME 17,home decor and inspirational,Cloudinary,Existing Catalog
0453,GNOME 18,home decor and inspirational,Cloudinary,Existing Catalog
0454,GNOME 19,home decor and inspirational,Cloudinary,Existing Catalog
0455,GNOME 20,home decor and inspirational,Cloudinary,Existing Catalog
0456,GNOME 21,home decor and inspirational,Cloudinary,Existing Catalog
0457,GNOME 22,home decor and inspirational,Cloudinary,Existing Catalog
0458,come and join us ghosts,seasonal and holiday,Cloudinary,Existing Catalog
0459,halloween witch,seasonal and holiday,Cloudinary,Existing Catalog
0460,happy halloween 1,seasonal and holiday,Cloudinary,Existing Catalog
0461,happy halloween frankenstein,seasonal and holiday,Cloudinary,Existing Catalog
0462,happy halloween ghosts,seasonal and holiday,Cloudinary,Existing Catalog
0463,happy halloween pumpkins monogram,seasonal and holiday,Cloudinary,Existing Catalog
0464,happy halloween pumpkins,seasonal and holiday,Cloudinary,Existing Catalog
0465,happy halloween scary tree,seasonal and holiday,Cloudinary,Existing Catalog
0466,happy halloween spider web monogram,seasonal and holiday,Cloudinary,Existing Catalog
0467,happy halloween spider web,seasonal and holiday,Cloudinary,Existing Catalog
0468,happy halloween witch,seasonal and holiday,Cloudinary,Existing Catalog
0469,nightmare before christmas,seasonal and holiday,Cloudinary,Existing Catalog
0470,pumpkin stake 1,seasonal and holiday,Cloudinary,Existing Catalog
0471,pumpkin stake 2,seasonal and holiday,Cloudinary,Existing Catalog
0472,pumpkin stake 3,seasonal and holiday,Cloudinary,Existing Catalog
0473,pumpkin stake 4,seasonal and holiday,Cloudinary,Existing Catalog
0474,pumpkin stake 5,seasonal and holiday,Cloudinary,Existing Catalog
0475,pumpkins,seasonal and holiday,Cloudinary,Existing Catalog
0476,welcome pumpkins monogram,seasonal and holiday,Cloudinary,Existing Catalog
0477,welcome sign spider v1,seasonal and holiday,Cloudinary,Existing Catalog
0478,welcome sign spider v2,seasonal and holiday,Cloudinary,Existing Catalog
0479,welcome spider monogram sign,seasonal and holiday,Cloudinary,Existing Catalog
0480,INFINITY,home decor and inspirational,Cloudinary,Existing Catalog
0481,tree of life 34,home decor and inspirational,Cloudinary,Existing Catalog
0482,V DAY 1,seasonal and holiday,Cloudinary,Existing Catalog
0483,V DAY 10,seasonal and holiday,Cloudinary,Existing Catalog
0484,V DAY 11,seasonal and holiday,Cloudinary,Existing Catalog
0485,V DAY 12,seasonal and holiday,Cloudinary,Existing Catalog
0486,V DAY 13,seasonal and holiday,Cloudinary,Existing Catalog
0487,V DAY 14,seasonal and holiday,Cloudinary,Existing Catalog
0488,V DAY 15,seasonal and holiday,Cloudinary,Existing Catalog
0489,V DAY 16,seasonal and holiday,Cloudinary,Existing Catalog
0490,V DAY 17,seasonal and holiday,Cloudinary,Existing Catalog
0491,V DAY 2,seasonal and holiday,Cloudinary,Existing Catalog
0492,V DAY 3,seasonal and holiday,Cloudinary,Existing Catalog
0493,V DAY 4,seasonal and holiday,Cloudinary,Existing Catalog
0494,V DAY 5,seasonal and holiday,Cloudinary,Existing Catalog
0495,V DAY 6,seasonal and holiday,Cloudinary,Existing Catalog
0496,V DAY 7,seasonal and holiday,Cloudinary,Existing Catalog
0497,V DAY 8,seasonal and holiday,Cloudinary,Existing Catalog
0498,V DAY 9,seasonal and holiday,Cloudinary,Existing Catalog
0499,flag map,seasonal and holiday,Cloudinary,Existing Catalog
0500,get some flag map,seasonal and holiday,Cloudinary,Existing Catalog
0501,merica 2 flag map,seasonal and holiday,Cloudinary,Existing Catalog
0502,merica flag map,seasonal and holiday,Cloudinary,Existing Catalog
0503,MONOGRAM 1,family & name,Cloudinary,Existing Catalog
0504,MONOGRAM 10,family & name,Cloudinary,Existing Catalog
0505,MONOGRAM 11,family & name,Cloudinary,Existing Catalog
0506,MONOGRAM 12,family & name,Cloudinary,Existing Catalog
0507,MONOGRAM 13,family & name,Cloudinary,Existing Catalog
0508,MONOGRAM 14,family & name,Cloudinary,Existing Catalog
0509,MONOGRAM 15,family & name,Cloudinary,Existing Catalog
0510,MONOGRAM 16,family & name,Cloudinary,Existing Catalog
0511,MONOGRAM 17,family & name,Cloudinary,Existing Catalog
0512,MONOGRAM 2,family & name,Cloudinary,Existing Catalog
0513,MONOGRAM 3,family & name,Cloudinary,Existing Catalog
0514,MONOGRAM 4,family & name,Cloudinary,Existing Catalog
0515,MONOGRAM 5,family & name,Cloudinary,Existing Catalog
0516,MONOGRAM 6,family & name,Cloudinary,Existing Catalog
0517,MONOGRAM 7,family & name,Cloudinary,Existing Catalog
0518,MONOGRAM 8,family & name,Cloudinary,Existing Catalog
0519,MONOGRAM 9,family & name,Cloudinary,Existing Catalog
0520,MOMOGRAM 23,family & name,Cloudinary,Existing Catalog
0521,MONOGRAM 18,family & name,Cloudinary,Existing Catalog
0522,MONOGRAM 19,family & name,Cloudinary,Existing Catalog
0523,MONOGRAM 20,family & name,Cloudinary,Existing Catalog
0524,MONOGRAM 21,family & name,Cloudinary,Existing Catalog
0525,MONOGRAM 22,family & name,Cloudinary,Existing Catalog
0541,AntlerBaseA,home decor and inspirational,Cloudinary,Existing Catalog
0542,AntlerBaseB,home decor and inspirational,Cloudinary,Existing Catalog
0543,AntlerBaseC,home decor and inspirational,Cloudinary,Existing Catalog
0544,AntlerBaseD,home decor and inspirational,Cloudinary,Existing Catalog
0545,AntlerBaseE,home decor and inspirational,Cloudinary,Existing Catalog
0546,AntlerBaseF,home decor and inspirational,Cloudinary,Existing Catalog
0547,AntlerBaseG,home decor and inspirational,Cloudinary,Existing Catalog
0548,AntlerBaseH,home decor and inspirational,Cloudinary,Existing Catalog
0549,AntlerBaseI,home decor and inspirational,Cloudinary,Existing Catalog
0550,AntlerBaseJ,home decor and inspirational,Cloudinary,Existing Catalog
0551,AntlerBaseK,home decor and inspirational,Cloudinary,Existing Catalog
0552,AntlerBaseL,home decor and inspirational,Cloudinary,Existing Catalog
0553,AntlerBaseM,home decor and inspirational,Cloudinary,Existing Catalog
0554,AntlerBaseN,home decor and inspirational,Cloudinary,Existing Catalog
0555,AntlerBaseO,home decor and inspirational,Cloudinary,Existing Catalog
0556,AntlerBaseP,home decor and inspirational,Cloudinary,Existing Catalog
0557,AntlerBaseQ,home decor and inspirational,Cloudinary,Existing Catalog
0558,AntlerBaseR,home decor and inspirational,Cloudinary,Existing Catalog
0559,AntlerBaseS,home decor and inspirational,Cloudinary,Existing Catalog
0560,AntlerBaseT,home decor and inspirational,Cloudinary,Existing Catalog
0561,AntlerBaseU,home decor and inspirational,Cloudinary,Existing Catalog
0562,AntlerBaseV,home decor and inspirational,Cloudinary,Existing Catalog
0563,AntlerBaseW,home decor and inspirational,Cloudinary,Existing Catalog
0564,AntlerBaseX,home decor and inspirational,Cloudinary,Existing Catalog
0565,AntlerBaseY,home decor and inspirational,Cloudinary,Existing Catalog
0566,AntlerBaseZ,home decor and inspirational,Cloudinary,Existing Catalog
0567,Antler Monogram A,wildlife and outdoors,Cloudinary,Existing Catalog
0568,Antler Monogram B,wildlife and outdoors,Cloudinary,Existing Catalog
0569,Antler Monogram C,wildlife and outdoors,Cloudinary,Existing Catalog
0570,Antler Monogram D,wildlife and outdoors,Cloudinary,Existing Catalog
0571,Antler Monogram E,wildlife and outdoors,Cloudinary,Existing Catalog
0572,Antler Monogram F,wildlife and outdoors,Cloudinary,Existing Catalog
0573,Antler Monogram G,wildlife and outdoors,Cloudinary,Existing Catalog
0574,Antler Monogram H,wildlife and outdoors,Cloudinary,Existing Catalog
0575,Antler Monogram I,wildlife and outdoors,Cloudinary,Existing Catalog
0576,Antler Monogram J,wildlife and outdoors,Cloudinary,Existing Catalog
0577,Antler Monogram K,wildlife and outdoors,Cloudinary,Existing Catalog
0578,Antler Monogram L,wildlife and outdoors,Cloudinary,Existing Catalog
0579,Antler Monogram M,wildlife and outdoors,Cloudinary,Existing Catalog
0580,Antler Monogram N,wildlife and outdoors,Cloudinary,Existing Catalog
0581,Antler Monogram O,wildlife and outdoors,Cloudinary,Existing Catalog
0582,Antler Monogram P,wildlife and outdoors,Cloudinary,Existing Catalog
0583,Antler Monogram Q,wildlife and outdoors,Cloudinary,Existing Catalog
0584,Antler Monogram R,wildlife and outdoors,Cloudinary,Existing Catalog
0585,Antler Monogram S,wildlife and outdoors,Cloudinary,Existing Catalog
0586,Antler Monogram T,wildlife and outdoors,Cloudinary,Existing Catalog
0587,Antler Monogram U,wildlife and outdoors,Cloudinary,Existing Catalog
0588,Antler Monogram V,wildlife and outdoors,Cloudinary,Existing Catalog
0589,Antler Monogram W,wildlife and outdoors,Cloudinary,Existing Catalog
0590,Antler Monogram X,wildlife and outdoors,Cloudinary,Existing Catalog
0591,Antler Monogram Y,wildlife and outdoors,Cloudinary,Existing Catalog
0592,Antler Monogram Z,wildlife and outdoors,Cloudinary,Existing Catalog
0619,Monogram Fleur A,family & name,Cloudinary,Existing Catalog
0620,Monogram Fleur B,family & name,Cloudinary,Existing Catalog
0621,Monogram Fleur C,family & name,Cloudinary,Existing Catalog
0622,Monogram Fleur D,family & name,Cloudinary,Existing Catalog
0623,Monogram Fleur E,family & name,Cloudinary,Existing Catalog
0624,Monogram Fleur F,family & name,Cloudinary,Existing Catalog
0625,Monogram Fleur G,family & name,Cloudinary,Existing Catalog
0626,Monogram Fleur H,family & name,Cloudinary,Existing Catalog
0627,Monogram Fleur I,family & name,Cloudinary,Existing Catalog
0628,Monogram Fleur J,family & name,Cloudinary,Existing Catalog
0629,Monogram Fleur K,family & name,Cloudinary,Existing Catalog
0630,Monogram Fleur L,family & name,Cloudinary,Existing Catalog
0631,Monogram Fleur M,family & name,Cloudinary,Existing Catalog
0632,Monogram Fleur N,family & name,Cloudinary,Existing Catalog
0633,Monogram Fleur O,family & name,Cloudinary,Existing Catalog
0634,Monogram Fleur P,family & name,Cloudinary,Existing Catalog
0635,Monogram Fleur Q,family & name,Cloudinary,Existing Catalog
0636,Monogram Fleur R,family & name,Cloudinary,Existing Catalog
0637,Monogram Fleur S,family & name,Cloudinary,Existing Catalog
0638,Monogram Fleur T,family & name,Cloudinary,Existing Catalog
0639,Monogram Fleur U,family & name,Cloudinary,Existing Catalog
0640,Monogram Fleur V,family & name,Cloudinary,Existing Catalog
0641,Monogram Fleur W,family & name,Cloudinary,Existing Catalog
0642,Monogram Fleur X,family & name,Cloudinary,Existing Catalog
0643,Monogram Fleur Y,family & name,Cloudinary,Existing Catalog
0644,Monogram Fleur Z,family & name,Cloudinary,Existing Catalog
0645,Script Vine Split Alphabet-A,family & name,Cloudinary,Existing Catalog
0646,Script Vine Split Alphabet-B,family & name,Cloudinary,Existing Catalog
0647,Script Vine Split Alphabet-C,family & name,Cloudinary,Existing Catalog
0648,Script Vine Split Alphabet-D,family & name,Cloudinary,Existing Catalog
0649,Script Vine Split Alphabet-E,family & name,Cloudinary,Existing Catalog
0650,Script Vine Split Alphabet-F,family & name,Cloudinary,Existing Catalog
0651,Script Vine Split Alphabet-G,family & name,Cloudinary,Existing Catalog
0652,Script Vine Split Alphabet-H,family & name,Cloudinary,Existing Catalog
0653,Script Vine Split Alphabet-I,family & name,Cloudinary,Existing Catalog
0654,Script Vine Split Alphabet-J,family & name,Cloudinary,Existing Catalog
0655,Script Vine Split Alphabet-K,family & name,Cloudinary,Existing Catalog
0656,Script Vine Split Alphabet-L,family & name,Cloudinary,Existing Catalog
0657,Script Vine Split Alphabet-M,family & name,Cloudinary,Existing Catalog
0658,Script Vine Split Alphabet-N,family & name,Cloudinary,Existing Catalog
0659,Script Vine Split Alphabet-O,family & name,Cloudinary,Existing Catalog
0660,Script Vine Split Alphabet-P,family & name,Cloudinary,Existing Catalog
0661,Script Vine Split Alphabet-Q,family & name,Cloudinary,Existing Catalog
0662,Script Vine Split Alphabet-R,family & name,Cloudinary,Existing Catalog
0663,Script Vine Split Alphabet-S,family & name,Cloudinary,Existing Catalog
0664,Script Vine Split Alphabet-T,family & name,Cloudinary,Existing Catalog
0665,Script Vine Split Alphabet-U,family & name,Cloudinary,Existing Catalog
0666,Script Vine Split Alphabet-V,family & name,Cloudinary,Existing Catalog
0667,Script Vine Split Alphabet-W,family & name,Cloudinary,Existing Catalog
0668,Script Vine Split Alphabet-X,family & name,Cloudinary,Existing Catalog
0669,Script Vine Split Alphabet-Y,family & name,Cloudinary,Existing Catalog
0670,Script Vine Split Alphabet-Z,family & name,Cloudinary,Existing Catalog
0671,Monogram A,family & name,Cloudinary,Existing Catalog
0672,Monogram B,family & name,Cloudinary,Existing Catalog
0673,Monogram C,family & name,Cloudinary,Existing Catalog
0674,Monogram D,family & name,Cloudinary,Existing Catalog
0675,Monogram E,family & name,Cloudinary,Existing Catalog
0676,Monogram F,family & name,Cloudinary,Existing Catalog
0677,Monogram G,family & name,Cloudinary,Existing Catalog
0678,Monogram H,family & name,Cloudinary,Existing Catalog
0679,Monogram I,family & name,Cloudinary,Existing Catalog
0680,Monogram J,family & name,Cloudinary,Existing Catalog
0681,Monogram K,family & name,Cloudinary,Existing Catalog
0682,Monogram L,family & name,Cloudinary,Existing Catalog
0683,Monogram M,family & name,Cloudinary,Existing Catalog
0684,Monogram N,family & name,Cloudinary,Existing Catalog
0685,Monogram O,family & name,Cloudinary,Existing Catalog
0686,Monogram P,family & name,Cloudinary,Existing Catalog
0687,Monogram Q,family & name,Cloudinary,Existing Catalog
0688,Monogram R,family & name,Cloudinary,Existing Catalog
0689,Monogram S,family & name,Cloudinary,Existing Catalog
0690,Monogram T,family & name,Cloudinary,Existing Catalog
0691,Monogram U,family & name,Cloudinary,Existing Catalog
0692,Monogram V,family & name,Cloudinary,Existing Catalog
0693,Monogram W,family & name,Cloudinary,Existing Catalog
0694,Monogram X,family & name,Cloudinary,Existing Catalog
0695,Monogram Y,family & name,Cloudinary,Existing Catalog
0696,Monogram Z,family & name,Cloudinary,Existing Catalog
0697,Split scroll A,family & name,Cloudinary,Existing Catalog
0698,Split scroll B,family & name,Cloudinary,Existing Catalog
0699,Split scroll C,family & name,Cloudinary,Existing Catalog
0700,Split scroll D,family & name,Cloudinary,Existing Catalog
0701,Split scroll E,family & name,Cloudinary,Existing Catalog
0702,Split scroll F,family & name,Cloudinary,Existing Catalog
0703,Split scroll G,family & name,Cloudinary,Existing Catalog
0704,Split scroll H,family & name,Cloudinary,Existing Catalog
0705,Split scroll I,family & name,Cloudinary,Existing Catalog
0706,Split scroll J,family & name,Cloudinary,Existing Catalog
0707,Split scroll K,family & name,Cloudinary,Existing Catalog
0708,Split scroll L,family & name,Cloudinary,Existing Catalog
0709,Split scroll M,family & name,Cloudinary,Existing Catalog
0710,Split scroll N,family & name,Cloudinary,Existing Catalog
0711,Split scroll O,family & name,Cloudinary,Existing Catalog
0712,Split scroll P,family & name,Cloudinary,Existing Catalog
0713,Split scroll Q,family & name,Cloudinary,Existing Catalog
0714,Split scroll R,family & name,Cloudinary,Existing Catalog
0715,Split scroll S,family & name,Cloudinary,Existing Catalog
0716,Split scroll T,family & name,Cloudinary,Existing Catalog
0717,Split scroll U,family & name,Cloudinary,Existing Catalog
0718,Split scroll V,family & name,Cloudinary,Existing Catalog
0719,Split scroll W,family & name,Cloudinary,Existing Catalog
0720,Split scroll X,family & name,Cloudinary,Existing Catalog
0721,Split scroll Y,family & name,Cloudinary,Existing Catalog
0722,Split scroll Z,family & name,Cloudinary,Existing Catalog
0723,Steampunk A,family & name,Cloudinary,Existing Catalog
0724,Steampunk B,family & name,Cloudinary,Existing Catalog
0725,Steampunk C,family & name,Cloudinary,Existing Catalog
0726,Steampunk D,family & name,Cloudinary,Existing Catalog
0727,Steampunk E,family & name,Cloudinary,Existing Catalog
0728,Steampunk F,family & name,Cloudinary,Existing Catalog
0729,Steampunk G,family & name,Cloudinary,Existing Catalog
0730,Steampunk H,family & name,Cloudinary,Existing Catalog
0731,Steampunk I,family & name,Cloudinary,Existing Catalog
0732,Steampunk J,family & name,Cloudinary,Existing Catalog
0733,Steampunk K,family & name,Cloudinary,Existing Catalog
0734,Steampunk L,family & name,Cloudinary,Existing Catalog
0735,Steampunk M,family & name,Cloudinary,Existing Catalog
0736,Steampunk Mr and Mrs,wedding and events,Cloudinary,Existing Catalog
0737,Steampunk N,family & name,Cloudinary,Existing Catalog
0738,Steampunk O,family & name,Cloudinary,Existing Catalog
0739,Steampunk P,family & name,Cloudinary,Existing Catalog
0740,Steampunk Q,family & name,Cloudinary,Existing Catalog
0741,Steampunk R,family & name,Cloudinary,Existing Catalog
0742,Steampunk S,family & name,Cloudinary,Existing Catalog
0743,Steampunk T,family & name,Cloudinary,Existing Catalog
0744,Steampunk U,family & name,Cloudinary,Existing Catalog
0745,Steampunk V,family & name,Cloudinary,Existing Catalog
0746,Steampunk W,family & name,Cloudinary,Existing Catalog
0747,Steampunk X,family & name,Cloudinary,Existing Catalog
0748,Steampunk Y,family & name,Cloudinary,Existing Catalog
0749,Steampunk Z,family & name,Cloudinary,Existing Catalog
0750,Alphabet Snowman,seasonal and holiday,Cloudinary,Existing Catalog
0751,Alphabet split model 1,family & name,Cloudinary,Existing Catalog
0752,Alphabet split model 10,family & name,Cloudinary,Existing Catalog
0753,Alphabet split model 11,family & name,Cloudinary,Existing Catalog
0754,Alphabet split model 12,family & name,Cloudinary,Existing Catalog
0755,Alphabet split model 13,family & name,Cloudinary,Existing Catalog
0756,Alphabet split model 14,family & name,Cloudinary,Existing Catalog
0757,Alphabet Split Model 15,family & name,Cloudinary,Existing Catalog
0758,Alphabet Split Model 16,family & name,Cloudinary,Existing Catalog
0759,Alphabet Split Model 17,family & name,Cloudinary,Existing Catalog
0760,Alphabet Split Model 19,family & name,Cloudinary,Existing Catalog
0761,Alphabet split model 2,family & name,Cloudinary,Existing Catalog
0762,Alphabet split model 3,family & name,Cloudinary,Existing Catalog
0763,Alphabet split model 4,family & name,Cloudinary,Existing Catalog
0764,Alphabet split model 5,family & name,Cloudinary,Existing Catalog
0765,Alphabet split model 6,family & name,Cloudinary,Existing Catalog
0766,Alphabet split model 7,family & name,Cloudinary,Existing Catalog
0767,Alphabet split model 8,family & name,Cloudinary,Existing Catalog
0768,Alphabet split model 9,family & name,Cloudinary,Existing Catalog
0769,Alphabet Turquey,family & name,Cloudinary,Existing Catalog
0770,Snow Monogram Letter 1,family & name,Cloudinary,Existing Catalog
0771,Snow Monogram Letter 2,family & name,Cloudinary,Existing Catalog
0772,Snow Monogram Letter 3,family & name,Cloudinary,Existing Catalog
0773,Snow Monogram Letter 4,family & name,Cloudinary,Existing Catalog
0774,Snow Split Monogram 1,family & name,Cloudinary,Existing Catalog
0775,Split Letter Monogram 1,family & name,Cloudinary,Existing Catalog
0776,Split Letter Monogram 10,family & name,Cloudinary,Existing Catalog
0777,Split Letter Monogram 11,family & name,Cloudinary,Existing Catalog
0778,Split Letter Monogram 12,family & name,Cloudinary,Existing Catalog
0779,Split Letter Monogram 13,family & name,Cloudinary,Existing Catalog
0780,Split Letter Monogram 14,family & name,Cloudinary,Existing Catalog
0781,Split Letter Monogram 15,family & name,Cloudinary,Existing Catalog
0782,Split Letter Monogram 16,family & name,Cloudinary,Existing Catalog
0783,Split Letter Monogram 17,family & name,Cloudinary,Existing Catalog
0784,Split Letter Monogram 18,family & name,Cloudinary,Existing Catalog
0785,Split Letter Monogram 19,family & name,Cloudinary,Existing Catalog
0786,Split Letter Monogram 2,family & name,Cloudinary,Existing Catalog
0787,Split Letter Monogram 20,family & name,Cloudinary,Existing Catalog
0788,Split Letter Monogram 21,family & name,Cloudinary,Existing Catalog
0789,Split Letter Monogram 22,family & name,Cloudinary,Existing Catalog
0790,Split Letter Monogram 23,family & name,Cloudinary,Existing Catalog
0791,Split Letter Monogram 24,family & name,Cloudinary,Existing Catalog
0792,Split Letter Monogram 25,family & name,Cloudinary,Existing Catalog
0793,Split Letter Monogram 3,family & name,Cloudinary,Existing Catalog
0794,Split Letter Monogram 4,family & name,Cloudinary,Existing Catalog
0795,Split Letter Monogram 5,family & name,Cloudinary,Existing Catalog
0796,Split Letter Monogram 6,family & name,Cloudinary,Existing Catalog
0797,Split Letter Monogram 7,family & name,Cloudinary,Existing Catalog
0798,Split Letter Monogram 8,family & name,Cloudinary,Existing Catalog
0799,Split Letter Monogram 9,family & name,Cloudinary,Existing Catalog
0800,moon and back 1,home decor and inspirational,Cloudinary,Existing Catalog
0801,moon and back 2,home decor and inspirational,Cloudinary,Existing Catalog
0802,moon and back 3,home decor and inspirational,Cloudinary,Existing Catalog
0803,moon and back 4,home decor and inspirational,Cloudinary,Existing Catalog
0804,moon and back 5,home decor and inspirational,Cloudinary,Existing Catalog
0805,moon and back 6,home decor and inspirational,Cloudinary,Existing Catalog
0806,moon and back 7,home decor and inspirational,Cloudinary,Existing Catalog
0807,moon and back 8,home decor and inspirational,Cloudinary,Existing Catalog
0808,MOTHER 1,family & name,Cloudinary,Existing Catalog
0809,MOTHER 10,family & name,Cloudinary,Existing Catalog
0810,MOTHER 11,family & name,Cloudinary,Existing Catalog
0811,MOTHER 12,family & name,Cloudinary,Existing Catalog
0812,MOTHER 13,family & name,Cloudinary,Existing Catalog
0813,MOTHER 14,family & name,Cloudinary,Existing Catalog
0814,MOTHER 15,family & name,Cloudinary,Existing Catalog
0815,MOTHER 16,family & name,Cloudinary,Existing Catalog
0816,MOTHER 17,family & name,Cloudinary,Existing Catalog
0817,MOTHER 18,family & name,Cloudinary,Existing Catalog
0818,MOTHER 2,family & name,Cloudinary,Existing Catalog
0819,MOTHER 3,family & name,Cloudinary,Existing Catalog
0820,MOTHER 4,family & name,Cloudinary,Existing Catalog
0821,MOTHER 5,family & name,Cloudinary,Existing Catalog
0822,MOTHER 6,family & name,Cloudinary,Existing Catalog
0823,MOTHER 7,family & name,Cloudinary,Existing Catalog
0824,MOTHER 8,family & name,Cloudinary,Existing Catalog
0825,MOTHER 9,family & name,Cloudinary,Existing Catalog
0827,10 mm socket memorial,memorial and tribute,Cloudinary,Existing Catalog
0828,2 Koi 2 Lotus soft eyes,wildlife and outdoors,Cloudinary,Existing Catalog
0829,2 owls in tree,home decor and inspirational,Cloudinary,Existing Catalog
0830,2 tattoo guns sign cut,sports and hobbies,Cloudinary,Existing Catalog
0831,2A Eagle,wildlife and outdoors,Cloudinary,Existing Catalog
0832,2A Shall Not Be Infringed,home decor and inspirational,Cloudinary,Existing Catalog
0833,2AShallNotBeInfringed,home decor and inspirational,Cloudinary,Existing Catalog
0834,3 Hearts,home decor and inspirational,Cloudinary,Existing Catalog
0835,3 pumpkins large,seasonal and holiday,Cloudinary,Existing Catalog
0836,4 Arrows,home decor and inspirational,Cloudinary,Existing Catalog
0840,69 mustang,garage and workshop,Cloudinary,Existing Catalog
0842,AR 15 rifle,sports and hobbies,Cloudinary,Existing Catalog
0843,Address Welcome Plaque,address and property,Cloudinary,Existing Catalog
0844,Air force logo,memorial and tribute,Cloudinary,Existing Catalog
0845,All of me All of you,home decor and inspirational,Cloudinary,Existing Catalog
0846,Always Do What You Love,home decor and inspirational,Cloudinary,Existing Catalog
0847,Always and forever infinity,home decor and inspirational,Cloudinary,Existing Catalog
0848,American Flag Saw,seasonal and holiday,Cloudinary,Existing Catalog
0852,Angel,home decor and inspirational,Cloudinary,Existing Catalog
0853,Arcade,sports and hobbies,Cloudinary,Existing Catalog
0854,Arrow Dream catcher,home decor and inspirational,Cloudinary,Existing Catalog
0855,Atlas,home decor and inspirational,Cloudinary,Existing Catalog
0856,BBQ Pig 2,sports and hobbies,Cloudinary,Existing Catalog
0857,BBQ Pig and utensils,sports and hobbies,Cloudinary,Existing Catalog
0858,BBQ Pig,sports and hobbies,Cloudinary,Existing Catalog
0859,Baby Yoda,home decor and inspirational,Cloudinary,Existing Catalog
0860,Bar,sports and hobbies,Cloudinary,Existing Catalog
0861,Barb wire framed cross,home decor and inspirational,Cloudinary,Existing Catalog
0862,Bed and Breakfast,home decor and inspirational,Cloudinary,Existing Catalog
0863,Beef cuts,farm and western,Cloudinary,Existing Catalog
0864,Beer Barrel,sports and hobbies,Cloudinary,Existing Catalog
0865,Beer Stein Shakespeare,sports and hobbies,Cloudinary,Existing Catalog
0866,Beer Tap Handle,sports and hobbies,Cloudinary,Existing Catalog
0867,Believe,home decor and inspirational,Cloudinary,Existing Catalog
0868,Beware of dog,address and property,Cloudinary,Existing Catalog
0869,Biohazard skull,home decor and inspirational,Cloudinary,Existing Catalog
0870,Blessed,home decor and inspirational,Cloudinary,Existing Catalog
0871,Bought Not Built,home decor and inspirational,Cloudinary,Existing Catalog
0872,Bride and Groom 2,wedding and events,Cloudinary,Existing Catalog
0873,Built Not Bought 2,home decor and inspirational,Cloudinary,Existing Catalog
0874,Built Not Bought,home decor and inspirational,Cloudinary,Existing Catalog
0875,Butterflies and heart,wildlife and outdoors,Cloudinary,Existing Catalog
0876,C10 front end,garage and workshop,Cloudinary,Existing Catalog
0878,Camp oval,wildlife and outdoors,Cloudinary,Existing Catalog
0879,Camper name plate,wildlife and outdoors,Cloudinary,Existing Catalog
0880,Celtic heart Cross,home decor and inspirational,Cloudinary,Existing Catalog
0881,Celtic tree of life,home decor and inspirational,Cloudinary,Existing Catalog
0883,Chicken cuts,farm and western,Cloudinary,Existing Catalog
0884,Christmas tree and truck,seasonal and holiday,Cloudinary,Existing Catalog
0885,Christmas tree monogram,seasonal and holiday,Cloudinary,Existing Catalog
0886,Cigar Lounge Version 2,sports and hobbies,Cloudinary,Existing Catalog
0887,Cigar Lounge,sports and hobbies,Cloudinary,Existing Catalog
0888,Cigar and Bourbon,sports and hobbies,Cloudinary,Existing Catalog
0889,Clap board film strip,sports and hobbies,Cloudinary,Existing Catalog
0890,Coal Miner SKULL,home decor and inspirational,Cloudinary,Existing Catalog
0891,Coffee Shop,home decor and inspirational,Cloudinary,Existing Catalog
0892,Cold Beer served here,sports and hobbies,Cloudinary,Existing Catalog
0893,Copper Still,home decor and inspirational,Cloudinary,Existing Catalog
0894,Country Kitchen,farm and western,Cloudinary,Existing Catalog
0895,Cow skull Spears and Campfire,farm and western,Cloudinary,Existing Catalog
0896,Dads Garage,garage and workshop,Cloudinary,Existing Catalog
0897,Dads Hangar,garage and workshop,Cloudinary,Existing Catalog
0898,Dads Man cave,home decor and inspirational,Cloudinary,Existing Catalog
0899,Dads Workshop,garage and workshop,Cloudinary,Existing Catalog
0900,Dads garage arrow,garage and workshop,Cloudinary,Existing Catalog
0901,Day of the dead girl,home decor and inspirational,Cloudinary,Existing Catalog
0902,Deer Skull and Guns,wildlife and outdoors,Cloudinary,Existing Catalog
0903,Deplorables for trump 2020,seasonal and holiday,Cloudinary,Existing Catalog
0904,Descendant of men,home decor and inspirational,Cloudinary,Existing Catalog
0905,Dime,sports and hobbies,Cloudinary,Existing Catalog
0906,Diner design,home decor and inspirational,Cloudinary,Existing Catalog
0907,Dirty Hands Clean Money Stick,home decor and inspirational,Cloudinary,Existing Catalog
0908,Dirty Hands Clean Money Tig Torch,garage and workshop,Cloudinary,Existing Catalog
0909,Dirty Hands Clean Money mig,garage and workshop,Cloudinary,Existing Catalog
0910,Dod girl,home decor and inspirational,Cloudinary,Existing Catalog
0911,Double Movie Ticket,sports and hobbies,Cloudinary,Existing Catalog
0912,Dragon,wildlife and outdoors,Cloudinary,Existing Catalog
0913,Dream Catcher Monogram frame,family & name,Cloudinary,Existing Catalog
0914,Dreamer,home decor and inspirational,Cloudinary,Existing Catalog
0915,EPIC shit Basic people,home decor and inspirational,Cloudinary,Existing Catalog
0916,Eagle Liberty Bell,wildlife and outdoors,Cloudinary,Existing Catalog
0918,Eagle head without frame,wildlife and outdoors,Cloudinary,Existing Catalog
0919,Eisenhower Silver Dollar,sports and hobbies,Cloudinary,Existing Catalog
0920,Elephant,wildlife and outdoors,Cloudinary,Existing Catalog
0921,End of the trail silhouette,farm and western,Cloudinary,Existing Catalog
0922,End of the trail,farm and western,Cloudinary,Existing Catalog
0923,Everythingstartswithadream,home decor and inspirational,Cloudinary,Existing Catalog
0924,Faith and Family arrows,family & name,Cloudinary,Existing Catalog
0925,Fall Truck,seasonal and holiday,Cloudinary,Existing Catalog
0926,Fall milk jug,seasonal and holiday,Cloudinary,Existing Catalog
0927,Fancy cross,home decor and inspirational,Cloudinary,Existing Catalog
0928,Farm Fresh Bacon,farm and western,Cloudinary,Existing Catalog
0929,Farm Fresh Beef,farm and western,Cloudinary,Existing Catalog
0930,Farm Fresh Christmas trees,seasonal and holiday,Cloudinary,Existing Catalog
0931,Farm Fresh Eggs,farm and western,Cloudinary,Existing Catalog
0932,Farm Fresh,farm and western,Cloudinary,Existing Catalog
0933,Farmers Market,farm and western,Cloudinary,Existing Catalog
0934,Farmhouse,farm and western,Cloudinary,Existing Catalog
0935,Fbomb Key Chain,home decor and inspirational,Cloudinary,Existing Catalog
0936,Fbomb,home decor and inspirational,Cloudinary,Existing Catalog
0937,Fifth Wheel name plaque,wildlife and outdoors,Cloudinary,Existing Catalog
0938,Fireman,memorial and tribute,Cloudinary,Existing Catalog
0939,Firemen Maltese cross,memorial and tribute,Cloudinary,Existing Catalog
0940,Fist and Piston,garage and workshop,Cloudinary,Existing Catalog
0941,Fist and wrench,garage and workshop,Cloudinary,Existing Catalog
0942,Fleur de lis,home decor and inspirational,Cloudinary,Existing Catalog
0943,For Gentleman,home decor and inspirational,Cloudinary,Existing Catalog
0945,Found Here After Dark,home decor and inspirational,Cloudinary,Existing Catalog
0946,Free Body Piercings,home decor and inspirational,Cloudinary,Existing Catalog
0947,Funny no tresspassing,address and property,Cloudinary,Existing Catalog
0948,Game Room Poker Chip and Dice,sports and hobbies,Cloudinary,Existing Catalog
0949,Gear Head,garage and workshop,Cloudinary,Existing Catalog
0950,General Lee hot rod,garage and workshop,Cloudinary,Existing Catalog
0951,Good Beer Pour Decisions,sports and hobbies,Cloudinary,Existing Catalog
0953,Good things Hustle saw,home decor and inspirational,Cloudinary,Existing Catalog
0954,Grandpas garage,garage and workshop,Cloudinary,Existing Catalog
0955,Grateful,home decor and inspirational,Cloudinary,Existing Catalog
0956,Graveyard scene,seasonal and holiday,Cloudinary,Existing Catalog
0957,Grenade,sports and hobbies,Cloudinary,Existing Catalog
0958,Grind Execute Hustle,home decor and inspirational,Cloudinary,Existing Catalog
0959,Guitar Monogram frame,sports and hobbies,Cloudinary,Existing Catalog
0960,Half Dollar,sports and hobbies,Cloudinary,Existing Catalog
0961,Happy Campers,home decor and inspirational,Cloudinary,Existing Catalog
0962,Happy Fall Yall mason Jar,seasonal and holiday,Cloudinary,Existing Catalog
0963,Happy Fall yall  plaque,seasonal and holiday,Cloudinary,Existing Catalog
0964,Happy Valentines Day,seasonal and holiday,Cloudinary,Existing Catalog
0965,Hear no Speak no See no 30 inch,home decor and inspirational,Cloudinary,Existing Catalog
0966,Heart Tree with alt Border,home decor and inspirational,Cloudinary,Existing Catalog
0967,Heart Tree with border,home decor and inspirational,Cloudinary,Existing Catalog
0968,Heart and Dagger,home decor and inspirational,Cloudinary,Existing Catalog
0969,Home,home decor and inspirational,Cloudinary,Existing Catalog
0970,Horseshoe Welcome sign,farm and western,Cloudinary,Existing Catalog
0971,Hot Rod Truck,garage and workshop,Cloudinary,Existing Catalog
0972,Hot Rod with flames,garage and workshop,Cloudinary,Existing Catalog
0973,Hot Rod,garage and workshop,Cloudinary,Existing Catalog
0974,Hot rod 2,garage and workshop,Cloudinary,Existing Catalog
0975,Hot rod front view,garage and workshop,Cloudinary,Existing Catalog
0976,Hunna Dolla Bill,home decor and inspirational,Cloudinary,Existing Catalog
0977,Indian Chief,home decor and inspirational,Cloudinary,Existing Catalog
0978,Infinity Monogram,family & name,Cloudinary,Existing Catalog
0979,Intermission,home decor and inspirational,Cloudinary,Existing Catalog
0980,Jesus Cross,home decor and inspirational,Cloudinary,Existing Catalog
0981,Jesus Fish and crosses,wildlife and outdoors,Cloudinary,Existing Catalog
0982,Jesus Fish w Cross,wildlife and outdoors,Cloudinary,Existing Catalog
0983,Jesus Fish,wildlife and outdoors,Cloudinary,Existing Catalog
0984,Kick your boots off,home decor and inspirational,Cloudinary,Existing Catalog
0985,Koi and lotus,wildlife and outdoors,Cloudinary,Existing Catalog
0986,Lady Liberty,seasonal and holiday,Cloudinary,Existing Catalog
0987,Las Vegas Poker Chip and Dice,sports and hobbies,Cloudinary,Existing Catalog
0988,Laundry Loads of Fun,home decor and inspirational,Cloudinary,Existing Catalog
0989,Laundry room dirty duds,home decor and inspirational,Cloudinary,Existing Catalog
0990,Let_s Eat,home decor and inspirational,Cloudinary,Existing Catalog
0991,Life gives you lemons,home decor and inspirational,Cloudinary,Existing Catalog
0992,Lifes a beach surf board,beach and coastal,Cloudinary,Existing Catalog
0993,Lifes a bitch,home decor and inspirational,Cloudinary,Existing Catalog
0994,Lineman Electrician skull,garage and workshop,Cloudinary,Existing Catalog
0995,Lion Head,wildlife and outdoors,Cloudinary,Existing Catalog
0996,Live laugh poop,home decor and inspirational,Cloudinary,Existing Catalog
0997,Love 420,home decor and inspirational,Cloudinary,Existing Catalog
0998,Machinist Skull,garage and workshop,Cloudinary,Existing Catalog
1000,Man Cave Poker Chip and Dice,sports and hobbies,Cloudinary,Existing Catalog
1001,Man Cave Saw blade,home decor and inspirational,Cloudinary,Existing Catalog
1002,Man cave Shield,home decor and inspirational,Cloudinary,Existing Catalog
1003,Marine Corps Logo,home decor and inspirational,Cloudinary,Existing Catalog
1004,Marine logo,home decor and inspirational,Cloudinary,Existing Catalog
1005,Marlin and Compass,lake house and nautical,Cloudinary,Existing Catalog
1006,Mary Jane,home decor and inspirational,Cloudinary,Existing Catalog
1007,Mary Janes killer chronic,home decor and inspirational,Cloudinary,Existing Catalog
1008,Mechanic,garage and workshop,Cloudinary,Existing Catalog
1011,Medical marijuana,home decor and inspirational,Cloudinary,Existing Catalog
1012,Memorial Design Palatino Linotype font,memorial and tribute,Cloudinary,Existing Catalog
1013,Merry Christmas,seasonal and holiday,Cloudinary,Existing Catalog
1014,Moms She Shed,home decor and inspirational,Cloudinary,Existing Catalog
1015,Monogram Mason Jar,family & name,Cloudinary,Existing Catalog
1016,Monogram Round deco,family & name,Cloudinary,Existing Catalog
1017,Moon and back 18 x 18,home decor and inspirational,Cloudinary,Existing Catalog
1019,Moon and back new,home decor and inspirational,Cloudinary,Existing Catalog
1020,Moon to my Shine,home decor and inspirational,Cloudinary,Existing Catalog
1021,Moon to my shine old,home decor and inspirational,Cloudinary,Existing Catalog
1022,Moonshine in a Mason Jar,home decor and inspirational,Cloudinary,Existing Catalog
1023,Movie Ticket,sports and hobbies,Cloudinary,Existing Catalog
1024,Mr _ Mrs wine glasses monogram,wedding and events,Cloudinary,Existing Catalog
1025,Mr _ Mrs,wedding and events,Cloudinary,Existing Catalog
1026,Mr and Mrs with Est,wedding and events,Cloudinary,Existing Catalog
1027,Name Sign Date Established Blank,family & name,Cloudinary,Existing Catalog
1028,Nautical compass roses,lake house and nautical,Cloudinary,Existing Catalog
1029,No Pain No GainTattoo gun,sports and hobbies,Cloudinary,Existing Catalog
1030,No Trespassing target,address and property,Cloudinary,Existing Catalog
1031,No coffee no workee,home decor and inspirational,Cloudinary,Existing Catalog
1032,North Carolina Roots,wildlife and outdoors,Cloudinary,Existing Catalog
1033,North Carolina home,home decor and inspirational,Cloudinary,Existing Catalog
1034,North Pole,seasonal and holiday,Cloudinary,Existing Catalog
1035,North pole air mail,seasonal and holiday,Cloudinary,Existing Catalog
1036,Not all those who wander blade,home decor and inspirational,Cloudinary,Existing Catalog
1037,OLD GLORY,seasonal and holiday,Cloudinary,Existing Catalog
1038,Octopus,wildlife and outdoors,Cloudinary,Existing Catalog
1039,Owl and Key,wildlife and outdoors,Cloudinary,Existing Catalog
1040,POW MIA Eagle 36 inch,wildlife and outdoors,Cloudinary,Existing Catalog
1041,Pantry,home decor and inspirational,Cloudinary,Existing Catalog
1042,Papas Hangar,garage and workshop,Cloudinary,Existing Catalog
1043,Papas Man Cave,home decor and inspirational,Cloudinary,Existing Catalog
1044,Penny,sports and hobbies,Cloudinary,Existing Catalog
1045,Piston Skull,garage and workshop,Cloudinary,Existing Catalog
1046,Piston and gear garage sign,garage and workshop,Cloudinary,Existing Catalog
1047,Planchette,home decor and inspirational,Cloudinary,Existing Catalog
1049,Pork cuts butchers diagram,farm and western,Cloudinary,Existing Catalog
1050,Protected by the Lord and a Gun,sports and hobbies,Cloudinary,Existing Catalog
1051,Pumpkin 3,seasonal and holiday,Cloudinary,Existing Catalog
1052,Pumpkin Monogram Frame,seasonal and holiday,Cloudinary,Existing Catalog
1053,Quarter pound,sports and hobbies,Cloudinary,Existing Catalog
1054,RX8 skull,home decor and inspirational,Cloudinary,Existing Catalog
1055,Ranger Badge,memorial and tribute,Cloudinary,Existing Catalog
1056,Rat Rod,garage and workshop,Cloudinary,Existing Catalog
1057,Re elect 45,home decor and inspirational,Cloudinary,Existing Catalog
1058,Revelation 1911,home decor and inspirational,Cloudinary,Existing Catalog
1059,Rock _ Roll Guitar,sports and hobbies,Cloudinary,Existing Catalog
1060,Rose and skull design,home decor and inspirational,Cloudinary,Existing Catalog
1061,Route 66 Bullet Holes,home decor and inspirational,Cloudinary,Existing Catalog
1062,Route 66,home decor and inspirational,Cloudinary,Existing Catalog
1063,Rx7 Skull,home decor and inspirational,Cloudinary,Existing Catalog
1064,SKULBULB,home decor and inspirational,Cloudinary,Existing Catalog
1065,Santa Skull,seasonal and holiday,Cloudinary,Existing Catalog
1066,Sawdust is man glitter,garage and workshop,Cloudinary,Existing Catalog
1067,Scroll cross,home decor and inspirational,Cloudinary,Existing Catalog
1068,Semi front end,garage and workshop,Cloudinary,Existing Catalog
1069,Semi,garage and workshop,Cloudinary,Existing Catalog
1070,She Shed saw blade,home decor and inspirational,Cloudinary,Existing Catalog
1071,Ships wheel and rope,lake house and nautical,Cloudinary,Existing Catalog
1072,Shoot your local,home decor and inspirational,Cloudinary,Existing Catalog
1073,Shotgun skeleton,sports and hobbies,Cloudinary,Existing Catalog
1074,Show Stock,home decor and inspirational,Cloudinary,Existing Catalog
1076,Skeleton guitarist with cowboy hat,farm and western,Cloudinary,Existing Catalog
1077,Smash Your Goals,home decor and inspirational,Cloudinary,Existing Catalog
1078,Space Force logo,memorial and tribute,Cloudinary,Existing Catalog
1079,Space Force small logo,memorial and tribute,Cloudinary,Existing Catalog
1080,Spark Plug Bomber Girl,garage and workshop,Cloudinary,Existing Catalog
1081,Speed Shop 2,home decor and inspirational,Cloudinary,Existing Catalog
1082,Speed Shop,home decor and inspirational,Cloudinary,Existing Catalog
1083,Spirit Board,home decor and inspirational,Cloudinary,Existing Catalog
1084,Spirit board planchette,home decor and inspirational,Cloudinary,Existing Catalog
1085,Stand for the flag kneel for the cross 3 layer,seasonal and holiday,Cloudinary,Existing Catalog
1086,Stand for the flag kneel for the cross single layer,seasonal and holiday,Cloudinary,Existing Catalog
1087,Steampunk Garage,garage and workshop,Cloudinary,Existing Catalog
1088,Still Gonna Send It,home decor and inspirational,Cloudinary,Existing Catalog
1089,Sun 1,home decor and inspirational,Cloudinary,Existing Catalog
1090,Sun 10,home decor and inspirational,Cloudinary,Existing Catalog
1091,Sun 11,home decor and inspirational,Cloudinary,Existing Catalog
1092,Sun 12,home decor and inspirational,Cloudinary,Existing Catalog
1093,Sun 2,home decor and inspirational,Cloudinary,Existing Catalog
1094,Sun 3,home decor and inspirational,Cloudinary,Existing Catalog
1095,Sun 4,home decor and inspirational,Cloudinary,Existing Catalog
1096,Sun 5,home decor and inspirational,Cloudinary,Existing Catalog
1097,Sun 6(1),home decor and inspirational,Cloudinary,Existing Catalog
1098,Sun 6,home decor and inspirational,Cloudinary,Existing Catalog
1099,Sun 7(1),home decor and inspirational,Cloudinary,Existing Catalog
1100,Sun 7,home decor and inspirational,Cloudinary,Existing Catalog
1101,Sun 8(1),home decor and inspirational,Cloudinary,Existing Catalog
1102,Sun 8,home decor and inspirational,Cloudinary,Existing Catalog
1103,Sun 9,home decor and inspirational,Cloudinary,Existing Catalog
1104,Sun and Moon,home decor and inspirational,Cloudinary,Existing Catalog
1105,Sun and moon 2,home decor and inspirational,Cloudinary,Existing Catalog
1106,Sun and the moon,home decor and inspirational,Cloudinary,Existing Catalog
1107,Sunflowers 2 layer,home decor and inspirational,Cloudinary,Existing Catalog
1108,Sunflowers,home decor and inspirational,Cloudinary,Existing Catalog
1109,Super Bee Single Layer,wildlife and outdoors,Cloudinary,Existing Catalog
1110,Tactical skeleton,sports and hobbies,Cloudinary,Existing Catalog
1112,Tattoo Removal,sports and hobbies,Cloudinary,Existing Catalog
1113,Tattoo birds couple,sports and hobbies,Cloudinary,Existing Catalog
1114,Tattoo shop,sports and hobbies,Cloudinary,Existing Catalog
1115,Texas Bottle opener,home decor and inspirational,Cloudinary,Existing Catalog
1117,Thankful,home decor and inspirational,Cloudinary,Existing Catalog
1118,The Forge,garage and workshop,Cloudinary,Existing Catalog
1119,The General Store,home decor and inspirational,Cloudinary,Existing Catalog
1120,The Queen of hearts,home decor and inspirational,Cloudinary,Existing Catalog
1121,The mountains are calling,wildlife and outdoors,Cloudinary,Existing Catalog
1122,Theater masks,sports and hobbies,Cloudinary,Existing Catalog
1123,Theater,sports and hobbies,Cloudinary,Existing Catalog
1124,Theatre Now Showing,sports and hobbies,Cloudinary,Existing Catalog
1125,Theres no place like home,home decor and inspirational,Cloudinary,Existing Catalog
1126,Tiki mask,beach and coastal,Cloudinary,Existing Catalog
1127,Till Death skulls,home decor and inspirational,Cloudinary,Existing Catalog
1128,Tomahawks,home decor and inspirational,Cloudinary,Existing Catalog
1129,Toon truck with tree,home decor and inspirational,Cloudinary,Existing Catalog
1130,Tree cross,home decor and inspirational,Cloudinary,Existing Catalog
1131,Trespassers,home decor and inspirational,Cloudinary,Existing Catalog
1132,Tribal angel,home decor and inspirational,Cloudinary,Existing Catalog
1133,Trophy backplate,sports and hobbies,Cloudinary,Existing Catalog
1134,Trump 2020 2 layer,seasonal and holiday,Cloudinary,Existing Catalog
1135,Trump 2020 coin IN DON WE TRUST,sports and hobbies,Cloudinary,Existing Catalog
1136,Trump 2020 with shades,seasonal and holiday,Cloudinary,Existing Catalog
1137,Trump 2020 yard sign with stakes,seasonal and holiday,Cloudinary,Existing Catalog
1138,Trump 2020 yard sign,seasonal and holiday,Cloudinary,Existing Catalog
1139,Trump 2020,seasonal and holiday,Cloudinary,Existing Catalog
1142,Trump Build The Wall,seasonal and holiday,Cloudinary,Existing Catalog
1146,Trump Ill be back,seasonal and holiday,Cloudinary,Existing Catalog
1147,Trump MAGA,seasonal and holiday,Cloudinary,Existing Catalog
1148,Trump Train,seasonal and holiday,Cloudinary,Existing Catalog
1149,Trump head Keychain opener small,seasonal and holiday,Cloudinary,Existing Catalog
1150,Trump head bottle opener,seasonal and holiday,Cloudinary,Existing Catalog
1151,Truss Bar 2x6 doubled cross beam,sports and hobbies,Cloudinary,Existing Catalog
1152,Truss Beam Table template,home decor and inspirational,Cloudinary,Existing Catalog
1153,Truss desk 2x6 doubled cross beam,home decor and inspirational,Cloudinary,Existing Catalog
1154,Turkey Monogram,family & name,Cloudinary,Existing Catalog
1155,Turtle in Compass,lake house and nautical,Cloudinary,Existing Catalog
1156,Tyranny and Rebellion,home decor and inspirational,Cloudinary,Existing Catalog
1157,US Army logo,memorial and tribute,Cloudinary,Existing Catalog
1158,US Navy Logo,memorial and tribute,Cloudinary,Existing Catalog
1161,USPostagestamp,home decor and inspirational,Cloudinary,Existing Catalog
1162,United States Air Force Double layer with stars,memorial and tribute,Cloudinary,Existing Catalog
1163,United States Air Force no stars,memorial and tribute,Cloudinary,Existing Catalog
1164,United States Air Force single layer with stars,memorial and tribute,Cloudinary,Existing Catalog
1165,United States Army Logo,memorial and tribute,Cloudinary,Existing Catalog
1166,Us Coast Guard,memorial and tribute,Cloudinary,Existing Catalog
1168,Vintage sign design 1,home decor and inspirational,Cloudinary,Existing Catalog
1169,Vintage sign design 2,home decor and inspirational,Cloudinary,Existing Catalog
1170,Vintage sign design 3,home decor and inspirational,Cloudinary,Existing Catalog
1171,Vintage sign design 4,home decor and inspirational,Cloudinary,Existing Catalog
1172,Vintage sign design 5,home decor and inspirational,Cloudinary,Existing Catalog
1173,War Room back plate,home decor and inspirational,Cloudinary,Existing Catalog
1174,War Room,home decor and inspirational,Cloudinary,Existing Catalog
1175,Warning you are now in range,address and property,Cloudinary,Existing Catalog
1177,We Dont Dial 911 AR,home decor and inspirational,Cloudinary,Existing Catalog
1178,We The People 1776 plaque,seasonal and holiday,Cloudinary,Existing Catalog
1179,We The People US Outline,seasonal and holiday,Cloudinary,Existing Catalog
1180,We The People shield,seasonal and holiday,Cloudinary,Existing Catalog
1181,Wedding Tree of life curly List,wedding and events,Cloudinary,Existing Catalog
1182,Wedding rings,wedding and events,Cloudinary,Existing Catalog
1183,Weed the people US outline,home decor and inspirational,Cloudinary,Existing Catalog
1184,WeedEyesSugarSkull,home decor and inspirational,Cloudinary,Existing Catalog
1185,WeedThePeople,home decor and inspirational,Cloudinary,Existing Catalog
1186,Welcome Guitar,sports and hobbies,Cloudinary,Existing Catalog
1187,Welcome Saw Blade,home decor and inspirational,Cloudinary,Existing Catalog
1188,Welcome Sign,home decor and inspirational,Cloudinary,Existing Catalog
1189,Welcome Star,home decor and inspirational,Cloudinary,Existing Catalog
1190,Welding helmet,sports and hobbies,Cloudinary,Existing Catalog
1191,What would you do if you could not fail,home decor and inspirational,Cloudinary,Existing Catalog
1192,Wine bottle and glass,sports and hobbies,Cloudinary,Existing Catalog
1193,Wing cross,home decor and inspirational,Cloudinary,Existing Catalog
1194,Winners trophy and Banner,sports and hobbies,Cloudinary,Existing Catalog
1195,Winners trophy,sports and hobbies,Cloudinary,Existing Catalog
1196,Wooden Spoon Survivor,home decor and inspirational,Cloudinary,Existing Catalog
1197,Work Hard stay humble,home decor and inspirational,Cloudinary,Existing Catalog
1198,Worlds Greatest Dad Trophy,sports and hobbies,Cloudinary,Existing Catalog
1199,Worlds Greatest Mom Trophy,sports and hobbies,Cloudinary,Existing Catalog
1200,Yankee Candle holder blank,home decor and inspirational,Cloudinary,Existing Catalog
1201,Yin and Yang Tree,home decor and inspirational,Cloudinary,Existing Catalog
1202,You And Me infinity,home decor and inspirational,Cloudinary,Existing Catalog
1203,You Are Here target,address and property,Cloudinary,Existing Catalog
1204,Zebra skull,wildlife and outdoors,Cloudinary,Existing Catalog
1205,Zig Zag Man 2 layer,home decor and inspirational,Cloudinary,Existing Catalog
1206,bearded skull,home decor and inspirational,Cloudinary,Existing Catalog
1207,bee,wildlife and outdoors,Cloudinary,Existing Catalog
1208,cant knock the hustle,home decor and inspirational,Cloudinary,Existing Catalog
1209,corner coffee shop,home decor and inspirational,Cloudinary,Existing Catalog
1210,cowboy skull and guns,farm and western,Cloudinary,Existing Catalog
1211,cowboy skull,farm and western,Cloudinary,Existing Catalog
1212,cross cut saw,home decor and inspirational,Cloudinary,Existing Catalog
1213,dead and breakfast with stake,home decor and inspirational,Cloudinary,Existing Catalog
1214,dead and breakfast,home decor and inspirational,Cloudinary,Existing Catalog
1215,deer,wildlife and outdoors,Cloudinary,Existing Catalog
1216,dice cherries,sports and hobbies,Cloudinary,Existing Catalog
1217,dragon circle,wildlife and outdoors,Cloudinary,Existing Catalog
1218,gather,home decor and inspirational,Cloudinary,Existing Catalog
1219,gun flag,sports and hobbies,Cloudinary,Existing Catalog
1220,hear no speak no see no,home decor and inspirational,Cloudinary,Existing Catalog
1221,heart and rings,home decor and inspirational,Cloudinary,Existing Catalog
1222,highway 420 pot leafs small,home decor and inspirational,Cloudinary,Existing Catalog
1223,highway 420 pot leafs,home decor and inspirational,Cloudinary,Existing Catalog
1224,ironworker,garage and workshop,Cloudinary,Existing Catalog
1225,jukebox,sports and hobbies,Cloudinary,Existing Catalog
1226,light house and wheel,lake house and nautical,Cloudinary,Existing Catalog
1227,lion sugar skull,wildlife and outdoors,Cloudinary,Existing Catalog
1228,love heart,home decor and inspirational,Cloudinary,Existing Catalog
1229,love paw,home decor and inspirational,Cloudinary,Existing Catalog
1230,love quote,home decor and inspirational,Cloudinary,Existing Catalog
1231,made in usa,seasonal and holiday,Cloudinary,Existing Catalog
1232,mistletoe,seasonal and holiday,Cloudinary,Existing Catalog
1233,monogram Round Fleur,family & name,Cloudinary,Existing Catalog
1234,motor home with name plaque,family & name,Cloudinary,Existing Catalog
1236,north pole post,seasonal and holiday,Cloudinary,Existing Catalog
1237,olive tree of life,home decor and inspirational,Cloudinary,Existing Catalog
1238,popcorn,sports and hobbies,Cloudinary,Existing Catalog
1239,quarter,sports and hobbies,Cloudinary,Existing Catalog
1240,reindeer,seasonal and holiday,Cloudinary,Existing Catalog
1241,rooster wind vane,farm and western,Cloudinary,Existing Catalog
1242,scroll monogram,family & name,Cloudinary,Existing Catalog
1243,sugar bull skull,farm and western,Cloudinary,Existing Catalog
1245,walleye Hunter,sports and hobbies,Cloudinary,Existing Catalog
1246,welding helmet 2,sports and hobbies,Cloudinary,Existing Catalog
1247,windmill monogram,family & name,Cloudinary,Existing Catalog
1248,ALL MAD HERE,home decor and inspirational,Cloudinary,Existing Catalog
1249,Beer Served Here Key Football,sports and hobbies,Cloudinary,Existing Catalog
1250,Beer Served Here Key Helmet,sports and hobbies,Cloudinary,Existing Catalog
1251,Beer Served Here Key,sports and hobbies,Cloudinary,Existing Catalog
1252,DIRTY HANDS CLEAN MONEY PISTON,garage and workshop,Cloudinary,Existing Catalog
1253,EAGLE USA FLAG,seasonal and holiday,Cloudinary,Existing Catalog
1254,GARAGE RETRO SIGN,garage and workshop,Cloudinary,Existing Catalog
1257,It_s 5 o_clok somewhere,home decor and inspirational,Cloudinary,Existing Catalog
1259,KISS MY BASS OVAL,wildlife and outdoors,Cloudinary,Existing Catalog
1260,OVAL US FLAG EAGLE,seasonal and holiday,Cloudinary,Existing Catalog
1261,PROTECTED BY AR-15,address and property,Cloudinary,Existing Catalog
1262,PROTECTED BY THE LORD,home decor and inspirational,Cloudinary,Existing Catalog
1263,SAW BLADE HORSE,farm and western,Cloudinary,Existing Catalog
1264,Sewing room,sports and hobbies,Cloudinary,Existing Catalog
1265,Skull Calavera Pistolera,home decor and inspirational,Cloudinary,Existing Catalog
1266,Smokin Barrel Sign,home decor and inspirational,Cloudinary,Existing Catalog
1267,TIKI BAR MONKEY,sports and hobbies,Cloudinary,Existing Catalog
1268,VINTAGE CAR FRONT END,garage and workshop,Cloudinary,Existing Catalog
1269,antler deer,wildlife and outdoors,Cloudinary,Existing Catalog
1270,beach view firepit welcome sign,beach and coastal,Cloudinary,Existing Catalog
1271,birds welcome sign,home decor and inspirational,Cloudinary,Existing Catalog
1272,boots & dogs,home decor and inspirational,Cloudinary,Existing Catalog
1273,bull dog trespassers,farm and western,Cloudinary,Existing Catalog
1274,bulldog head,home decor and inspirational,Cloudinary,Existing Catalog
1275,cheap fast quality sign,home decor and inspirational,Cloudinary,Existing Catalog
1276,eagle triangle mountain,wildlife and outdoors,Cloudinary,Existing Catalog
1277,fence warning sign,address and property,Cloudinary,Existing Catalog
1278,fish us flag,seasonal and holiday,Cloudinary,Existing Catalog
1279,go away gnome,home decor and inspirational,Cloudinary,Existing Catalog
1281,home sweet home,home decor and inspirational,Cloudinary,Existing Catalog
1282,home sweet home 2,home decor and inspirational,Cloudinary,Existing Catalog
1283,hummingbird,wildlife and outdoors,Cloudinary,Existing Catalog
1285,journey lineman,home decor and inspirational,Cloudinary,Existing Catalog
1286,journeyman lineman,home decor and inspirational,Cloudinary,Existing Catalog
1287,las vegas welcome sign,home decor and inspirational,Cloudinary,Existing Catalog
1288,number one eagle usa 1,seasonal and holiday,Cloudinary,Existing Catalog
1289,number one eagle usa 2,seasonal and holiday,Cloudinary,Existing Catalog
1290,number one skull flowers,home decor and inspirational,Cloudinary,Existing Catalog
1291,phoenix,wildlife and outdoors,Cloudinary,Existing Catalog
1292,pool shark,sports and hobbies,Cloudinary,Existing Catalog
1295,skull biohazard,home decor and inspirational,Cloudinary,Existing Catalog
1297,skull wings,home decor and inspirational,Cloudinary,Existing Catalog
1298,snake sign,home decor and inspirational,Cloudinary,Existing Catalog
1299,stone firepit monogram welcome,family & name,Cloudinary,Existing Catalog
1300,weed it and reap,home decor and inspirational,Cloudinary,Existing Catalog
1301,welcome to our home flowers,home decor and inspirational,Cloudinary,Existing Catalog
1302,x3 life,home decor and inspirational,Cloudinary,Existing Catalog
1316,Wall clock Skull stars,home decor and inspirational,Cloudinary,Existing Catalog
1318,Wall clock Tiger,home decor and inspirational,Cloudinary,Existing Catalog
1350,CAR 1,home decor and inspirational,Cloudinary,Existing Catalog
1351,CAR 10,home decor and inspirational,Cloudinary,Existing Catalog
1352,CAR 11,home decor and inspirational,Cloudinary,Existing Catalog
1353,CAR 12,home decor and inspirational,Cloudinary,Existing Catalog
1354,CAR 13 SVG LASER,home decor and inspirational,Cloudinary,Existing Catalog
1355,CAR 13 SVG PLASMA,home decor and inspirational,Cloudinary,Existing Catalog
1356,CAR 14 SVG LASER,home decor and inspirational,Cloudinary,Existing Catalog
1357,CAR 14 SVG PLASMA,home decor and inspirational,Cloudinary,Existing Catalog
1358,CAR 2,home decor and inspirational,Cloudinary,Existing Catalog
1359,CAR 3,home decor and inspirational,Cloudinary,Existing Catalog
1360,CAR 4,home decor and inspirational,Cloudinary,Existing Catalog
1361,CAR 5,home decor and inspirational,Cloudinary,Existing Catalog
1362,CAR 6,home decor and inspirational,Cloudinary,Existing Catalog
1363,CAR 7,home decor and inspirational,Cloudinary,Existing Catalog
1364,CAR 8,home decor and inspirational,Cloudinary,Existing Catalog
1365,CAR 9,home decor and inspirational,Cloudinary,Existing Catalog
1366,1776,seasonal and holiday,Cloudinary,Existing Catalog
1367,MARINE CORPS,home decor and inspirational,Cloudinary,Existing Catalog
1368,US AIR FORCE,memorial and tribute,Cloudinary,Existing Catalog
1369,US ARMY 2,memorial and tribute,Cloudinary,Existing Catalog
1370,US ARMY 3,memorial and tribute,Cloudinary,Existing Catalog
1371,US ARMY,memorial and tribute,Cloudinary,Existing Catalog
1373,US MARINE CORPS 2,home decor and inspirational,Cloudinary,Existing Catalog
1374,US MARINE CORPS,home decor and inspirational,Cloudinary,Existing Catalog
1375,US MERCHANT MARINE,home decor and inspirational,Cloudinary,Existing Catalog
1376,US NAVY,memorial and tribute,Cloudinary,Existing Catalog
1377,USN,memorial and tribute,Cloudinary,Existing Catalog
1388,CROSS 1,home decor and inspirational,Cloudinary,Existing Catalog
1389,CROSS QUOTE 2,home decor and inspirational,Cloudinary,Existing Catalog
1390,CROSS QUOTE,home decor and inspirational,Cloudinary,Existing Catalog
1391,FAITH CROSS,home decor and inspirational,Cloudinary,Existing Catalog
1392,FAITH LOVE HOPE,home decor and inspirational,Cloudinary,Existing Catalog
1393,GOD IS GOOD,home decor and inspirational,Cloudinary,Existing Catalog
1394,JESUS 1,home decor and inspirational,Cloudinary,Existing Catalog
1395,JESUS 2,home decor and inspirational,Cloudinary,Existing Catalog
1396,JESUS 3,home decor and inspirational,Cloudinary,Existing Catalog
1397,JESUS 4,home decor and inspirational,Cloudinary,Existing Catalog
1398,JESUS 5,home decor and inspirational,Cloudinary,Existing Catalog
1399,JESUS 6,home decor and inspirational,Cloudinary,Existing Catalog
1401,JESUS IS MY ANCHOR,lake house and nautical,Cloudinary,Existing Catalog
1402,JESUS IS THE REASON,home decor and inspirational,Cloudinary,Existing Catalog
1403,SIMPLE FLAG 1,seasonal and holiday,Cloudinary,Existing Catalog
1404,SIMPLE FLAG 2,seasonal and holiday,Cloudinary,Existing Catalog
1405,SIMPLE FLAG 3,seasonal and holiday,Cloudinary,Existing Catalog
1406,SIMPLE FLAG 4,seasonal and holiday,Cloudinary,Existing Catalog
1407,SIMPLE FLAG 5,seasonal and holiday,Cloudinary,Existing Catalog
1408,2Geckos,home decor and inspirational,Cloudinary,Existing Catalog
1409,2IndianPots,home decor and inspirational,Cloudinary,Existing Catalog
1410,2gegkosSun,home decor and inspirational,Cloudinary,Existing Catalog
1411,Funkysun,home decor and inspirational,Cloudinary,Existing Catalog
1412,Gekko,wildlife and outdoors,Cloudinary,Existing Catalog
1413,IndianBirdFetish,home decor and inspirational,Cloudinary,Existing Catalog
1414,IndianTurtle2,home decor and inspirational,Cloudinary,Existing Catalog
1415,IndianTurtle3,home decor and inspirational,Cloudinary,Existing Catalog
1416,Kokapel15,farm and western,Cloudinary,Existing Catalog
1417,Kokapeli,farm and western,Cloudinary,Existing Catalog
1418,Kokop2,farm and western,Cloudinary,Existing Catalog
1419,SantaFeSun,home decor and inspirational,Cloudinary,Existing Catalog
1420,SpirtSun,home decor and inspirational,Cloudinary,Existing Catalog
1421,gecko5,home decor and inspirational,Cloudinary,Existing Catalog
1422,indianbear,farm and western,Cloudinary,Existing Catalog
1423,kieva dancers,farm and western,Cloudinary,Existing Catalog
1424,kokaSunBurst,farm and western,Cloudinary,Existing Catalog
1425,kokap3aa,farm and western,Cloudinary,Existing Catalog
1426,koko,farm and western,Cloudinary,Existing Catalog
1427,spirtbear,farm and western,Cloudinary,Existing Catalog
1428,vectorkokopeli,home decor and inspirational,Cloudinary,Existing Catalog
1429,SPLIT MONOGRAM 1,family & name,Cloudinary,Existing Catalog
1430,SPLIT MONOGRAM 10,family & name,Cloudinary,Existing Catalog
1431,SPLIT MONOGRAM 11,family & name,Cloudinary,Existing Catalog
1432,SPLIT MONOGRAM 12,family & name,Cloudinary,Existing Catalog
1433,SPLIT MONOGRAM 13,family & name,Cloudinary,Existing Catalog
1434,SPLIT MONOGRAM 14,family & name,Cloudinary,Existing Catalog
1435,SPLIT MONOGRAM 15,family & name,Cloudinary,Existing Catalog
1436,SPLIT MONOGRAM 16,family & name,Cloudinary,Existing Catalog
1437,SPLIT MONOGRAM 17,family & name,Cloudinary,Existing Catalog
1438,SPLIT MONOGRAM 18,family & name,Cloudinary,Existing Catalog
1439,SPLIT MONOGRAM 19,family & name,Cloudinary,Existing Catalog
1440,SPLIT MONOGRAM 2,family & name,Cloudinary,Existing Catalog
1441,SPLIT MONOGRAM 20,family & name,Cloudinary,Existing Catalog
1442,SPLIT MONOGRAM 21,family & name,Cloudinary,Existing Catalog
1443,SPLIT MONOGRAM 22,family & name,Cloudinary,Existing Catalog
1444,SPLIT MONOGRAM 23,family & name,Cloudinary,Existing Catalog
1445,SPLIT MONOGRAM 24,family & name,Cloudinary,Existing Catalog
1446,SPLIT MONOGRAM 25,family & name,Cloudinary,Existing Catalog
1447,SPLIT MONOGRAM 26,family & name,Cloudinary,Existing Catalog
1448,SPLIT MONOGRAM 27,family & name,Cloudinary,Existing Catalog
1449,SPLIT MONOGRAM 28,family & name,Cloudinary,Existing Catalog
1450,SPLIT MONOGRAM 3,family & name,Cloudinary,Existing Catalog
1451,SPLIT MONOGRAM 4,family & name,Cloudinary,Existing Catalog
1454,SPLIT MONOGRAM 7,family & name,Cloudinary,Existing Catalog
1455,SPLIT MONOGRAM 8,family & name,Cloudinary,Existing Catalog
1456,SPLIT MONOGRAM 9,family & name,Cloudinary,Existing Catalog
1457,sugar skull 1,home decor and inspirational,Cloudinary,Existing Catalog
1458,sugar skull 2,home decor and inspirational,Cloudinary,Existing Catalog
1459,sugar skull 3,home decor and inspirational,Cloudinary,Existing Catalog
1460,sugar skull 4,home decor and inspirational,Cloudinary,Existing Catalog
1461,sugar skull 5,home decor and inspirational,Cloudinary,Existing Catalog
1462,sugar skull 6 - SVG LASER,home decor and inspirational,Cloudinary,Existing Catalog
1463,sugar skull 6 - SVG PLASMA,home decor and inspirational,Cloudinary,Existing Catalog
1464,sugar skull 7,home decor and inspirational,Cloudinary,Existing Catalog
1466,beach life monogram,beach and coastal,Cloudinary,Existing Catalog
1467,beach life palm trees,beach and coastal,Cloudinary,Existing Catalog
1468,beach life,beach and coastal,Cloudinary,Existing Catalog
1469,beach sunset monogram,beach and coastal,Cloudinary,Existing Catalog
1470,flamingo beach scene monogram,beach and coastal,Cloudinary,Existing Catalog
1471,flip flop welcome,beach and coastal,Cloudinary,Existing Catalog
1472,hawaii girl,beach and coastal,Cloudinary,Existing Catalog
1473,hello summer pinapple,home decor and inspirational,Cloudinary,Existing Catalog
1474,palm trees sunset scene,beach and coastal,Cloudinary,Existing Catalog
1475,palms beach monogram,beach and coastal,Cloudinary,Existing Catalog
1476,surf palm tree monogram,beach and coastal,Cloudinary,Existing Catalog
1477,thailand palm trees,beach and coastal,Cloudinary,Existing Catalog
1478,welcome dolphines,home decor and inspirational,Cloudinary,Existing Catalog
1479,welcome palm trees,beach and coastal,Cloudinary,Existing Catalog
1480,welcome surfer,beach and coastal,Cloudinary,Existing Catalog
1481,welcome to our home,home decor and inspirational,Cloudinary,Existing Catalog
1482,sunflower 1,home decor and inspirational,Cloudinary,Existing Catalog
1483,sunflower 10,home decor and inspirational,Cloudinary,Existing Catalog
1484,sunflower 11,home decor and inspirational,Cloudinary,Existing Catalog
1485,sunflower 2,home decor and inspirational,Cloudinary,Existing Catalog
1486,sunflower 3,home decor and inspirational,Cloudinary,Existing Catalog
1487,sunflower 4,home decor and inspirational,Cloudinary,Existing Catalog
1488,sunflower 5,home decor and inspirational,Cloudinary,Existing Catalog
1489,sunflower 6,home decor and inspirational,Cloudinary,Existing Catalog
1490,sunflower 7,home decor and inspirational,Cloudinary,Existing Catalog
1491,sunflower 8,home decor and inspirational,Cloudinary,Existing Catalog
1492,sunflower 9,home decor and inspirational,Cloudinary,Existing Catalog
1493,sunflower monogram A,family & name,Cloudinary,Existing Catalog
1494,sunflower monogram B,family & name,Cloudinary,Existing Catalog
1495,sunflower monogram C,family & name,Cloudinary,Existing Catalog
1496,sunflower monogram D,family & name,Cloudinary,Existing Catalog
1497,sunflower monogram E,family & name,Cloudinary,Existing Catalog
1498,sunflower monogram F,family & name,Cloudinary,Existing Catalog
1499,sunflower monogram G,family & name,Cloudinary,Existing Catalog
1500,sunflower monogram H,family & name,Cloudinary,Existing Catalog
1501,sunflower monogram I,family & name,Cloudinary,Existing Catalog
1502,sunflower monogram J,family & name,Cloudinary,Existing Catalog
1503,sunflower monogram K,family & name,Cloudinary,Existing Catalog
1504,sunflower monogram L,family & name,Cloudinary,Existing Catalog
1505,sunflower monogram M,family & name,Cloudinary,Existing Catalog
1506,sunflower monogram N,family & name,Cloudinary,Existing Catalog
1507,sunflower monogram O,family & name,Cloudinary,Existing Catalog
1508,sunflower monogram P,family & name,Cloudinary,Existing Catalog
1509,sunflower monogram Q,family & name,Cloudinary,Existing Catalog
1510,sunflower monogram R,family & name,Cloudinary,Existing Catalog
1511,sunflower monogram S,family & name,Cloudinary,Existing Catalog
1512,sunflower monogram T,family & name,Cloudinary,Existing Catalog
1513,sunflower monogram U,family & name,Cloudinary,Existing Catalog
1514,sunflower monogram V,family & name,Cloudinary,Existing Catalog
1515,sunflower monogram W,family & name,Cloudinary,Existing Catalog
1516,sunflower monogram X,family & name,Cloudinary,Existing Catalog
1517,sunflower monogram Y,family & name,Cloudinary,Existing Catalog
1518,sunflower monogram Z,family & name,Cloudinary,Existing Catalog
1519,tree of life 1,home decor and inspirational,Cloudinary,Existing Catalog
1520,tree of life 10,home decor and inspirational,Cloudinary,Existing Catalog
1521,tree of life 11,home decor and inspirational,Cloudinary,Existing Catalog
1522,tree of life 12,home decor and inspirational,Cloudinary,Existing Catalog
1523,tree of life 13,home decor and inspirational,Cloudinary,Existing Catalog
1524,tree of life 14,home decor and inspirational,Cloudinary,Existing Catalog
1525,tree of life 15,home decor and inspirational,Cloudinary,Existing Catalog
1526,tree of life 16,home decor and inspirational,Cloudinary,Existing Catalog
1527,tree of life 17,home decor and inspirational,Cloudinary,Existing Catalog
1528,tree of life 18,home decor and inspirational,Cloudinary,Existing Catalog
1529,tree of life 19,home decor and inspirational,Cloudinary,Existing Catalog
1530,tree of life 2,home decor and inspirational,Cloudinary,Existing Catalog
1531,tree of life 20,home decor and inspirational,Cloudinary,Existing Catalog
1532,tree of life 21,home decor and inspirational,Cloudinary,Existing Catalog
1533,tree of life 22,home decor and inspirational,Cloudinary,Existing Catalog
1534,tree of life 23,home decor and inspirational,Cloudinary,Existing Catalog
1535,tree of life 24,home decor and inspirational,Cloudinary,Existing Catalog
1536,tree of life 25,home decor and inspirational,Cloudinary,Existing Catalog
1537,tree of life 26,home decor and inspirational,Cloudinary,Existing Catalog
1538,tree of life 27,home decor and inspirational,Cloudinary,Existing Catalog
1539,tree of life 28,home decor and inspirational,Cloudinary,Existing Catalog
1540,tree of life 29,home decor and inspirational,Cloudinary,Existing Catalog
1541,tree of life 3,home decor and inspirational,Cloudinary,Existing Catalog
1542,tree of life 30,home decor and inspirational,Cloudinary,Existing Catalog
1543,tree of life 31,home decor and inspirational,Cloudinary,Existing Catalog
1544,tree of life 32,home decor and inspirational,Cloudinary,Existing Catalog
1545,tree of life 33,home decor and inspirational,Cloudinary,Existing Catalog
1547,tree of life 35,home decor and inspirational,Cloudinary,Existing Catalog
1548,tree of life 36,home decor and inspirational,Cloudinary,Existing Catalog
1549,tree of life 37,home decor and inspirational,Cloudinary,Existing Catalog
1550,tree of life 38,home decor and inspirational,Cloudinary,Existing Catalog
1551,tree of life 39,home decor and inspirational,Cloudinary,Existing Catalog
1552,tree of life 4,home decor and inspirational,Cloudinary,Existing Catalog
1553,tree of life 40,home decor and inspirational,Cloudinary,Existing Catalog
1554,tree of life 41,home decor and inspirational,Cloudinary,Existing Catalog
1555,tree of life 42,home decor and inspirational,Cloudinary,Existing Catalog
1556,tree of life 43,home decor and inspirational,Cloudinary,Existing Catalog
1557,tree of life 44,home decor and inspirational,Cloudinary,Existing Catalog
1558,tree of life 45,home decor and inspirational,Cloudinary,Existing Catalog
1559,tree of life 46,home decor and inspirational,Cloudinary,Existing Catalog
1560,tree of life 47,home decor and inspirational,Cloudinary,Existing Catalog
1561,tree of life 48,home decor and inspirational,Cloudinary,Existing Catalog
1562,tree of life 5,home decor and inspirational,Cloudinary,Existing Catalog
1563,tree of life 50,home decor and inspirational,Cloudinary,Existing Catalog
1564,tree of life 51,home decor and inspirational,Cloudinary,Existing Catalog
1565,tree of life 52,home decor and inspirational,Cloudinary,Existing Catalog
1566,tree of life 53,home decor and inspirational,Cloudinary,Existing Catalog
1567,tree of life 54,home decor and inspirational,Cloudinary,Existing Catalog
1568,tree of life 55,home decor and inspirational,Cloudinary,Existing Catalog
1569,tree of life 56,home decor and inspirational,Cloudinary,Existing Catalog
1570,tree of life 6,home decor and inspirational,Cloudinary,Existing Catalog
1571,tree of life 7,home decor and inspirational,Cloudinary,Existing Catalog
1572,tree of life 8,home decor and inspirational,Cloudinary,Existing Catalog
1573,tree of life 9,home decor and inspirational,Cloudinary,Existing Catalog
1574,tree stake bigfoot,home decor and inspirational,Cloudinary,Existing Catalog
1575,tree stake bird family,family & name,Cloudinary,Existing Catalog
1576,tree stake bird mom family,family & name,Cloudinary,Existing Catalog
1577,tree stake butterfly,wildlife and outdoors,Cloudinary,Existing Catalog
1578,tree stake cardinal,home decor and inspirational,Cloudinary,Existing Catalog
1579,tree stake dragon,wildlife and outdoors,Cloudinary,Existing Catalog
1580,tree stake eagle flag,seasonal and holiday,Cloudinary,Existing Catalog
1581,tree stake eagle,wildlife and outdoors,Cloudinary,Existing Catalog
1582,tree stake fairy,home decor and inspirational,Cloudinary,Existing Catalog
1583,tree stake flag humming bird,seasonal and holiday,Cloudinary,Existing Catalog
1584,tree stake flag lemer,seasonal and holiday,Cloudinary,Existing Catalog
1585,tree stake flag,seasonal and holiday,Cloudinary,Existing Catalog
1586,tree stake gnomes family,family & name,Cloudinary,Existing Catalog
1587,tree stake gnomes love,home decor and inspirational,Cloudinary,Existing Catalog
1588,tree stake little bird,home decor and inspirational,Cloudinary,Existing Catalog
1589,tree stake love birds,home decor and inspirational,Cloudinary,Existing Catalog
1590,tree stake owl,wildlife and outdoors,Cloudinary,Existing Catalog
1591,tree stake quail,home decor and inspirational,Cloudinary,Existing Catalog
1592,tree stake racoon,home decor and inspirational,Cloudinary,Existing Catalog
1593,tree stake raven,home decor and inspirational,Cloudinary,Existing Catalog
1594,tree stake skunk,home decor and inspirational,Cloudinary,Existing Catalog
1595,tree stake squirrel,home decor and inspirational,Cloudinary,Existing Catalog
1596,2nd security 1789,address and property,Cloudinary,Existing Catalog
1597,AR-15 911,address and property,Cloudinary,Existing Catalog
1598,Wife Warning Sign,address and property,Cloudinary,Existing Catalog
1601,fuck around and find out,home decor and inspirational,Cloudinary,Existing Catalog
1602,funny trespassing sign,address and property,Cloudinary,Existing Catalog
1603,just the tip i promise,home decor and inspirational,Cloudinary,Existing Catalog
1604,kill yourself before i catch you,home decor and inspirational,Cloudinary,Existing Catalog
1605,no trespassing,address and property,Cloudinary,Existing Catalog
1606,protected by second amendment,address and property,Cloudinary,Existing Catalog
1607,protected by the lord 2,home decor and inspirational,Cloudinary,Existing Catalog
1609,think twice,home decor and inspirational,Cloudinary,Existing Catalog
1610,warning alarm,address and property,Cloudinary,Existing Catalog
1611,we do not dial 911 flag,seasonal and holiday,Cloudinary,Existing Catalog
1612,you are in range,address and property,Cloudinary,Existing Catalog
1613,you are now in range,address and property,Cloudinary,Existing Catalog
1614,Truck 001,home decor and inspirational,Cloudinary,Existing Catalog
1615,Truck 002,home decor and inspirational,Cloudinary,Existing Catalog
1616,Truck 003,home decor and inspirational,Cloudinary,Existing Catalog
1617,Truck 004,home decor and inspirational,Cloudinary,Existing Catalog
1618,Truck 005,home decor and inspirational,Cloudinary,Existing Catalog
1619,Truck 006,home decor and inspirational,Cloudinary,Existing Catalog
1620,Truck 007,home decor and inspirational,Cloudinary,Existing Catalog
1621,Truck 008,home decor and inspirational,Cloudinary,Existing Catalog
1622,Truck 009,home decor and inspirational,Cloudinary,Existing Catalog
1623,Truck 010,home decor and inspirational,Cloudinary,Existing Catalog
1624,Truck 011,home decor and inspirational,Cloudinary,Existing Catalog
1625,Truck 012,home decor and inspirational,Cloudinary,Existing Catalog
1626,Truck 013,home decor and inspirational,Cloudinary,Existing Catalog
1627,Truck 014,home decor and inspirational,Cloudinary,Existing Catalog
1628,Truck 015,home decor and inspirational,Cloudinary,Existing Catalog
1629,Truck 016,home decor and inspirational,Cloudinary,Existing Catalog
1630,Truck 017,home decor and inspirational,Cloudinary,Existing Catalog
1631,viking 1,sports and hobbies,Cloudinary,Existing Catalog
1632,viking 2,sports and hobbies,Cloudinary,Existing Catalog
1633,viking 3,sports and hobbies,Cloudinary,Existing Catalog
1643,welcome to the farm,farm and western,Cloudinary,Existing Catalog
1652,axe monogram 1,sports and hobbies,Cloudinary,Existing Catalog
1653,axe monogram 10,sports and hobbies,Cloudinary,Existing Catalog
1654,axe monogram 2,sports and hobbies,Cloudinary,Existing Catalog
1655,axe monogram 3,sports and hobbies,Cloudinary,Existing Catalog
1656,axe monogram 4,sports and hobbies,Cloudinary,Existing Catalog
1657,axe monogram 5,sports and hobbies,Cloudinary,Existing Catalog
1658,axe monogram 6,sports and hobbies,Cloudinary,Existing Catalog
1659,axe monogram 7,sports and hobbies,Cloudinary,Existing Catalog
1660,axe monogram 8,sports and hobbies,Cloudinary,Existing Catalog
1661,axe monogram 9,sports and hobbies,Cloudinary,Existing Catalog
1662,Christmas Wreath,seasonal and holiday,Cloudinary,Existing Catalog
1663,merry christmas monogram fancy metal,seasonal and holiday,Cloudinary,Existing Catalog
1664,merry christmas tree,seasonal and holiday,Cloudinary,Existing Catalog
1665,deer elk  monogram 1,wildlife and outdoors,Cloudinary,Existing Catalog
1666,deer elk  monogram 2,wildlife and outdoors,Cloudinary,Existing Catalog
1667,deer elk  monogram 3,wildlife and outdoors,Cloudinary,Existing Catalog
1668,deer elk  monogram 4,wildlife and outdoors,Cloudinary,Existing Catalog
1669,bless this home pumpkin,seasonal and holiday,Cloudinary,Existing Catalog
1670,gnome sunflower,home decor and inspirational,Cloudinary,Existing Catalog
1671,happy fall pumpkin,seasonal and holiday,Cloudinary,Existing Catalog
1672,happy fall sunflower,seasonal and holiday,Cloudinary,Existing Catalog
1673,happy fall yall jar,seasonal and holiday,Cloudinary,Existing Catalog
1674,happy fall yall sign,seasonal and holiday,Cloudinary,Existing Catalog
1675,happy thanksgiving bridged,seasonal and holiday,Cloudinary,Existing Catalog
1676,happy thanksgiving,seasonal and holiday,Cloudinary,Existing Catalog
1677,home sweet home pumpkin,seasonal and holiday,Cloudinary,Existing Catalog
1678,pumpkin gnome,seasonal and holiday,Cloudinary,Existing Catalog
1679,pumpkin welcome,seasonal and holiday,Cloudinary,Existing Catalog
1680,welcome pumpkin,seasonal and holiday,Cloudinary,Existing Catalog
1681,welcome fall pumpkin 1,seasonal and holiday,Placeholder,Existing Catalog
1682,fish & hook 1,sports and hobbies,Placeholder,Existing Catalog
1683,fish & hook 2,sports and hobbies,Placeholder,Existing Catalog
1684,fish & hook 3,sports and hobbies,Placeholder,Existing Catalog
1685,fishing hook,sports and hobbies,Placeholder,Existing Catalog
1686,lake house monogram,lake house and nautical,Cloudinary,Existing Catalog
1687,lake house sign monogram,lake house and nautical,Cloudinary,Existing Catalog
1688,lake house simple monogram,lake house and nautical,Cloudinary,Existing Catalog
1689,welcome lake house monogram,lake house and nautical,Cloudinary,Existing Catalog
1690,deer elk sawblade,wildlife and outdoors,Cloudinary,Existing Catalog
1691,deer walcome saw,wildlife and outdoors,Cloudinary,Existing Catalog
1692,forest scene saw blade,wildlife and outdoors,Cloudinary,Existing Catalog
1693,sawblade deer scene 1,wildlife and outdoors,Cloudinary,Existing Catalog
1694,sawblade deer scene welcome,wildlife and outdoors,Cloudinary,Existing Catalog
1695,Coin American Silver Eagle Dollar,more designs,Cloudinary,Clear
1696,Skull wings III,more designs,Cloudinary,Clear
1697,Smith Est 2004,more designs,Cloudinary,Clear
1698,Dogs barks,more designs,Cloudinary,Clear
1699,Bexte Farm,more designs,Cloudinary,Clear
1700,Sunshine _ Wiskey,more designs,Cloudinary,Clear
1701,Scissors,more designs,Cloudinary,Clear
1702,Script Name Arrow Grace,more designs,Cloudinary,Clear
1703,Farm Cow head Sign,more designs,Cloudinary,Clear
1704,flip flop,more designs,Cloudinary,Clear
1705,Bear Family Mountain Scene,more designs,Cloudinary,Clear
1706,Imdirin,more designs,Cloudinary,Clear
1707,Home means Nevada,more designs,Cloudinary,Clear
1708,Skull GateKeepers,more designs,Cloudinary,Clear
1709,Skull Fire Force,more designs,Cloudinary,Clear
1710,Horse Wings,more designs,Cloudinary,Clear
1711,Tiki 1,more designs,Cloudinary,Clear
1712,Dolphin Clamp,more designs,Cloudinary,Clear
1713,Lazi He Ranch,more designs,Cloudinary,Clear
1714,Badge USMC Sign,more designs,Cloudinary,Clear
1715,swordsfish rev,more designs,Cloudinary,Clear
1716,Cow abstract,more designs,Cloudinary,Clear
1717,Longhorns Texas Rectangular Sign,more designs,Cloudinary,Clear
1719,Skull Poker,more designs,Cloudinary,Clear
1720,Panther,more designs,Cloudinary,Clear
1721,Home Sign,more designs,Cloudinary,Clear
1722,sheep II,more designs,Cloudinary,Clear
1723,Man winds,more designs,Cloudinary,Clear
1724,swordsfish,more designs,Cloudinary,Clear
1725,star war face,more designs,Cloudinary,Clear
1726,Three Deer Duck,more designs,Cloudinary,Clear
1727,Pineapple Sign,more designs,Cloudinary,Clear
1729,Mckay,more designs,Cloudinary,Clear
1730,Never Grow Up,more designs,Cloudinary,Clear
1731,star war plane I,more designs,Cloudinary,Clear
1732,Skull Smooking Sign,more designs,Cloudinary,Clear
1733,motorcycle II,more designs,Cloudinary,Clear
1734,Merry Christmas wood,more designs,Cloudinary,Clear
1735,JesusChrist,more designs,Cloudinary,Clear
1736,Motorcycle Rider III,more designs,Cloudinary,Clear
1737,plam tree,more designs,Cloudinary,Clear
1738,Map Gun,more designs,Cloudinary,Clear
1739,Badge US Border Patrol,more designs,Cloudinary,Clear
1741,Redneck Donckey Ranch,more designs,Cloudinary,Clear
1742,Deerr Antler,more designs,Cloudinary,Clear
1743,Sheep,more designs,Cloudinary,Clear
1744,Jesus Christ Wall Art,more designs,Cloudinary,Clear
1745,Deer Forest,more designs,Cloudinary,Clear
1746,famr Romantic Cowboy,more designs,Cloudinary,Clear
1747,mask sign,more designs,Cloudinary,Clear
1748,motorcycle V,more designs,Cloudinary,Clear
1749,Ridgeview Sign,more designs,Cloudinary,Clear
1750,Merry Christmas Around,more designs,Cloudinary,Clear
1751,House farm _ plane,more designs,Cloudinary,Clear
1752,To day is Like,more designs,Cloudinary,Clear
1753,Maverick,more designs,Cloudinary,Clear
1754,Skull Social Democrat Sign,more designs,Cloudinary,Clear
1755,Timmerman Farms Sign,more designs,Cloudinary,Clear
1756,paramedic,more designs,Cloudinary,Clear
1758,Parrot Sign,more designs,Cloudinary,Clear
1759,skull Heathens,more designs,Cloudinary,Clear
1760,Deer wall decor,more designs,Cloudinary,Clear
1761,Team Roping scenes Cowboys,more designs,Cloudinary,Clear
1762,Farm Cowgirl Praying,more designs,Cloudinary,Clear
1763,The Young Two Rev,more designs,Cloudinary,Clear
1764,Chrismas truck,more designs,Cloudinary,Clear
1765,Dolphin fish,more designs,Cloudinary,Clear
1766,Elk II,more designs,Cloudinary,Clear
1767,Hunter,more designs,Cloudinary,Clear
1768,Running Horse Sign,more designs,Cloudinary,Clear
1769,Script Name Arrow Destiny,more designs,Cloudinary,Clear
1770,Docs Paradise,more designs,Cloudinary,Clear
1771,John Deer Farm,more designs,Cloudinary,Clear
1772,Chris and Courtney Sign,more designs,Cloudinary,Clear
1773,ELK Country,more designs,Cloudinary,Clear
1774,The Klugs Sign,more designs,Cloudinary,Clear
1775,Rancho de Fallo Creek,more designs,Cloudinary,Clear
1776,Horse City,more designs,Cloudinary,Clear
1777,Badge US Navy Banner,more designs,Cloudinary,Clear
1778,Badge United State Army,more designs,Cloudinary,Clear
1779,Horse Art,more designs,Cloudinary,Clear
1780,Hanger Winnipeg,more designs,Cloudinary,Clear
1781,Badge United States Marshal,more designs,Cloudinary,Clear
1782,Chris and Courtney 2 Sign,more designs,Cloudinary,Clear
1783,Tiger Baby II,more designs,Cloudinary,Clear
1784,coin Ben franklin half dollar,more designs,Cloudinary,Clear
1785,Plain Detail,more designs,Cloudinary,Clear
1786,Plane,more designs,Cloudinary,Clear
1787,Motorcycle Rider,more designs,Cloudinary,Clear
1788,SF stars,more designs,Cloudinary,Clear
1789,Corn,more designs,Cloudinary,Clear
1790,Longhorns Texas Sign,more designs,Cloudinary,Clear
1791,Farm Cowboy Sign,more designs,Cloudinary,Clear
1792,Skull Handle Bar Sign,more designs,Cloudinary,Clear
1793,Shipping Rock Ranch,more designs,Cloudinary,Clear
1794,M Tigger,more designs,Cloudinary,Clear
1795,Merry Christmas Deer,more designs,Cloudinary,Clear
1796,BAdge USN,more designs,Cloudinary,Clear
1797,The fuckin_,more designs,Cloudinary,Clear
1798,Skull Casualties of War Sign,more designs,Cloudinary,Clear
1799,Patriotic eagle,more designs,Cloudinary,Clear
1800,Farm Cowboy Praying,more designs,Cloudinary,Clear
1801,Jet Canadian,more designs,Cloudinary,Clear
1802,Fish No8,more designs,Cloudinary,Clear
1803,Rope Heart Rev,more designs,Cloudinary,Clear
1804,The Youngs Sign,more designs,Cloudinary,Clear
1805,Farm Wildlife Wall Art Sign,more designs,Cloudinary,Clear
1806,Skull Garage_s,more designs,Cloudinary,Clear
1807,Plain _ left Sign,more designs,Cloudinary,Clear
1808,Highland Cow Sign,more designs,Cloudinary,Clear
1809,I love you to the Moon,more designs,Cloudinary,Clear
1810,Butterfly VP,more designs,Cloudinary,Clear
1811,Script Name Arrow Ashlyn,more designs,Cloudinary,Clear
1812,Fish Stingray,more designs,Cloudinary,Clear
1813,Lobter,more designs,Cloudinary,Clear
1814,Rocking Ranch,more designs,Cloudinary,Clear
1815,The CU buffalo Sign,more designs,Cloudinary,Clear
1816,Fish No9,more designs,Cloudinary,Clear
1817,Jesus Wall art,more designs,Cloudinary,Clear
1818,The Provis,more designs,Cloudinary,Clear
1819,Tractor Farm,more designs,Cloudinary,Clear
1820,Las Vegas,more designs,Cloudinary,Clear
1821,Plate License Plasma,more designs,Cloudinary,Clear
1822,Type I Electrical Logo,more designs,Cloudinary,Clear
1823,Ody Shop,more designs,Cloudinary,Clear
1824,Farm Fishing Tai,more designs,Cloudinary,Clear
1825,Skull Canibal Pirate,more designs,Cloudinary,Clear
1826,Hunting and Fishing Sign,more designs,Cloudinary,Clear
1828,Rebelde flag,more designs,Cloudinary,Clear
1829,Badge Unitates State marines Sign,more designs,Cloudinary,Clear
1830,Skull Soldier US Army,more designs,Cloudinary,Clear
1831,Train,more designs,Cloudinary,Clear
1832,fire fighter HELMTE,more designs,Cloudinary,Clear
1833,Deer with antler ring,more designs,Cloudinary,Clear
1835,Badge US Navy,more designs,Cloudinary,Clear
1836,Horse and Donkey Horseshoe,more designs,Cloudinary,Clear
1837,Skull Bandits Sign,more designs,Cloudinary,Clear
1838,Fish Sign,more designs,Cloudinary,Clear
1839,Skull SRT Decal Sign,more designs,Cloudinary,Clear
1840,Sheep Address,more designs,Cloudinary,Clear
1842,Rapides Parish,more designs,Cloudinary,Clear
1843,Skull helmet,more designs,Cloudinary,Clear
1844,Badge United States Navy,more designs,Cloudinary,Clear
1845,Farm Cowboy action,more designs,Cloudinary,Clear
1846,michagin ohio state,more designs,Cloudinary,Clear
1847,Giving Thank Sign,more designs,Cloudinary,Clear
1848,Cope Farm,more designs,Cloudinary,Clear
1849,Cowboys horses cow,more designs,Cloudinary,Clear
1850,Motorcycle Rider II,more designs,Cloudinary,Clear
1851,Type I Electric Company Sign,more designs,Cloudinary,Clear
1852,Cowboy Praying 3,more designs,Cloudinary,Clear
1853,Rogue,more designs,Cloudinary,Clear
1854,Trailer Trash,more designs,Cloudinary,Clear
1855,Star color,more designs,Cloudinary,Clear
1856,Jesus Christ Sign,more designs,Cloudinary,Clear
1857,Type I Cross BBQ Sign,more designs,Cloudinary,Clear
1858,Hilkemann Farms Sign,more designs,Cloudinary,Clear
1859,Grill Tiger LSU,more designs,Cloudinary,Clear
1860,Farm Cutting Horse Decal,more designs,Cloudinary,Clear
1861,Horse Twin Sign,more designs,Cloudinary,Clear
1862,Horse Sign,more designs,Cloudinary,Clear
1863,Script Name Arrow Jhonnie,more designs,Cloudinary,Clear
1864,Hunter Hooks,more designs,Cloudinary,Clear
1865,Browing Farms,more designs,Cloudinary,Clear
1866,Johnny Cash Sign,more designs,Cloudinary,Clear
1867,Type I Angel wind spinner,more designs,Cloudinary,Clear
1868,star war Storm Trooper,more designs,Cloudinary,Clear
1869,Skull Kitty,more designs,Cloudinary,Clear
1870,Three Animals,more designs,Cloudinary,Clear
1871,Camper,more designs,Cloudinary,Clear
1872,Skull Without star,more designs,Cloudinary,Clear
1873,Fish No2,more designs,Cloudinary,Clear
1874,helmet Spartan II,more designs,Cloudinary,Clear
1875,Elk Welcome,more designs,Cloudinary,Clear
1876,Elk Number Address,more designs,Cloudinary,Clear
1877,Scorpion,more designs,Cloudinary,Clear
1878,Narco Ranger Sign,more designs,Cloudinary,Clear
1879,Fish12,more designs,Cloudinary,Clear
1880,Dock II,more designs,Cloudinary,Clear
1881,tiger LSU,more designs,Cloudinary,Clear
1882,It takes Guts Sign,more designs,Cloudinary,Clear
1883,Barrel Racing Sing,more designs,Cloudinary,Clear
1884,Kolt Farms Sign,more designs,Cloudinary,Clear
1885,Horse Skull Sign,more designs,Cloudinary,Clear
1886,Smith Red Angus Sign,more designs,Cloudinary,Clear
1887,Farm Cowboy under tree,more designs,Cloudinary,Clear
1888,Flag Twin,more designs,Cloudinary,Clear
1889,Kitchen@811,more designs,Cloudinary,Clear
1890,Tiger LSU II,more designs,Cloudinary,Clear
1891,Hellicopter Brad,more designs,Cloudinary,Clear
1892,Santa Door Hanger,more designs,Cloudinary,Clear
1893,Pineapple II,more designs,Cloudinary,Clear
1894,Elk antler,more designs,Cloudinary,Clear
1895,Fleming Family,more designs,Cloudinary,Clear
1897,Rose II,more designs,Cloudinary,Clear
1898,Fish No3,more designs,Cloudinary,Clear
1899,Secret Squirl Sign,more designs,Cloudinary,Clear
1900,Peter Lidya Sign,more designs,Cloudinary,Clear
1901,Skull KAE custom,more designs,Cloudinary,Clear
1902,If you can read this,more designs,Cloudinary,Clear
1903,Fish No1,more designs,Cloudinary,Clear
1904,Redmons Law Care,more designs,Cloudinary,Clear
1905,God Bless America,more designs,Cloudinary,Clear
1906,Dolphin Scene,more designs,Cloudinary,Clear
1907,Lake House Sign,more designs,Cloudinary,Clear
1908,Trucks and grain Farms Scene,more designs,Cloudinary,Clear
1909,Klingman Farms Sign,more designs,Cloudinary,Clear
1910,Snowmobile rider,more designs,Cloudinary,Clear
1911,The Hogfish Sign,more designs,Cloudinary,Clear
1913,Pump Jack King,more designs,Cloudinary,Clear
1914,Skull Soldier Skull Oval Plate,more designs,Cloudinary,Clear
1915,Sinclair Dino Sign,more designs,Cloudinary,Clear
1916,It_s 5 o_clok,more designs,Cloudinary,Clear
1918,Motorcycle soldier,more designs,Cloudinary,Clear
1919,Dad _ Son,more designs,Cloudinary,Clear
1920,Steiber Farms,more designs,Cloudinary,Clear
1921,Henson Sign,more designs,Cloudinary,Clear
1922,Flamagan,more designs,Cloudinary,Clear
1923,Farm Cowgirl Sign,more designs,Cloudinary,Clear
1924,Sun and Moon Welcome,more designs,Cloudinary,Clear
1925,Skull Clock,more designs,Cloudinary,Clear
1926,famr saw blade Welcome,more designs,Cloudinary,Clear
1927,Cowboys Seat,more designs,Cloudinary,Clear
1928,Palm Tree flip flop,more designs,Cloudinary,Clear
1929,Heart Ranch,more designs,Cloudinary,Clear
1930,John Deer Tractor II,more designs,Cloudinary,Clear
1931,Skull Cowboy Star,more designs,Cloudinary,Clear
1932,Fish No4,more designs,Cloudinary,Clear
1933,Owl rev,more designs,Cloudinary,Clear
1934,Horse The Yearous Home Sign,more designs,Cloudinary,Clear
1935,Skull Chaos Chassis Sign,more designs,Cloudinary,Clear
1936,Indian Wall art II,more designs,Cloudinary,Clear
1937,Red Indian,more designs,Cloudinary,Clear
1938,Kathol Frams Sign,more designs,Cloudinary,Clear
1939,Horse Head,more designs,Cloudinary,Clear
1940,LHeureux Rev,more designs,Cloudinary,Clear
1941,Farm Cowboy Praying 2,more designs,Cloudinary,Clear
1942,Skull Uncle Sams,more designs,Cloudinary,Clear
1943,Romans 816,more designs,Cloudinary,Clear
1944,Rider girl,more designs,Cloudinary,Clear
1945,Badge Unitates State marines Sign 2,more designs,Cloudinary,Clear
1946,Cow _ Cow baby,more designs,Cloudinary,Clear
1947,Fish No5,more designs,Cloudinary,Clear
1948,Star,more designs,Cloudinary,Clear
1950,Badge United State Air force,more designs,Cloudinary,Clear
1951,Cows horse,more designs,Cloudinary,Clear
1952,Type I angel Sign,more designs,Cloudinary,Clear
1953,Fish No7,more designs,Cloudinary,Clear
1954,Martens Sign,more designs,Cloudinary,Clear
1955,LHeureux,more designs,Cloudinary,Clear
1956,Compas Sign,more designs,Cloudinary,Clear
1957,Deer couple,more designs,Cloudinary,Clear
1958,Maple Wolves,more designs,Cloudinary,Clear
1959,Camper III,more designs,Cloudinary,Clear
1961,Home Solid,more designs,Cloudinary,Clear
1962,SFC Logo,more designs,Cloudinary,Clear
1963,Coin Money Morgan silver dollar,more designs,Cloudinary,Clear
1964,J Fish Sign,more designs,Cloudinary,Clear
1965,Bicycle,more designs,Cloudinary,Clear
1966,Motorcycle Rider IV,more designs,Cloudinary,Clear
1967,I love you to the World,more designs,Cloudinary,Clear
1968,I love beer,more designs,Cloudinary,Clear
1969,Fish No6,more designs,Cloudinary,Clear
1970,The Scotts,more designs,Cloudinary,Clear
1971,skull sugar skull 5 Wolsvagen,more designs,Cloudinary,Clear
1973,Script Name Arrow Macie,more designs,Cloudinary,Clear
1974,Rudisill Farm,more designs,Cloudinary,Clear
1975,Horse Siluette,more designs,Cloudinary,Clear
1976,Barrel Horse Sign,more designs,Cloudinary,Clear
1977,Skull Fire,more designs,Cloudinary,Clear
1980,SeaHorse 5,more designs,Cloudinary,Clear
1981,Tractor Farm 5,more designs,Cloudinary,Clear
1982,Rooster Tavern Sign,more designs,Cloudinary,Clear
1983,Skull deer flag,more designs,Cloudinary,Clear
1984,Tshetter Ranch Sign,more designs,Cloudinary,Clear
1985,Motorcycle IV,more designs,Cloudinary,Clear
1986,farm 2,more designs,Cloudinary,Clear
1987,motorcycle III,more designs,Cloudinary,Clear
1988,skull sugar skull 4,more designs,Cloudinary,Clear
1989,Skull Crazy Skull,more designs,Cloudinary,Clear
1990,Tractor Farm 4,more designs,Cloudinary,Clear
1991,Butterfly Barrera,more designs,Cloudinary,Clear
1992,Oregon State Benny,more designs,Cloudinary,Clear
1993,Farm Tractor,more designs,Cloudinary,Clear
1994,Happy Camoer,more designs,Cloudinary,Clear
1995,S _ J,more designs,Cloudinary,Clear
1996,rose III,more designs,Cloudinary,Clear
1998,famr Single Horse Sign,more designs,Cloudinary,Clear
1999,LindBlad FArm Sign,more designs,Cloudinary,Clear
2000,Badge United State,more designs,Cloudinary,Clear
2002,Indian Head,more designs,Cloudinary,Clear
2003,John Wayne Sign,more designs,Cloudinary,Clear
2004,deer and tree sign,more designs,Cloudinary,Clear
2005,sandhill crane,more designs,Cloudinary,Clear
2006,Robot,more designs,Cloudinary,Clear
2007,Joe And Betsy Sign,more designs,Cloudinary,Clear
2008,skull sugar skull 6,more designs,Cloudinary,Clear
2009,The Hirds,more designs,Cloudinary,Clear
2010,Type I Bike Tank,more designs,Cloudinary,Clear
2011,Farm Cowboy And Cross Sign,more designs,Cloudinary,Clear
2012,Skull Black seven,more designs,Cloudinary,Clear
2013,Coin Money Quarter Dollar,more designs,Cloudinary,Clear
2014,Coin Money Walking Liberty Half Dollar,more designs,Cloudinary,Clear
2017,Hercules,more designs,Cloudinary,Clear
2018,Rebel Rouses,more designs,Cloudinary,Clear
2019,Camper II,more designs,Cloudinary,Clear
2021,Sandhills coon,more designs,Cloudinary,Clear
2022,motorcycle,more designs,Cloudinary,Clear
2024,Tractor Farm 3,more designs,Cloudinary,Clear
2025,Im a Crappie,more designs,Cloudinary,Clear
2026,Palm Oval,more designs,Cloudinary,Clear
2027,skull sugar skull 3,more designs,Cloudinary,Clear
2028,snowmobile,more designs,Cloudinary,Clear
2029,TC sign,more designs,Cloudinary,Clear
2030,skull sugar skull 2,more designs,Cloudinary,Clear
2031,Tiger Baby,more designs,Cloudinary,Clear
2032,Tractor Farm 2,more designs,Cloudinary,Clear
2033,Mes Mustang,more designs,Cloudinary,Clear
2034,Indian Wall art,more designs,Cloudinary,Clear
2035,LETSCHE FARMS Sign,more designs,Cloudinary,Clear
2036,No Alcochol Sign,more designs,Cloudinary,Clear
2037,Pawdaddys,more designs,Cloudinary,Clear
2038,Cannon Farms,more designs,Cloudinary,Clear
2039,Sig Texas Baseball club Sign,more designs,Cloudinary,Clear
2040,Script Name Arrow Ginny,more designs,Cloudinary,Clear
2041,Hellicopter Sign,more designs,Cloudinary,Clear
2042,Deer Grazing in the woods,more designs,Cloudinary,Clear
2043,Skull Beaner Bilt Sign,more designs,Cloudinary,Clear
2044,Sharper Australian,more designs,Cloudinary,Clear
2045,Sweet home,more designs,Cloudinary,Clear
2046,ohiostate,more designs,Cloudinary,Clear
2047,Badge United State marine,more designs,Cloudinary,Clear
2048,Head Bulldog,more designs,Cloudinary,Clear
2049,John Deer Farm 2,more designs,Cloudinary,Clear
2051,S _ S Taylor Sign,more designs,Cloudinary,Clear
2052,star war plane II,more designs,Cloudinary,Clear
2053,Plain,more designs,Cloudinary,Clear
2054,Massey Ferguson Tractor,more designs,Cloudinary,Clear
2055,skull sugar skull 1,more designs,Cloudinary,Clear
2056,John Deer Farm 3,more designs,Cloudinary,Clear
2057,Helms Ranch,more designs,Cloudinary,Clear
2058,Deer wall,more designs,Cloudinary,Clear
2059,Sign Bully,more designs,Cloudinary,Clear
2060,Johnson Sign,more designs,Cloudinary,Clear
2062,Skull Soldier Skull,more designs,Cloudinary,Clear
2063,Mr and Mrs Gregory Sign,more designs,Cloudinary,Clear
2064,Snow machine,more designs,Cloudinary,Clear
2065,COWBOY MONOGRAM 6,more designs,Cloudinary,Clear
2066,COWBOY MONOGRAM 7,more designs,Cloudinary,Clear
2067,COWBOY MONOGRAM 5,more designs,Cloudinary,Clear
2068,COWBOY MONOGRAM 4,more designs,Cloudinary,Clear
2069,BARBED WIRE,more designs,Cloudinary,Clear
2070,COWBOY MONOGRAM 1,more designs,Cloudinary,Clear
2071,COWBOY MONOGRAM 3,more designs,Cloudinary,Clear
2072,COWBOY MONOGRAM 2,more designs,Cloudinary,Clear
2073,COWBOY MONOGRAM 9,more designs,Cloudinary,Clear
2074,COWBOY MONOGRAM 8,more designs,Cloudinary,Clear
2075,crosscut saw deer,more designs,Cloudinary,Clear
2076,crosscut saw bigfoot,more designs,Cloudinary,Clear
2077,crosscut saw eagle,more designs,Cloudinary,Clear
2078,crosscut saw hunting ducks,more designs,Cloudinary,Clear
2079,crosscut saw buffalo,more designs,Cloudinary,Clear
2080,crosscut saw cowboy,more designs,Cloudinary,Clear
2081,crosscut saw farm,more designs,Cloudinary,Clear
2082,crosscut saw wolf,more designs,Cloudinary,Clear
2083,crosscut saw moose,more designs,Cloudinary,Clear
2084,crosscut saw horses,more designs,Cloudinary,Clear
2085,crosscut saw bear,more designs,Cloudinary,Clear
2086,crosscut saw campfire,more designs,Cloudinary,Clear
2087,DAD_S WORKSHOP,more designs,Cloudinary,Clear
2088,DAD_S GARAGE,more designs,Cloudinary,Clear
2089,DAD_S HANGAR,more designs,Cloudinary,Clear
2090,DAD_S MANCAVE,more designs,Cloudinary,Clear
2091,DAD_S GARAGE VINTAGE,more designs,Cloudinary,Clear
2092,DAD_S GARAGE VINTAGE 2,more designs,Cloudinary,Clear
2093,DAD_S WORKSHOP 2,more designs,Cloudinary,Clear
2094,DAD_S GARAGE 4,more designs,Cloudinary,Clear
2095,DAD_S GARAGE 2,more designs,Cloudinary,Clear
2096,DADDY_S WORKSHOP,more designs,Cloudinary,Clear
2097,DADDY_S WORKSHOP 2,more designs,Cloudinary,Clear
2098,DAD_S SHOP,more designs,Cloudinary,Clear
2099,deer elk hunting 1,more designs,Cloudinary,Clear
2100,dog 8,more designs,Cloudinary,Clear
2101,dog 9,more designs,Cloudinary,Clear
2102,dog 15,more designs,Cloudinary,Clear
2103,dog 14,more designs,Cloudinary,Clear
2104,dog 16,more designs,Cloudinary,Clear
2105,dog 13,more designs,Cloudinary,Clear
2106,dog 12,more designs,Cloudinary,Clear
2107,dog 10,more designs,Cloudinary,Clear
2108,dog 11,more designs,Cloudinary,Clear
2109,dog 7,more designs,Cloudinary,Clear
2110,dog 6,more designs,Cloudinary,Clear
2111,dog 4,more designs,Cloudinary,Clear
2112,dog 5,more designs,Cloudinary,Clear
2113,dog 1,more designs,Cloudinary,Clear
2114,dog 2,more designs,Cloudinary,Clear
2115,dog 3,more designs,Cloudinary,Clear
2116,dog welcome monogram 1,more designs,Cloudinary,Clear
2117,dog welcome monogram 2,more designs,Cloudinary,Clear
2118,dog welcome monogram 3,more designs,Cloudinary,Clear
2119,dog welcome monogram 7,more designs,Cloudinary,Clear
2120,dog welcome monogram 6,more designs,Cloudinary,Clear
2121,dog welcome monogram 4,more designs,Cloudinary,Clear
2122,dog welcome monogram 5,more designs,Cloudinary,Clear
2123,dog welcome monogram 8,more designs,Cloudinary,Clear
2124,dog welcome monogram 9,more designs,Cloudinary,Clear
2125,EAGLE 20 SVG PLASMA,more designs,Cloudinary,Clear
2126,excavator 1,more designs,Cloudinary,Clear
2127,excavator 3,more designs,Cloudinary,Clear
2128,excavator 2,more designs,Cloudinary,Clear
2129,excavator 6,more designs,Cloudinary,Clear
2130,excavator 7,more designs,Cloudinary,Clear
2131,excavator 5,more designs,Cloudinary,Clear
2132,excavator 4,more designs,Cloudinary,Clear
2133,excavator 9,more designs,Cloudinary,Clear
2134,excavator 8,more designs,Cloudinary,Clear
2135,excavator 12,more designs,Cloudinary,Clear
2136,excavator 10,more designs,Cloudinary,Clear
2137,excavator 11,more designs,Cloudinary,Clear
2138,FARM LIFE 4,more designs,Cloudinary,Clear
2139,farm welcome sign 1,more designs,Cloudinary,Clear
2140,FARM LIFE 5,more designs,Cloudinary,Clear
2141,FARM LIFE 7,more designs,Cloudinary,Clear
2142,farm welcome sign 3,more designs,Cloudinary,Clear
2143,farm welcome sign 2,more designs,Cloudinary,Clear
2144,FARM LIFE 6,more designs,Cloudinary,Clear
2145,FARM LIFE 2,more designs,Cloudinary,Clear
2146,FARM LIFE 3,more designs,Cloudinary,Clear
2147,farm welcome sign 5,more designs,Cloudinary,Clear
2148,farm welcome sign 4,more designs,Cloudinary,Clear
2149,farm house,more designs,Cloudinary,Clear
2150,FARM LIFE 8,more designs,Cloudinary,Clear
2151,farm welcome sign 6,more designs,Cloudinary,Clear
2152,father_s day 7,more designs,Cloudinary,Clear
2153,father_s day 6,more designs,Cloudinary,Clear
2154,father_s day 4,more designs,Cloudinary,Clear
2155,father_s day 5,more designs,Cloudinary,Clear
2156,father_s day 1,more designs,Cloudinary,Clear
2157,father_s day 2,more designs,Cloudinary,Clear
2158,father_s day 3,more designs,Cloudinary,Clear
2159,world_s coolest dad,more designs,Cloudinary,Clear
2160,father_s day 8,more designs,Cloudinary,Clear
2161,father_s day 9,more designs,Cloudinary,Clear
2162,dad_s backyard firepit and grill,more designs,Cloudinary,Clear
2163,dad_s garage open 24 hours,more designs,Cloudinary,Clear
2164,world_s greatest dad,more designs,Cloudinary,Clear
2165,dad_s garage arrow,more designs,Cloudinary,Clear
2166,number one father,more designs,Cloudinary,Clear
2167,dad_s backyard grill grate,more designs,Cloudinary,Clear
2168,best dad in the country,more designs,Cloudinary,Clear
2169,dad and son,more designs,Cloudinary,Clear
2170,V8 Garage,more designs,Cloudinary,Clear
2171,Dads Garage Plaque Open 24 hrs,more designs,Cloudinary,Clear
2172,best dad ever,more designs,Cloudinary,Clear
2173,dad_s trophy,more designs,Cloudinary,Clear
2174,best dad ever(1),more designs,Cloudinary,Clear
2175,dad_s backyard firepit and grill 2,more designs,Cloudinary,Clear
2176,Wrench and Tire DADS Garage 24hrs,more designs,Cloudinary,Clear
2177,dad_s garage 3,more designs,Cloudinary,Clear
2178,dad_s workshop tools,more designs,Cloudinary,Clear
2179,dad_s garage arrow left,more designs,Cloudinary,Clear
2180,dad_s backyard usa flag,more designs,Cloudinary,Clear
2181,best dad,more designs,Cloudinary,Clear
2182,dad - the man the myth the legend,more designs,Cloudinary,Clear
2183,dad_s garage 1,more designs,Cloudinary,Clear
2184,dad_s garage arrow right,more designs,Cloudinary,Clear
2185,Dads Garage Vintage Font,more designs,Cloudinary,Clear
2186,greatest dad saw,more designs,Cloudinary,Clear
2187,the man the myth the legend 2,more designs,Cloudinary,Clear
2188,the man the myth the legend,more designs,Cloudinary,Clear
2189,fish & fishing 1,more designs,Cloudinary,Clear
2190,fish & fishing 3,more designs,Cloudinary,Clear
2191,fish & fishing 2,more designs,Cloudinary,Clear
2192,fish & fishing 6,more designs,Cloudinary,Clear
2193,fish & fishing 7,more designs,Cloudinary,Clear
2194,fish & fishing 5,more designs,Cloudinary,Clear
2195,fish & fishing 4,more designs,Cloudinary,Clear
2196,fish & fishing 13,more designs,Cloudinary,Clear
2197,fish & fishing 12,more designs,Cloudinary,Clear
2198,fish & fishing 10,more designs,Cloudinary,Clear
2199,fish & fishing 11,more designs,Cloudinary,Clear
2200,fish & fishing 15,more designs,Cloudinary,Clear
2201,fish & fishing 14,more designs,Cloudinary,Clear
2202,fish & fishing 16,more designs,Cloudinary,Clear
2203,fish & fishing 9,more designs,Cloudinary,Clear
2204,fish & fishing 8,more designs,Cloudinary,Clear
2205,FLAG 18,more designs,Cloudinary,Clear
2206,FLAG 3,more designs,Cloudinary,Clear
2207,FLAG 2,more designs,Cloudinary,Clear
2208,FLAG 19,more designs,Cloudinary,Clear
2209,FLAG 1,more designs,Cloudinary,Clear
2210,FLAG 5,more designs,Cloudinary,Clear
2211,FLAG 4,more designs,Cloudinary,Clear
2212,FLAG 6,more designs,Cloudinary,Clear
2213,FLAG 7,more designs,Cloudinary,Clear
2214,FLAG 20,more designs,Cloudinary,Clear
2215,FLAG 11,more designs,Cloudinary,Clear
2216,FLAG 12,more designs,Cloudinary,Clear
2217,FLAG 9,more designs,Cloudinary,Clear
2218,FLAG 8,more designs,Cloudinary,Clear
2219,FLAG 13,more designs,Cloudinary,Clear
2220,FLAG 17,more designs,Cloudinary,Clear
2221,FLAG 16,more designs,Cloudinary,Clear
2222,FLAG 14,more designs,Cloudinary,Clear
2223,FLAG 15,more designs,Cloudinary,Clear
2224,UNITED STATES AIR FORCE,more designs,Cloudinary,Clear
2225,UNITED STATES MERCHANT MARINE,more designs,Cloudinary,Clear
2226,UNITED STATES SPACE FORCE,more designs,Cloudinary,Clear
2227,UNITED STATES COAST GUARD 1790,more designs,Cloudinary,Clear
2228,DEPARTMENT OF THE AIR FORCE,more designs,Cloudinary,Clear
2229,UNITED STATES ARMY,more designs,Cloudinary,Clear
2230,UNITED STATES MARINE COPRS SKULL,more designs,Cloudinary,Clear
2231,COMPASS FLAG,more designs,Cloudinary,Clear
2232,UNITED STATES ARMY 2,more designs,Cloudinary,Clear
2233,UNITED STATES MARINE CORPS,more designs,Cloudinary,Clear
2234,UNITED STATES NAVY 2,more designs,Cloudinary,Clear
2235,2ND,more designs,Cloudinary,Clear
2236,UNITED STATES COAST GUARD,more designs,Cloudinary,Clear
2237,UNITED STATES NAVY,more designs,Cloudinary,Clear
2238,floral welcome monogram 18,more designs,Cloudinary,Clear
2239,floral welcome monogram 5,more designs,Cloudinary,Clear
2240,floral welcome monogram 4,more designs,Cloudinary,Clear
2241,floral welcome monogram 19,more designs,Cloudinary,Clear
2242,floral welcome monogram 6,more designs,Cloudinary,Clear
2243,floral welcome monogram 7,more designs,Cloudinary,Clear
2244,floral welcome monogram 3,more designs,Cloudinary,Clear
2245,floral welcome monogram 2,more designs,Cloudinary,Clear
2246,floral welcome monogram 1,more designs,Cloudinary,Clear
2247,floral welcome monogram 11,more designs,Cloudinary,Clear
2248,floral welcome monogram 10,more designs,Cloudinary,Clear
2249,floral welcome monogram 12,more designs,Cloudinary,Clear
2250,floral welcome monogram 13,more designs,Cloudinary,Clear
2251,floral welcome monogram 17,more designs,Cloudinary,Clear
2252,floral welcome monogram 16,more designs,Cloudinary,Clear
2253,floral welcome monogram 14,more designs,Cloudinary,Clear
2254,floral welcome monogram 9,more designs,Cloudinary,Clear
2255,floral welcome monogram 8,more designs,Cloudinary,Clear
2256,floral welcome monogram 15,more designs,Cloudinary,Clear
2257,highland cow 9,more designs,Cloudinary,Clear
2258,highland cow 8,more designs,Cloudinary,Clear
2259,highland cow 13,more designs,Cloudinary,Clear
2260,highland cow 12,more designs,Cloudinary,Clear
2261,highland cow 10,more designs,Cloudinary,Clear
2262,highland cow 11,more designs,Cloudinary,Clear
2263,highland cow 3,more designs,Cloudinary,Clear
2264,highland cow 2,more designs,Cloudinary,Clear
2265,highland cow 1,more designs,Cloudinary,Clear
2266,highland cow 5,more designs,Cloudinary,Clear
2267,highland cow 4,more designs,Cloudinary,Clear
2268,highland cow 6,more designs,Cloudinary,Clear
2269,highland cow 7,more designs,Cloudinary,Clear
2270,hotrod car 4,more designs,Cloudinary,Clear
2271,hotrod car 5,more designs,Cloudinary,Clear
2272,hotrod car 7,more designs,Cloudinary,Clear
2273,hotrod car 6,more designs,Cloudinary,Clear
2274,hotrod car 2,more designs,Cloudinary,Clear
2275,hotrod car 3,more designs,Cloudinary,Clear
2276,hotrod car 1,more designs,Cloudinary,Clear
2277,hotrod logo,more designs,Cloudinary,Clear
2278,HOTROD GARAGE 8,more designs,Cloudinary,Clear
2279,HOTROD GARAGE 4,more designs,Cloudinary,Clear
2280,HOTROD GARAGE 5,more designs,Cloudinary,Clear
2281,HOTROD GARAGE 7,more designs,Cloudinary,Clear
2282,HOTROD GARAGE 6,more designs,Cloudinary,Clear
2283,HOTROD GARAGE 2,more designs,Cloudinary,Clear
2284,HOTROD GARAGE 3,more designs,Cloudinary,Clear
2285,HOTROD GARAGE 1,more designs,Cloudinary,Clear
2286,HOTROD GARAGE,more designs,Cloudinary,Clear
2287,dog and duck hunting 11,more designs,Cloudinary,Clear
2288,dog and duck hunting 2,more designs,Cloudinary,Clear
2289,dog and duck hunting 3,more designs,Cloudinary,Clear
2290,dog and duck hunting 10,more designs,Cloudinary,Clear
2291,dog and duck hunting 12,more designs,Cloudinary,Clear
2292,dog and duck hunting 1,more designs,Cloudinary,Clear
2293,dog and duck hunting 13,more designs,Cloudinary,Clear
2294,dog and duck hunting 4,more designs,Cloudinary,Clear
2295,dog and duck hunting 17,more designs,Cloudinary,Clear
2296,dog and duck hunting 16,more designs,Cloudinary,Clear
2297,dog and duck hunting 5,more designs,Cloudinary,Clear
2298,dog and duck hunting 7,more designs,Cloudinary,Clear
2299,dog and duck hunting 14,more designs,Cloudinary,Clear
2300,dog and duck hunting 15,more designs,Cloudinary,Clear
2301,dog and duck hunting 6,more designs,Cloudinary,Clear
2302,dog and duck hunting 18,more designs,Cloudinary,Clear
2303,dog and duck hunting 19,more designs,Cloudinary,Clear
2304,dog and duck hunting 8,more designs,Cloudinary,Clear
2305,dog and duck hunting 9,more designs,Cloudinary,Clear
2306,LINEMAN US FLAG,more designs,Cloudinary,Clear
2307,LINEMAN MONOGRAM SVG,more designs,Cloudinary,Clear
2308,memorial day 6,more designs,Cloudinary,Clear
2309,memorial day 7,more designs,Cloudinary,Clear
2310,memorial day 5,more designs,Cloudinary,Clear
2311,memorial day 4,more designs,Cloudinary,Clear
2312,memorial day 1,more designs,Cloudinary,Clear
2313,memorial day 3,more designs,Cloudinary,Clear
2314,memorial day 2,more designs,Cloudinary,Clear
2315,memorial day 8,more designs,Cloudinary,Clear
2316,Merry Christmas Font VI,more designs,Cloudinary,Clear
2317,Merry Christmas Font XV,more designs,Cloudinary,Clear
2318,Santa Clauss,more designs,Cloudinary,Clear
2319,Merry Christmas Font II,more designs,Cloudinary,Clear
2320,Merry Christmas Font XVIII,more designs,Cloudinary,Clear
2321,Merry Christmas Font I,more designs,Cloudinary,Clear
2322,Merry Christmas Font VII,more designs,Cloudinary,Clear
2323,Merry Christmas Font III,more designs,Cloudinary,Clear
2324,Merry Christmas Split IV,more designs,Cloudinary,Clear
2325,Merry Christmas Font IX,more designs,Cloudinary,Clear
2326,Merry Christmas Font XIV,more designs,Cloudinary,Clear
2327,Merry Christmas Font X,more designs,Cloudinary,Clear
2328,Merry Christmas Font IV,more designs,Cloudinary,Clear
2329,Merry Christmas Font XIII,more designs,Cloudinary,Clear
2330,Merry Christmas Font V,more designs,Cloudinary,Clear
2331,Merry Christmas Font VIII,more designs,Cloudinary,Clear
2332,Split Merry Christmas 2,more designs,Cloudinary,Clear
2333,Merry Christmas Split II,more designs,Cloudinary,Clear
2334,Split Merry Christmas 3,more designs,Cloudinary,Clear
2335,Merry Christmas Font XVII,more designs,Cloudinary,Clear
2336,Split Merry Christmas 1,more designs,Cloudinary,Clear
2337,Merry Christmas Font XII,more designs,Cloudinary,Clear
2338,Merry Christmas Font IXX,more designs,Cloudinary,Clear
2339,Merry Christmas Font XI,more designs,Cloudinary,Clear
2340,Merry Christmas Split III,more designs,Cloudinary,Clear
2341,Merry Christmas II,more designs,Cloudinary,Clear
2342,Merry Christmas Split VII,more designs,Cloudinary,Clear
2343,SPLIT FLOURISH PUMPKIN,more designs,Cloudinary,Clear
2344,Merry Christmas Font XVI,more designs,Cloudinary,Clear
2345,Merry Christmas Font XX,more designs,Cloudinary,Clear
2346,mom flower love mother_s day,more designs,Cloudinary,Clear
2347,motorcycle 12,more designs,Cloudinary,Clear
2348,motorcycle 13,more designs,Cloudinary,Clear
2349,motorcycle 1,more designs,Cloudinary,Clear
2350,motorcycle 3,more designs,Cloudinary,Clear
2351,motorcycle 11,more designs,Cloudinary,Clear
2352,motorcycle 10,more designs,Cloudinary,Clear
2353,motorcycle 2,more designs,Cloudinary,Clear
2354,motorcycle 6,more designs,Cloudinary,Clear
2355,motorcycle 7,more designs,Cloudinary,Clear
2356,motorcycle 5,more designs,Cloudinary,Clear
2357,motorcycle 4,more designs,Cloudinary,Clear
2358,motorcycle 9,more designs,Cloudinary,Clear
2359,motorcycle 8,more designs,Cloudinary,Clear
2360,mountain bike 5,more designs,Cloudinary,Clear
2361,mountain bike 4,more designs,Cloudinary,Clear
2362,mountain bike 6,more designs,Cloudinary,Clear
2363,mountain bike 3,more designs,Cloudinary,Clear
2364,mountain bike 2,more designs,Cloudinary,Clear
2365,mountain bike 1,more designs,Cloudinary,Clear
2366,music monogram 8,more designs,Cloudinary,Clear
2367,music monogram 9,more designs,Cloudinary,Clear
2368,music monogram 7,more designs,Cloudinary,Clear
2369,music monogram 6,more designs,Cloudinary,Clear
2370,music monogram 4,more designs,Cloudinary,Clear
2371,music monogram 5,more designs,Cloudinary,Clear
2372,music monogram 1,more designs,Cloudinary,Clear
2373,music monogram 2,more designs,Cloudinary,Clear
2374,music monogram 3,more designs,Cloudinary,Clear
2375,music monogram 10,more designs,Cloudinary,Clear
2376,OVAL FARM SIGN 5,more designs,Cloudinary,Clear
2377,OVAL FARM SIGN 4,more designs,Cloudinary,Clear
2378,OVAL FARM SIGN 6,more designs,Cloudinary,Clear
2379,OVAL FARM SIGN 7,more designs,Cloudinary,Clear
2380,OVAL FARM SIGN 3,more designs,Cloudinary,Clear
2381,OVAL FARM SIGN 2,more designs,Cloudinary,Clear
2382,OVAL FARM SIGN 1,more designs,Cloudinary,Clear
2383,Pattern Panel 049,more designs,Cloudinary,Clear
2384,Pattern Panel 039 Rev,more designs,Cloudinary,Clear
2385,Pattern Panel 061,more designs,Cloudinary,Clear
2386,Pattern Panel 060,more designs,Cloudinary,Clear
2387,Pattern Panel 074,more designs,Cloudinary,Clear
2388,Pattern Panel 048,more designs,Cloudinary,Clear
2389,Pattern Panel 089,more designs,Cloudinary,Clear
2390,Pattern Panel 062,more designs,Cloudinary,Clear
2391,Pattern Panel 076,more designs,Cloudinary,Clear
2392,Pattern Panel 077,more designs,Cloudinary,Clear
2393,Pattern Panel 063,more designs,Cloudinary,Clear
2394,Pattern Panel 088,more designs,Cloudinary,Clear
2395,Pattern Panel 098,more designs,Cloudinary,Clear
2396,Pattern Panel 073,more designs,Cloudinary,Clear
2397,Pattern Panel 072,more designs,Cloudinary,Clear
2398,Pattern Panel 066,more designs,Cloudinary,Clear
2399,Pattern Panel 070,more designs,Cloudinary,Clear
2400,Pattern Panel 064,more designs,Cloudinary,Clear
2401,Pattern Panel 058,more designs,Cloudinary,Clear
2402,Pattern Panel 038 rev,more designs,Cloudinary,Clear
2403,Pattern Panel 059,more designs,Cloudinary,Clear
2404,Pattern Panel 065,more designs,Cloudinary,Clear
2405,Pattern Panel 071,more designs,Cloudinary,Clear
2406,Pattern Panel 016,more designs,Cloudinary,Clear
2407,Pattern Panel 002,more designs,Cloudinary,Clear
2408,Pattern Panel 003,more designs,Cloudinary,Clear
2409,Pattern Panel 017,more designs,Cloudinary,Clear
2410,Pattern Panel 029,more designs,Cloudinary,Clear
2411,Pattern Panel 001,more designs,Cloudinary,Clear
2412,Pattern Panel 015,more designs,Cloudinary,Clear
2413,Pattern Panel 045REv,more designs,Cloudinary,Clear
2414,Pattern Panel 014,more designs,Cloudinary,Clear
2415,Pattern Panel 028,more designs,Cloudinary,Clear
2416,Pattern Panel 004,more designs,Cloudinary,Clear
2417,Pattern Panel 010,more designs,Cloudinary,Clear
2418,Pattern Panel 038,more designs,Cloudinary,Clear
2419,Pattern Panel 011,more designs,Cloudinary,Clear
2420,Pattern Panel 005,more designs,Cloudinary,Clear
2421,Pattern Panel 013,more designs,Cloudinary,Clear
2422,Pattern Panel 007,more designs,Cloudinary,Clear
2423,Pattern Panel 006,more designs,Cloudinary,Clear
2424,Pattern Panel 012,more designs,Cloudinary,Clear
2425,Pattern Panel 037,more designs,Cloudinary,Clear
2426,Pattern Panel 023,more designs,Cloudinary,Clear
2427,Pattern Panel 022,more designs,Cloudinary,Clear
2428,Pattern Panel 036,more designs,Cloudinary,Clear
2429,Pattern Panel 008,more designs,Cloudinary,Clear
2430,Pattern Panel 020,more designs,Cloudinary,Clear
2431,Pattern Panel 034,more designs,Cloudinary,Clear
2432,Pattern Panel 039 RevII,more designs,Cloudinary,Clear
2433,Pattern Panel 021,more designs,Cloudinary,Clear
2434,Pattern Panel 009,more designs,Cloudinary,Clear
2435,Pattern Panel 025,more designs,Cloudinary,Clear
2436,Pattern Panel 019,more designs,Cloudinary,Clear
2437,Pattern Panel 031Rev,more designs,Cloudinary,Clear
2438,Pattern Panel 039 RevIII,more designs,Cloudinary,Clear
2439,Pattern Panel 018,more designs,Cloudinary,Clear
2440,Pattern Panel 030,more designs,Cloudinary,Clear
2441,Pattern Panel 024,more designs,Cloudinary,Clear
2442,Pattern Panel 032,more designs,Cloudinary,Clear
2443,Pattern Panel 026,more designs,Cloudinary,Clear
2444,Pattern Panel 027,more designs,Cloudinary,Clear
2445,Pattern Panel 033,more designs,Cloudinary,Clear
2446,Pattern Panel 097,more designs,Cloudinary,Clear
2447,Pattern Panel 083,more designs,Cloudinary,Clear
2448,Pattern Panel 068,more designs,Cloudinary,Clear
2449,Pattern Panel 054,more designs,Cloudinary,Clear
2450,Pattern Panel 040,more designs,Cloudinary,Clear
2451,Pattern Panel 044Rev,more designs,Cloudinary,Clear
2452,Pattern Panel 041,more designs,Cloudinary,Clear
2453,Pattern Panel 055,more designs,Cloudinary,Clear
2454,Pattern Panel 069,more designs,Cloudinary,Clear
2455,Pattern Panel 082,more designs,Cloudinary,Clear
2456,Pattern Panel 096,more designs,Cloudinary,Clear
2457,Pattern Panel 080,more designs,Cloudinary,Clear
2458,Pattern Panel 094,more designs,Cloudinary,Clear
2459,Pattern Panel 043,more designs,Cloudinary,Clear
2460,Pattern Panel 057,more designs,Cloudinary,Clear
2461,Pattern Panel 056,more designs,Cloudinary,Clear
2462,Pattern Panel 042,more designs,Cloudinary,Clear
2463,Pattern Panel 095,more designs,Cloudinary,Clear
2464,Pattern Panel 081,more designs,Cloudinary,Clear
2465,Pattern Panel 085,more designs,Cloudinary,Clear
2466,Pattern Panel 091,more designs,Cloudinary,Clear
2467,Pattern Panel 046,more designs,Cloudinary,Clear
2468,Pattern Panel 052,more designs,Cloudinary,Clear
2469,Pattern Panel 053,more designs,Cloudinary,Clear
2470,Pattern Panel 047,more designs,Cloudinary,Clear
2471,Pattern Panel 090,more designs,Cloudinary,Clear
2472,Pattern Panel 084,more designs,Cloudinary,Clear
2473,Pattern Panel 092,more designs,Cloudinary,Clear
2474,Pattern Panel 086,more designs,Cloudinary,Clear
2475,Pattern Panel 045,more designs,Cloudinary,Clear
2476,Pattern Panel 079,more designs,Cloudinary,Clear
2477,Pattern Panel 078,more designs,Cloudinary,Clear
2478,Pattern Panel 050,more designs,Cloudinary,Clear
2479,Pattern Panel 087,more designs,Cloudinary,Clear
2480,trump peeping,more designs,Cloudinary,Clear
2481,peeping animals 4,more designs,Cloudinary,Clear
2482,peeping animals 16,more designs,Cloudinary,Clear
2483,peeping animals 17,more designs,Cloudinary,Clear
2484,peeping animals 5,more designs,Cloudinary,Clear
2485,peeping animals 7,more designs,Cloudinary,Clear
2486,peeping animals 15,more designs,Cloudinary,Clear
2487,peeping animals 14,more designs,Cloudinary,Clear
2488,peeping animals 6,more designs,Cloudinary,Clear
2489,peeping animals 2,more designs,Cloudinary,Clear
2490,peeping animals 10,more designs,Cloudinary,Clear
2491,peeping animals 11,more designs,Cloudinary,Clear
2492,peeping animals 3,more designs,Cloudinary,Clear
2493,peeping animals 1,more designs,Cloudinary,Clear
2494,peeping animals 13,more designs,Cloudinary,Clear
2495,peeping animals 12,more designs,Cloudinary,Clear
2496,peeping animals 19,more designs,Cloudinary,Clear
2497,peeping animals 18,more designs,Cloudinary,Clear
2498,peeping animals 8,more designs,Cloudinary,Clear
2499,peeping animals 9,more designs,Cloudinary,Clear
2500,Car racing black,more designs,Cloudinary,Clear
2501,Car racing blue,more designs,Cloudinary,Clear
2502,Car079,more designs,Cloudinary,Clear
2503,Car racing,more designs,Cloudinary,Clear
2504,Car Red T2,more designs,Cloudinary,Clear
2506,Car yelow racing,more designs,Cloudinary,Clear
2507,Car 83W,more designs,Cloudinary,Clear
2508,Car Baldwin Fox,more designs,Cloudinary,Clear
2509,Set car racing,more designs,Cloudinary,Clear
2522,sea horse,more designs,Cloudinary,Clear
2523,lobster,more designs,Cloudinary,Clear
2524,sea turtle,more designs,Cloudinary,Clear
2525,jelly fish,more designs,Cloudinary,Clear
2526,crab 2,more designs,Cloudinary,Clear
2527,mahi fish,more designs,Cloudinary,Clear
2528,crab 1,more designs,Cloudinary,Clear
2529,star fish,more designs,Cloudinary,Clear
2530,snow depth gauge 9,more designs,Cloudinary,Clear
2531,snow depth gauge 8,more designs,Cloudinary,Clear
2532,snow depth gauge 20,more designs,Cloudinary,Clear
2533,snow depth gauge 18,more designs,Cloudinary,Clear
2534,snow depth gauge 19,more designs,Cloudinary,Clear
2535,snow depth gauge 17,more designs,Cloudinary,Clear
2536,snow depth gauge 16,more designs,Cloudinary,Clear
2537,snow depth gauge 14,more designs,Cloudinary,Clear
2538,snow depth gauge 15,more designs,Cloudinary,Clear
2539,snow depth gauge 11,more designs,Cloudinary,Clear
2540,snow depth gauge 10,more designs,Cloudinary,Clear
2541,snow depth gauge 12,more designs,Cloudinary,Clear
2542,snow depth gauge 13,more designs,Cloudinary,Clear
2543,snow depth gauge 3,more designs,Cloudinary,Clear
2544,snow depth gauge 2,more designs,Cloudinary,Clear
2545,snow depth gauge 1,more designs,Cloudinary,Clear
2546,snow depth gauge 5,more designs,Cloudinary,Clear
2547,snow depth gauge 4,more designs,Cloudinary,Clear
2548,snow depth gauge 6,more designs,Cloudinary,Clear
2549,snow depth gauge 7,more designs,Cloudinary,Clear
2550,SNOWBOARDING 9,more designs,Cloudinary,Clear
2551,SNOWBOARDING 8,more designs,Cloudinary,Clear
2552,SNOWBOARDING 10,more designs,Cloudinary,Clear
2553,SNOWBOARDING 11,more designs,Cloudinary,Clear
2554,SNOWBOARDING 1,more designs,Cloudinary,Clear
2555,SNOWBOARDING 3,more designs,Cloudinary,Clear
2556,SNOWBOARDING 2,more designs,Cloudinary,Clear
2557,SNOWBOARDING 6,more designs,Cloudinary,Clear
2558,SNOWBOARDING 7,more designs,Cloudinary,Clear
2559,SNOWBOARDING 5,more designs,Cloudinary,Clear
2560,SNOWBOARDING 4,more designs,Cloudinary,Clear
2561,Soldier 4,more designs,Cloudinary,Clear
2562,Soldier 5,more designs,Cloudinary,Clear
2563,Soldier 7,more designs,Cloudinary,Clear
2564,Soldier 6,more designs,Cloudinary,Clear
2565,Soldier 2,more designs,Cloudinary,Clear
2566,Soldier 3,more designs,Cloudinary,Clear
2567,Soldier 1,more designs,Cloudinary,Clear
2568,Soldier 8,more designs,Cloudinary,Clear
2569,welcome to our tropical oasis,more designs,Cloudinary,Clear
2570,underwater sea life panel,more designs,Cloudinary,Clear
2571,pineapple welcome sign,more designs,Cloudinary,Clear
2572,it_s 5 o_clock somewhere,more designs,Cloudinary,Clear
2573,welcome tropical flower,more designs,Cloudinary,Clear
2574,starfish,more designs,Cloudinary,Clear
2575,sailing island large scene,more designs,Cloudinary,Clear
2576,surfing shark,more designs,Cloudinary,Clear
2577,don_t worry beach happy,more designs,Cloudinary,Clear
2578,surfing usa,more designs,Cloudinary,Clear
2579,backyard oasis,more designs,Cloudinary,Clear
2580,vw surfing,more designs,Cloudinary,Clear
2581,welcome summer monogram,more designs,Cloudinary,Clear
2582,flip flop parking,more designs,Cloudinary,Clear
2583,welcome sunset monogram,more designs,Cloudinary,Clear
2584,turtle tribal,more designs,Cloudinary,Clear
2585,palm tree backyard oasis,more designs,Cloudinary,Clear
2586,welcome sunset monogram blank,more designs,Cloudinary,Clear
2587,turtle island,more designs,Cloudinary,Clear
2588,flip flop 2 parking,more designs,Cloudinary,Clear
2589,welcome sign pinapple,more designs,Cloudinary,Clear
2590,jellyfish panel,more designs,Cloudinary,Clear
2591,welcome to our paradise,more designs,Cloudinary,Clear
2592,welcome poolside oasis,more designs,Cloudinary,Clear
2593,van surfing welcome,more designs,Cloudinary,Clear
2594,surfing monogram,more designs,Cloudinary,Clear
2595,tiki mask palm trees,more designs,Cloudinary,Clear
2596,surfing wave monogram,more designs,Cloudinary,Clear
2597,flamingo monogram,more designs,Cloudinary,Clear
2598,vintage car palm trees monogram,more designs,Cloudinary,Clear
2599,cocktail palm trees monogram,more designs,Cloudinary,Clear
2600,dolphines monogram,more designs,Cloudinary,Clear
2601,surfing van monogram,more designs,Cloudinary,Clear
2602,sunset monogram,more designs,Cloudinary,Clear
2603,tiki mask 3 30 inches,more designs,Cloudinary,Clear
2604,aloha,more designs,Cloudinary,Clear
2605,tiki mask 2,more designs,Cloudinary,Clear
2606,welcome tiki surfing,more designs,Cloudinary,Clear
2607,tiki surfing board monogram,more designs,Cloudinary,Clear
2608,tiki bar 1,more designs,Cloudinary,Clear
2609,tiki bar 2,more designs,Cloudinary,Clear
2610,tiki surfer 1,more designs,Cloudinary,Clear
2611,tiki surfer 2,more designs,Cloudinary,Clear
2612,tiki surfing board,more designs,Cloudinary,Clear
2613,aloha surf van,more designs,Cloudinary,Clear
2614,aloha tiki surfer,more designs,Cloudinary,Clear
2615,tractor farm 6,more designs,Cloudinary,Clear
2616,tractor farm 1,more designs,Cloudinary,Clear
2617,Spartan Warrior 2,more designs,Cloudinary,Clear
2618,Motor Home 2 name plaque,more designs,Cloudinary,Clear
2619,Spartan Warrior,more designs,Cloudinary,Clear
2620,Eagle,more designs,Cloudinary,Clear
2621,Stick welder,more designs,Cloudinary,Clear
2622,Hat Rack,more designs,Cloudinary,Clear
2623,tig welder,more designs,Cloudinary,Clear
2624,Welder skull,more designs,Cloudinary,Clear
2625,Spartan Mask Molon Labe,more designs,Cloudinary,Clear
2626,Molon Labe Spartan mask and swords,more designs,Cloudinary,Clear
2627,skull welder,more designs,Cloudinary,Clear
2628,valentine_s day 4,more designs,Cloudinary,Clear
2629,valentine_s day 23,more designs,Cloudinary,Clear
2630,valentine_s day 22,more designs,Cloudinary,Clear
2631,valentine_s day 5,more designs,Cloudinary,Clear
2632,valentine_s day 7,more designs,Cloudinary,Clear
2633,valentine_s day 20,more designs,Cloudinary,Clear
2634,valentine_s day 21,more designs,Cloudinary,Clear
2635,valentine_s day 6,more designs,Cloudinary,Clear
2636,valentine_s day 2,more designs,Cloudinary,Clear
2637,valentine_s day 19,more designs,Cloudinary,Clear
2638,valentine_s day 25,more designs,Cloudinary,Clear
2639,valentine_s day 24,more designs,Cloudinary,Clear
2640,valentine_s day 18,more designs,Cloudinary,Clear
2641,valentine_s day 3,more designs,Cloudinary,Clear
2642,valentine_s day 1,more designs,Cloudinary,Clear
2643,valentine_s day 16,more designs,Cloudinary,Clear
2644,valentine_s day 17,more designs,Cloudinary,Clear
2645,valentine_s day 15,more designs,Cloudinary,Clear
2646,valentine_s day 14,more designs,Cloudinary,Clear
2647,valentine_s day 10,more designs,Cloudinary,Clear
2648,valentine_s day 11,more designs,Cloudinary,Clear
2649,valentine_s day 8,more designs,Cloudinary,Clear
2650,valentine_s day 13,more designs,Cloudinary,Clear
2651,valentine_s day 12,more designs,Cloudinary,Clear
2652,valentine_s day 9,more designs,Cloudinary,Clear
2653,asparagus,more designs,Cloudinary,Clear
2654,greens,more designs,Cloudinary,Clear
2655,squash3,more designs,Cloudinary,Clear
2656,squash2,more designs,Cloudinary,Clear
2657,tomato,more designs,Cloudinary,Clear
2658,arugula,more designs,Cloudinary,Clear
2659,peas4,more designs,Cloudinary,Clear
2660,onion,more designs,Cloudinary,Clear
2661,artichoke,more designs,Cloudinary,Clear
2662,red_mangold,more designs,Cloudinary,Clear
2663,bell_pepper,more designs,Cloudinary,Clear
2664,beans,more designs,Cloudinary,Clear
2665,celery,more designs,Cloudinary,Clear
2666,zuchini,more designs,Cloudinary,Clear
2667,carrot,more designs,Cloudinary,Clear
2668,peas2,more designs,Cloudinary,Clear
2669,peas3,more designs,Cloudinary,Clear
2670,tomato_plant,more designs,Cloudinary,Clear
2671,eggplant2,more designs,Cloudinary,Clear
2672,spinach2,more designs,Cloudinary,Clear
2673,asparagus2,more designs,Cloudinary,Clear
2674,squash,more designs,Cloudinary,Clear
2675,oak_lettuce,more designs,Cloudinary,Clear
2676,rhoubarb,more designs,Cloudinary,Clear
2677,snap_beans,more designs,Cloudinary,Clear
2678,cauliflower,more designs,Cloudinary,Clear
2679,zuchini3,more designs,Cloudinary,Clear
2680,zuchini2,more designs,Cloudinary,Clear
2681,onions,more designs,Cloudinary,Clear
2682,onion2,more designs,Cloudinary,Clear
2683,kale,more designs,Cloudinary,Clear
2684,purple_beet,more designs,Cloudinary,Clear
2685,mushroom,more designs,Cloudinary,Clear
2686,carrot2,more designs,Cloudinary,Clear
2687,fruit_banana,more designs,Cloudinary,Clear
2688,broccoli,more designs,Cloudinary,Clear
2689,turnip,more designs,Cloudinary,Clear
2690,cucumber2,more designs,Cloudinary,Clear
2691,bell_pepper2,more designs,Cloudinary,Clear
2692,bell_peppers,more designs,Cloudinary,Clear
2693,tomato3,more designs,Cloudinary,Clear
2694,okra,more designs,Cloudinary,Clear
2695,tomato2,more designs,Cloudinary,Clear
2696,lettuce,more designs,Cloudinary,Clear
2697,cabbage,more designs,Cloudinary,Clear
2698,peppers,more designs,Cloudinary,Clear
2699,strawberry,more designs,Cloudinary,Clear
2700,eggplant,more designs,Cloudinary,Clear
2701,spinach,more designs,Cloudinary,Clear
2702,red_leaf_lettuce,more designs,Cloudinary,Clear
2703,cucumber,more designs,Cloudinary,Clear
2704,tomato4,more designs,Cloudinary,Clear
2705,strawberry2,more designs,Cloudinary,Clear
2706,green_leaf_lettuce,more designs,Cloudinary,Clear
2707,fruit_pineapple,more designs,Cloudinary,Clear
2708,romaine_lettuce,more designs,Cloudinary,Clear
2709,romaine_lettuce2,more designs,Cloudinary,Clear
2710,peas,more designs,Cloudinary,Clear
2711,pepper_plant,more designs,Cloudinary,Clear
2712,pepper_stem,more designs,Cloudinary,Clear
2713,dinosaur_kale,more designs,Cloudinary,Clear
2714,mizuna,more designs,Cloudinary,Clear
2715,arugula2,more designs,Cloudinary,Clear
2716,watermelon2,more designs,Cloudinary,Clear
2717,cabbage3,more designs,Cloudinary,Clear
2718,turnip2,more designs,Cloudinary,Clear
2719,watermelon,more designs,Cloudinary,Clear
2720,cabbage2,more designs,Cloudinary,Clear
2721,vintage car garage sign 3,more designs,Cloudinary,Clear
2722,vintage car garage sign 2,more designs,Cloudinary,Clear
2723,vintage car garage sign 1,more designs,Cloudinary,Clear
2724,vintage car garage sign 5,more designs,Cloudinary,Clear
2725,vintage car garage sign 4,more designs,Cloudinary,Clear
2726,vintage car garage sign 6,more designs,Cloudinary,Clear
2727,vintage car garage sign 7,more designs,Cloudinary,Clear
2728,vintage car garage sign 8,more designs,Cloudinary,Clear
2729,Fishing,more designs,Cloudinary,Clear
2730,Halloween,more designs,Cloudinary,Clear
2731,Elk,more designs,Cloudinary,Clear
2732,Off-road,more designs,Cloudinary,Clear
2733,Cowboy,more designs,Cloudinary,Clear
2734,Farm,more designs,Cloudinary,Clear
2735,Butterflies,more designs,Cloudinary,Clear
2736,Horse,more designs,Cloudinary,Clear
2737,Dog,more designs,Cloudinary,Clear
2738,Bear,more designs,Cloudinary,Clear
2739,Ballerina,more designs,Cloudinary,Clear
2740,Wedding,more designs,Cloudinary,Clear
2741,Peeking pets,more designs,Cloudinary,Clear
2742,Basketball,more designs,Cloudinary,Clear
2743,Affiliated,more designs,Cloudinary,Clear
2744,Mac toll hanger Rev,more designs,Cloudinary,Clear
2745,Hanger Freightliner,more designs,Cloudinary,Clear
2747,ManElectric,more designs,Cloudinary,Clear
2748,Snowmobile Hanger,more designs,Cloudinary,Clear
2749,Tree of Life Holder,more designs,Cloudinary,Clear
2751,Elk Welcome Key Holder,more designs,Cloudinary,Clear
2753,Antler Key Holder,more designs,Cloudinary,Clear
2754,Articat Hanger 3,more designs,Cloudinary,Clear
2755,Animal Key Holder,more designs,Cloudinary,Clear
2756,Hanger ShoeHorse Blaze,more designs,Cloudinary,Clear
2758,Key holder Cowboy,more designs,Cloudinary,Clear
2759,Hanger Jets,more designs,Cloudinary,Clear
2761,Wall Key Hanger ATV,more designs,Cloudinary,Clear
2762,Articat Hanger 2,more designs,Cloudinary,Clear
2763,Articat Hanger 1,more designs,Cloudinary,Clear
2764,Hanger Fish,more designs,Cloudinary,Clear
2765,Trans Am,more designs,Cloudinary,Clear
2767,Helcat Hood Props,more designs,Cloudinary,Clear
2768,Portamedallas 2,more designs,Cloudinary,Clear
2769,Portamedallas 3,more designs,Cloudinary,Clear
2770,Hanger Skull 2,more designs,Cloudinary,Clear
2771,Mac toll hanger,more designs,Cloudinary,Clear
2772,WallHanger Car 009,more designs,Cloudinary,Clear
2773,Portamedallas 4,more designs,Cloudinary,Clear
2774,WallHanger Car 008,more designs,Cloudinary,Clear
2775,Ribon Holder Racing,more designs,Cloudinary,Clear
2778,Car Chevelle,more designs,Cloudinary,Clear
2779,Toll 01 Key Holder,more designs,Cloudinary,Clear
2780,Wolves Mountain Key Holders,more designs,Cloudinary,Clear
2781,WallHanger Car 011,more designs,Cloudinary,Clear
2782,WallHanger Car 005,more designs,Cloudinary,Clear
2783,Hanger Kenworth,more designs,Cloudinary,Clear
2784,WallHanger Car 004,more designs,Cloudinary,Clear
2785,WallHanger Car 010,more designs,Cloudinary,Clear
2786,Elk _ Deer Key Holder,more designs,Cloudinary,Clear
2787,Couple love deer,more designs,Cloudinary,Clear
2788,16 in tree of life jewerly holder rev 2,more designs,Cloudinary,Clear
2789,Hanger Case IH,more designs,Cloudinary,Clear
2791,Deer Scene Wall Hanger,more designs,Cloudinary,Clear
2792,Hunter Hooks 6 Holders,more designs,Cloudinary,Clear
2793,WallHanger Car 006,more designs,Cloudinary,Clear
2794,WallHanger Car 012,more designs,Cloudinary,Clear
2795,WallHanger Car 013,more designs,Cloudinary,Clear
2796,WallHanger Car 007,more designs,Cloudinary,Clear
2797,Elk Deer Scener Hander,more designs,Cloudinary,Clear
2798,wrestling medal holders,more designs,Cloudinary,Clear
2799,WallHanger Car 003,more designs,Cloudinary,Clear
2800,WallHanger Car 002,more designs,Cloudinary,Clear
2803,Wallhanger key CarBroncoFord,more designs,Cloudinary,Clear
2805,WallHanger Car 014,more designs,Cloudinary,Clear
2806,WallHanger Car 001,more designs,Cloudinary,Clear
2807,WallHanger Car 015,more designs,Cloudinary,Clear
2808,Deer wall hanger,more designs,Cloudinary,Clear
2809,Portamedallas,more designs,Cloudinary,Clear
2810,Horse Key Holder,more designs,Cloudinary,Clear
2811,hanger,more designs,Cloudinary,Clear
2812,Hood Props Pattern,more designs,Cloudinary,Clear
2813,Hook Hanger Key,more designs,Cloudinary,Clear
2815,Deer Tree,more designs,Cloudinary,Clear
2816,The Duck,more designs,Cloudinary,Clear
2817,Gun 01 Key Holder,more designs,Cloudinary,Clear
2818,Hockey Key Holder,more designs,Cloudinary,Clear
2820,Happy Easter,more designs,Cloudinary,Clear
2821,welcome sign campfire,more designs,Cloudinary,Clear
2822,welcome sign eagle,more designs,Cloudinary,Clear
2823,welcome sign hunting dog,more designs,Cloudinary,Clear
2824,welcome sign highland cow,more designs,Cloudinary,Clear
2825,welcome sign horses,more designs,Cloudinary,Clear
2826,welcome sign duck,more designs,Cloudinary,Clear
2827,welcome sign elk,more designs,Cloudinary,Clear
2828,welcome sign deer,more designs,Cloudinary,Clear
2829,welcome sign bear,more designs,Cloudinary,Clear
2830,welcome sign buffalo,more designs,Cloudinary,Clear
2831,welcome sign wolf,more designs,Cloudinary,Clear
2832,welcome sign cowboys,more designs,Cloudinary,Clear
2833,12 point buck spinner,more designs,Cloudinary,Clear
2835,66 GTO spinner,more designs,Cloudinary,Clear
2836,Alabama Spinner,more designs,Cloudinary,Clear
2838,anchor,more designs,Cloudinary,Clear
2839,angel spinner,more designs,Cloudinary,Clear
2840,angel wings 1 spinner,more designs,Cloudinary,Clear
2841,angel wings halo spinner,more designs,Cloudinary,Clear
2844,AU spinner,more designs,Cloudinary,Clear
2845,aubrun,more designs,Cloudinary,Clear
2846,autism,more designs,Cloudinary,Clear
2848,bangels spinner,more designs,Cloudinary,Clear
2849,Banner elk spinner,more designs,Cloudinary,Clear
2850,barrel racer,more designs,Cloudinary,Clear
2851,bass spinner,more designs,Cloudinary,Clear
2853,beach sunset spinner,more designs,Cloudinary,Clear
2854,beach waves spinner,more designs,Cloudinary,Clear
2855,blank decagon,more designs,Cloudinary,Clear
2856,blank oval,more designs,Cloudinary,Clear
2857,blank spinner,more designs,Cloudinary,Clear
2858,blank swirvy lines spinner,more designs,Cloudinary,Clear
2859,boat lake life,more designs,Cloudinary,Clear
2860,boating couple,more designs,Cloudinary,Clear
2862,bronco rider,more designs,Cloudinary,Clear
2864,browing,more designs,Cloudinary,Clear
2865,browning,more designs,Cloudinary,Clear
2868,budlight,more designs,Cloudinary,Clear
2869,buffalo bill spinner,more designs,Cloudinary,Clear
2870,bull rider,more designs,Cloudinary,Clear
2871,BUSCH LIGHT,more designs,Cloudinary,Clear
2872,busch,more designs,Cloudinary,Clear
2873,butterfly 1,more designs,Cloudinary,Clear
2874,butterfly,more designs,Cloudinary,Clear
2875,cancer ribbon spinner,more designs,Cloudinary,Clear
2876,cardinal,more designs,Cloudinary,Clear
2877,cardinal_ bat spinner,more designs,Cloudinary,Clear
2878,carolina spinner,more designs,Cloudinary,Clear
2879,cat pawing spinner,more designs,Cloudinary,Clear
2881,charger spinner,more designs,Cloudinary,Clear
2885,clemson,more designs,Cloudinary,Clear
2887,coors light spinner,more designs,Cloudinary,Clear
2888,cow spinner,more designs,Cloudinary,Clear
2889,crab spinner,more designs,Cloudinary,Clear
2890,creighton bluejays spinner,more designs,Cloudinary,Clear
2891,cruiser boat,more designs,Cloudinary,Clear
2893,curled tulip spinner,more designs,Cloudinary,Clear
2896,dirt bike wheelie spinner,more designs,Cloudinary,Clear
2898,dove with twig spinner,more designs,Cloudinary,Clear
2899,dragonfly spinner,more designs,Cloudinary,Clear
2900,duck spinner,more designs,Cloudinary,Clear
2901,Duke spinner,more designs,Cloudinary,Clear
2903,fairy star spinner,more designs,Cloudinary,Clear
2905,firebird spinner,more designs,Cloudinary,Clear
2906,flower spinner 1,more designs,Cloudinary,Clear
2907,flower spinner 2,more designs,Cloudinary,Clear
2908,flur spinner,more designs,Cloudinary,Clear
2909,frog,more designs,Cloudinary,Clear
2910,Games of Thrones,more designs,Cloudinary,Clear
2911,gb grasshoppers,more designs,Cloudinary,Clear
2912,Georgia,more designs,Cloudinary,Clear
2913,german shepherd spinner,more designs,Cloudinary,Clear
2916,HD spinner,more designs,Cloudinary,Clear
2917,hearts spinner,more designs,Cloudinary,Clear
2918,honey bee spinner,more designs,Cloudinary,Clear
2919,humming bird spinnrer,more designs,Cloudinary,Clear
2920,hummingbird spinner dxf,more designs,Cloudinary,Clear
2921,IH spinner,more designs,Cloudinary,Clear
2922,Iowa Haawkeyes spinner,more designs,Cloudinary,Clear
2923,jaguar spinner,more designs,Cloudinary,Clear
2924,Jameson Whiskey,more designs,Cloudinary,Clear
2925,JD spinner,more designs,Cloudinary,Clear
2926,jets spinner,more designs,Cloudinary,Clear
2927,Jim Beam Spinner,more designs,Cloudinary,Clear
2929,KC spinner,more designs,Cloudinary,Clear
2930,kneeling cowboy with cow spinner,more designs,Cloudinary,Clear
2931,Lab Wind Spinner,more designs,Cloudinary,Clear
2932,love birds spinner,more designs,Cloudinary,Clear
2933,LSU,more designs,Cloudinary,Clear
2934,mermaid spinner,more designs,Cloudinary,Clear
2935,Michelob Ultra,more designs,Cloudinary,Clear
2937,Miller Lite spinner,more designs,Cloudinary,Clear
2938,mommy spinner,more designs,Cloudinary,Clear
2939,MSU spinner,more designs,Cloudinary,Clear
2940,MU spinner,more designs,Cloudinary,Clear
2941,mud flap chic,more designs,Cloudinary,Clear
2942,mustang cobra spinner,more designs,Cloudinary,Clear
2943,mustang football,more designs,Cloudinary,Clear
2944,mustang pony spinner,more designs,Cloudinary,Clear
2945,natural light spinner,more designs,Cloudinary,Clear
2946,NC state spinner,more designs,Cloudinary,Clear
2947,nebraska cornhusker spinner,more designs,Cloudinary,Clear
2948,Nip Hawks,more designs,Cloudinary,Clear
2951,OHIO STATE spinner,more designs,Cloudinary,Clear
2953,owl,more designs,Cloudinary,Clear
2954,pabst blue ribbon spinner,more designs,Cloudinary,Clear
2956,peace sign,more designs,Cloudinary,Clear
2957,peace,more designs,Cloudinary,Clear
2958,penn state spinner,more designs,Cloudinary,Clear
2960,pig spinner,more designs,Cloudinary,Clear
2961,pot,more designs,Cloudinary,Clear
2962,praying hands spinner,more designs,Cloudinary,Clear
2967,redskins spinner,more designs,Cloudinary,Clear
2968,rounded cross spinner,more designs,Cloudinary,Clear
2970,sailboat,more designs,Cloudinary,Clear
2972,sascachewan roughriders,more designs,Cloudinary,Clear
2973,SEA TURTL NEW DXF,more designs,Cloudinary,Clear
2974,seahorse spinner,more designs,Cloudinary,Clear
2976,sparrows spinner,more designs,Cloudinary,Clear
2977,spyder trike spinner,more designs,Cloudinary,Clear
2978,stag beer spinner,more designs,Cloudinary,Clear
2979,stag spinner 2,more designs,Cloudinary,Clear
2980,standing horse spinner,more designs,Cloudinary,Clear
2981,star spinner,more designs,Cloudinary,Clear
2984,STL skyline spinner,more designs,Cloudinary,Clear
2985,STL wind spinner,more designs,Cloudinary,Clear
2986,sugar Mnt bear spinner,more designs,Cloudinary,Clear
2987,sun and moon wind spinner,more designs,Cloudinary,Clear
2988,swirly tree spinner,more designs,Cloudinary,Clear
2990,Tenn Vols,more designs,Cloudinary,Clear
2991,TENNESSEE VOLS,more designs,Cloudinary,Clear
2992,texan spinner,more designs,Cloudinary,Clear
2993,Texas A_M spinner,more designs,Cloudinary,Clear
2994,Texas outline spinner,more designs,Cloudinary,Clear
2995,Texas Ranger spinner,more designs,Cloudinary,Clear
2997,tropical spinner,more designs,Cloudinary,Clear
2998,tubing wind spinner,more designs,Cloudinary,Clear
2999,twister,more designs,Cloudinary,Clear
3000,UNC spinner,more designs,Cloudinary,Clear
3002,violin spinner,more designs,Cloudinary,Clear
3003,Virginia Tech spinner,more designs,Cloudinary,Clear
3004,Weiner Dog Spinner,more designs,Cloudinary,Clear
3005,wine wind spinner,more designs,Cloudinary,Clear
3006,wings and heart spinner,more designs,Cloudinary,Clear
3008,woman butterfly,more designs,Cloudinary,Clear
3010,Yoda spinner,more designs,Cloudinary,Clear
3011,yukon millers spinner,more designs,Cloudinary,Clear
3012,ANIMALS SCENE 4,more designs,Cloudinary,Clear
3013,ANIMALS SCENE 5,more designs,Cloudinary,Clear
3014,ANIMALS SCENE 7,more designs,Cloudinary,Clear
3015,ANIMALS SCENE 6,more designs,Cloudinary,Clear
3016,ANIMALS SCENE 2,more designs,Cloudinary,Clear
3017,ANIMALS SCENE 3,more designs,Cloudinary,Clear
3018,ANIMALS SCENE 1,more designs,Cloudinary,Clear
3019,ANIMALS SCENE 8,more designs,Cloudinary,Clear
3020,wolf 5,more designs,Cloudinary,Clear
3021,wolf 4,more designs,Cloudinary,Clear
3022,wolf 6,more designs,Cloudinary,Clear
3023,wolf 7,more designs,Cloudinary,Clear
3024,wolf 3,more designs,Cloudinary,Clear
3025,wolf 2,more designs,Cloudinary,Clear
3026,wolf 1,more designs,Cloudinary,Clear
3027,wolf 13,more designs,Cloudinary,Clear
3028,wolf 12,more designs,Cloudinary,Clear
3029,wolf 10,more designs,Cloudinary,Clear
3030,wolf 11,more designs,Cloudinary,Clear
3031,wolf 9,more designs,Cloudinary,Clear
3032,wolf 8,more designs,Cloudinary,Clear
3033,Hanging_Bracket_11_Quail_Pair,more designs,Cloudinary,Clear
3034,Hanging_Bracket_12_Duck_Family,more designs,Cloudinary,Clear
3035,Hanging_Bracket_13_Witch_and_Cat,more designs,Cloudinary,Clear
3036,Hanging_Bracket_14_Dog_and_Cat,more designs,Cloudinary,Clear
3037,Hanging_Bracket_15_Pheasant,more designs,Cloudinary,Clear
3038,Hanging_Bracket_16_Turkey_and_Bird,more designs,Cloudinary,Clear
3039,Hanging_Bracket_17_Flying_Duck,more designs,Cloudinary,Clear
3040,Hanging_Bracket_18_Hunter_and_Dog,more designs,Cloudinary,Clear
3041,Hanging_Bracket_19_Bees,more designs,Cloudinary,Clear
3042,Hanging_Bracket_20_Witch_Pumpkin_and_Cat,more designs,Cloudinary,Clear
3043,Hanging_Bracket_21_Sitting_Dog,more designs,Cloudinary,Clear
3044,Hanging_Bracket_22_Standing_Dog,more designs,Cloudinary,Clear
3045,Hanging_Bracket_23_Deer_and_Trees,more designs,Cloudinary,Clear
3046,Hanging_Bracket_24_Dog_in_Reeds,more designs,Cloudinary,Clear
3047,Hanging_Bracket_25_Hunter_Compass,more designs,Cloudinary,Clear
3048,Hanging_Bracket_26_Bigfoot,more designs,Cloudinary,Clear
3049,Hanging_Bracket_27_Toucan,more designs,Cloudinary,Clear
3050,Hanging_Bracket_28_Butterflies,more designs,Cloudinary,Clear
3051,Hanging_Bracket_29_Long_Haired_Dog,more designs,Cloudinary,Clear
3052,Hanging_Bracket_30_German_Shepherd,more designs,Cloudinary,Clear
3053,Hanging_Bracket_31_Dachshund,more designs,Cloudinary,Clear
3054,Hanging_Bracket_32_Anchor_and_Rope,more designs,Cloudinary,Clear
3055,Hanging_Bracket_33_Bear_and_Pine_Tree,more designs,Cloudinary,Clear
3056,Hanging_Bracket_34_Birds_on_Ornate_Branch,more designs,Cloudinary,Clear
3057,Hanging_Bracket_35_Cat_Raised_Paw,more designs,Cloudinary,Clear
3058,Hanging_Bracket_36_Squirrel_and_Leaves,more designs,Cloudinary,Clear
3059,Hanging_Bracket_37_Two_Birds_on_Branch,more designs,Cloudinary,Clear
3060,Hanging_Bracket_38_Woodpecker,more designs,Cloudinary,Clear
3061,Hanging_Bracket_39_Small_Bird_on_Branch,more designs,Cloudinary,Clear
3062,Hanging_Bracket_40_Fish_and_Hooks,more designs,Cloudinary,Clear
3063,Hanging_Bracket_01_Squirrel,more designs,Cloudinary,Clear
3064,Hanging_Bracket_02_Owl,more designs,Cloudinary,Clear
3065,Hanging_Bracket_03_Bear,more designs,Cloudinary,Clear
3066,Hanging_Bracket_04_Eagle,more designs,Cloudinary,Clear
3067,Hanging_Bracket_05_Thistle,more designs,Cloudinary,Clear
3068,Hanging_Bracket_06_Skunk,more designs,Cloudinary,Clear
3069,Hanging_Bracket_07_Dog,more designs,Cloudinary,Clear
3070,Hanging_Bracket_08_Hen_and_Chicks,more designs,Cloudinary,Clear
3071,Hanging_Bracket_09_Rooster,more designs,Cloudinary,Clear
3072,Hanging_Bracket_10_Heron,more designs,Cloudinary,Clear
